time_s,label,x,y,v,yaw,cte,ref_x,ref_y,ref_v,yaw_diff
0.1697,LMPC,0.0,0.0,0.0,0.0,0.0,0.0,0.0,3.7313,0.0
0.1813,LMPC,0.0,0.0,0.0,0.0,0.0,0.0,0.0,3.7313,0.0
0.1918,LMPC,0.0,0.0,0.0,0.0,0.0,0.0,0.0,3.7313,0.0
0.2014,LMPC,0.0,0.0,0.0,0.0,0.0,0.0,0.0,3.7313,0.0
0.2079,LMPC,0.0,0.0,0.0,0.0,0.0,0.0,0.0,3.7313,0.0
0.2138,LMPC,0.0,0.0,0.0,0.0,0.0,0.0,0.0,3.7313,0.0
0.2193,LMPC,0.0,0.0,0.0,0.0,0.0,0.0,0.0,3.7313,0.0
0.2246,LMPC,0.0,0.0,0.0,0.0,0.0,0.0,0.0,3.7313,0.0
0.2296,LMPC,0.0002,0.0,0.0326,0.0,0.0,0.0,0.0,3.7313,0.0
0.2348,LMPC,0.0002,0.0,0.0326,0.0,0.0,0.0,0.0,3.7313,0.0
0.2398,LMPC,0.001,0.0,0.1277,0.0,0.0,0.0,0.0,3.7313,0.0
0.2446,LMPC,0.001,0.0,0.1277,0.0,0.0,0.0,0.0,3.7313,0.0
0.2491,LMPC,0.0027,0.0,0.2228,0.0,0.0,0.0,0.0,3.7313,0.0
0.2537,LMPC,0.0027,0.0,0.2228,0.0,0.0,0.0,0.0,3.7313,0.0
0.258,LMPC,0.0054,0.0,0.3179,0.0,0.0,0.0,0.0,3.7313,0.0
0.2623,LMPC,0.0054,0.0,0.3179,0.0,0.0,0.0,0.0,3.7313,0.0
0.2666,LMPC,0.0054,0.0,0.3179,0.0,0.0,0.0,0.0,3.7313,0.0
0.2711,LMPC,0.0091,0.0,0.413,0.0,0.0,0.0,0.0,3.7313,0.0
0.2754,LMPC,0.0091,0.0,0.413,0.0,0.0,0.0,0.0,3.7313,0.0
0.2795,LMPC,0.0137,0.0,0.5081,0.0,0.0,0.0,0.0,3.7313,0.0
0.2837,LMPC,0.0137,0.0,0.5081,0.0,0.0,0.0,0.0,3.7313,0.0
0.288,LMPC,0.0137,0.0,0.5081,0.0,0.0,0.0,0.0,3.7313,0.0
0.2921,LMPC,0.0192,0.0,0.6032,0.0,0.0,0.03,0.0,3.7517,0.0
0.2962,LMPC,0.0192,0.0,0.6032,0.0,0.0,0.03,0.0,3.7517,0.0
0.3003,LMPC,0.0257,0.0,0.6983,0.0,0.0,0.03,0.0,3.7517,0.0
0.3047,LMPC,0.0257,0.0,0.6983,0.0,0.0,0.03,0.0,3.7517,0.0
0.3092,LMPC,0.0332,0.0,0.7934,0.0,0.0,0.03,0.0,3.7517,0.0
0.3136,LMPC,0.0332,0.0,0.7934,0.0,0.0,0.03,0.0,3.7517,0.0
0.3179,LMPC,0.0416,0.0,0.8885,0.0,0.0,0.03,0.0,3.7517,0.0
0.3241,LMPC,0.0416,0.0,0.8885,0.0,0.0,0.03,0.0,3.7517,0.0
0.3288,LMPC,0.051,0.0,0.9836,0.0,0.0,0.06,0.0,3.7756,0.0
0.3325,LMPC,0.051,0.0,0.9836,0.0,0.0,0.06,0.0,3.7756,0.0
0.3362,LMPC,0.0613,0.0,1.0787,0.0,0.0,0.06,0.0,3.7756,0.0
0.3403,LMPC,0.0613,0.0,1.0787,0.0,0.0,0.06,0.0,3.7756,0.0
0.3465,LMPC,0.0613,0.0,1.0787,0.0,0.0,0.06,0.0,3.7756,0.0
0.3571,LMPC,0.0848,0.0,1.2689,0.0,0.0,0.09,0.0,3.7994,0.0
0.3612,LMPC,0.0848,0.0,1.2689,0.0,0.0,0.09,0.0,3.7994,0.0
0.3651,LMPC,0.0848,0.0,1.2689,0.0,0.0,0.09,0.0,3.7994,0.0
0.3689,LMPC,0.0979,0.0,1.364,0.0,0.0,0.09,0.0,3.7994,0.0
0.3728,LMPC,0.0979,0.0,1.364,0.0,0.0,0.09,0.0,3.7994,0.0
0.3773,LMPC,0.112,0.0,1.4591,0.0,0.0,0.12,0.0,3.823,0.0
0.3813,LMPC,0.112,0.0,1.4591,0.0,0.0,0.12,0.0,3.823,0.0
0.3852,LMPC,0.112,0.0,1.4591,0.0,0.0,0.12,0.0,3.823,0.0
0.3892,LMPC,0.1271,0.0,1.5542,0.0,0.0,0.12,0.0,3.823,0.0
0.3937,LMPC,0.1271,0.0,1.5542,0.0,0.0,0.12,0.0,3.823,0.0
0.3987,LMPC,0.1431,0.0,1.6456,0.0,0.0,0.15,0.0,3.8465,0.0
0.4032,LMPC,0.1431,0.0,1.6456,0.0,0.0,0.15,0.0,3.8465,0.0
0.4077,LMPC,0.1431,0.0,1.6456,0.0,0.0,0.15,0.0,3.8465,0.0
0.4124,LMPC,0.16,0.0,1.7337,0.0,0.0,0.15,0.0,3.8465,0.0
0.4168,LMPC,0.1778,0.0,1.8177,0.0,0.0,0.18,0.0,3.8698,0.0
0.4209,LMPC,0.1778,0.0,1.8177,0.0,0.0,0.18,0.0,3.8698,0.0
0.4251,LMPC,0.1778,0.0,1.8177,0.0,0.0,0.18,0.0,3.8698,0.0
0.4295,LMPC,0.1963,0.0,1.8988,0.0,0.0,0.21,0.0,3.893,0.0
0.4338,LMPC,0.1963,0.0,1.8988,0.0,0.0,0.21,0.0,3.893,0.0
0.4379,LMPC,0.2157,0.0,1.976,0.0,0.0,0.21,0.0,3.893,0.0
0.4426,LMPC,0.2157,0.0,1.976,0.0,0.0,0.21,0.0,3.893,0.0
0.4471,LMPC,0.2157,0.0,1.976,0.0,0.0,0.21,0.0,3.893,0.0
0.4513,LMPC,0.2359,0.0,2.0507,0.0,0.0,0.24,0.0,3.916,0.0
0.4555,LMPC,0.2359,0.0,2.0507,0.0,0.0,0.24,0.0,3.916,0.0
0.4598,LMPC,0.2567,0.0,2.1218,0.0,0.0,0.27,0.0,3.939,0.0
0.4643,LMPC,0.2567,0.0,2.1218,0.0,0.0,0.27,0.0,3.939,0.0
0.4688,LMPC,0.2783,0.0,2.1907,0.0,0.0,0.27,0.0,3.939,0.0
0.4744,LMPC,0.2783,0.0,2.1907,0.0,0.0,0.27,0.0,3.939,0.0
0.4797,LMPC,0.3005,0.0,2.2574,0.0,0.0,0.3,0.0,3.9617,0.0
0.4845,LMPC,0.3005,0.0,2.2574,0.0,0.0,0.3,0.0,3.9617,0.0
0.4889,LMPC,0.3234,0.0,2.3209,0.0,0.0,0.33,0.0,3.9844,0.0
0.4932,LMPC,0.3234,0.0,2.3209,0.0,0.0,0.33,0.0,3.9844,0.0
0.4975,LMPC,0.3469,0.0,2.3824,0.0,0.0,0.36,0.0,4.0069,0.0
0.5019,LMPC,0.3469,0.0,2.3824,0.0,0.0,0.36,0.0,4.0069,0.0
0.5064,LMPC,0.3469,0.0,2.3824,0.0,0.0,0.36,0.0,4.0069,0.0
0.5107,LMPC,0.3711,0.0,2.4422,0.0,0.0,0.36,0.0,4.0069,0.0
0.5151,LMPC,0.3711,0.0,2.4422,0.0,0.0,0.36,0.0,4.0069,0.0
0.5194,LMPC,0.3958,0.0,2.4991,0.0,0.0,0.39,0.0,4.0293,0.0
0.5241,LMPC,0.3958,0.0,2.4991,0.0,0.0,0.39,0.0,4.0293,0.0
0.5323,LMPC,0.421,0.0,2.5544,0.0,0.0,0.42,0.0,4.0516,0.0
0.5374,LMPC,0.4468,0.0,2.6081,0.0,0.0,0.45,0.0,4.0737,0.0
0.5423,LMPC,0.4468,0.0,2.6081,0.0,0.0,0.45,0.0,4.0737,0.0
0.5468,LMPC,0.4468,0.0,2.6081,0.0,0.0,0.45,0.0,4.0737,0.0
0.5582,LMPC,0.5,0.0,2.7101,0.0,0.0,0.51,0.0,4.1177,0.0
0.5623,LMPC,0.5,0.0,2.7101,0.0,0.0,0.51,0.0,4.1177,0.0
0.5666,LMPC,0.5,0.0,2.7101,0.0,0.0,0.51,0.0,4.1177,0.0
0.5709,LMPC,0.5274,0.0,2.7586,0.0,0.0,0.54,0.0,4.1395,0.0
0.5756,LMPC,0.5274,0.0,2.7586,0.0,0.0,0.54,0.0,4.1395,0.0
0.5805,LMPC,0.5552,0.0,2.8058,0.0,0.0,0.57,0.0,4.1612,0.0
0.5852,LMPC,0.5552,0.0,2.8058,0.0,0.0,0.57,0.0,4.1612,0.0
0.5897,LMPC,0.5835,0.0,2.8518,0.0,0.0,0.57,0.0,4.1612,0.0
0.5942,LMPC,0.5835,0.0,2.8518,0.0,0.0,0.57,0.0,4.1612,0.0
0.5989,LMPC,0.6122,0.0,2.8957,0.0,0.0,0.6,0.0,4.1828,0.0
0.6038,LMPC,0.6122,0.0,2.8957,0.0,0.0,0.6,0.0,4.1828,0.0
0.6085,LMPC,0.6122,0.0,2.8957,0.0,0.0,0.6,0.0,4.1828,0.0
0.6133,LMPC,0.6414,0.0,2.9395,0.0,0.0,0.63,0.0,4.2042,0.0
0.6179,LMPC,0.671,0.0,2.9823,0.0,0.0,0.66,0.0,4.2256,0.0
0.6222,LMPC,0.671,0.0,2.9823,0.0,0.0,0.66,0.0,4.2256,0.0
0.6265,LMPC,0.671,0.0,2.9823,0.0,0.0,0.66,0.0,4.2256,0.0
0.6309,LMPC,0.701,0.0,3.0241,0.0,0.0,0.69,0.0,4.2468,0.0
0.6355,LMPC,0.701,0.0,3.0241,0.0,0.0,0.69,0.0,4.2468,0.0
0.6403,LMPC,0.7315,0.0,3.0639,0.0,0.0,0.72,0.0,4.268,0.0
0.6448,LMPC,0.7315,0.0,3.0639,0.0,0.0,0.72,0.0,4.268,0.0
0.6495,LMPC,0.7623,0.0,3.1028,0.0,0.0,0.75,0.0,4.289,0.0
0.6539,LMPC,0.7623,0.0,3.1028,0.0,0.0,0.75,0.0,4.289,0.0
0.6583,LMPC,0.7935,0.0,3.1409,0.0,0.0,0.78,0.0,4.3099,0.0
0.6626,LMPC,0.7935,0.0,3.1409,0.0,0.0,0.78,0.0,4.3099,0.0
0.6671,LMPC,0.7935,0.0,3.1409,0.0,0.0,0.78,0.0,4.3099,0.0
0.6719,LMPC,0.8251,0.0,3.1783,0.0,0.0,0.84,0.0,4.3515,0.0
0.6764,LMPC,0.8251,0.0,3.1783,0.0,0.0,0.84,0.0,4.3515,0.0
0.681,LMPC,0.8571,0.0,3.2148,0.0,0.0,0.87,0.0,4.3721,0.0
0.6856,LMPC,0.8571,0.0,3.2148,0.0,0.0,0.87,0.0,4.3721,0.0
0.6901,LMPC,0.8894,0.0,3.2506,0.0,0.0,0.9,0.0,4.3927,0.0
0.6945,LMPC,0.8894,0.0,3.2506,0.0,0.0,0.9,0.0,4.3927,0.0
0.6991,LMPC,0.9221,0.0,3.2857,0.0,0.0,0.93,0.0,4.4131,0.0
0.7039,LMPC,0.9221,0.0,3.2857,0.0,0.0,0.93,0.0,4.4131,0.0
0.7086,LMPC,0.9221,0.0,3.2857,0.0,0.0,0.93,0.0,4.4131,0.0
0.7129,LMPC,0.9551,0.0,3.3202,0.0,0.0,0.96,0.0,4.4334,0.0
0.7175,LMPC,0.9885,0.0,3.3549,0.0,0.0,0.99,0.0,4.4537,0.0
0.7221,LMPC,0.9885,0.0,3.3549,0.0,0.0,0.99,0.0,4.4537,0.0
0.7264,LMPC,0.9885,0.0,3.3549,0.0,0.0,0.99,0.0,4.4537,0.0
0.7307,LMPC,1.0222,0.0,3.389,0.0,0.0,1.02,0.0,4.4739,0.0
0.7353,LMPC,1.0222,0.0,3.389,0.0,0.0,1.02,0.0,4.4739,0.0
0.7401,LMPC,1.0563,0.0,3.4225,0.0,0.0,1.05,0.0,4.4939,0.0
0.7445,LMPC,1.0563,0.0,3.4225,0.0,0.0,1.05,0.0,4.4939,0.0
0.7487,LMPC,1.0563,0.0,3.4225,0.0,0.0,1.05,0.0,4.4939,0.0
0.7532,LMPC,1.0907,0.0,3.4553,0.0,0.0,1.08,0.0,4.5139,0.0
0.7577,LMPC,1.1254,0.0,3.4876,0.0,0.0,1.14,0.0,4.5536,0.0
0.7695,LMPC,1.1604,0.0,3.5192,0.0,0.0,1.17,0.0,4.5733,0.0
0.774,LMPC,1.1604,0.0,3.5192,0.0,0.0,1.17,0.0,4.5733,0.0
0.7781,LMPC,1.1958,0.0,3.5504,0.0,0.0,1.2,0.0,4.593,0.0
0.7832,LMPC,1.1958,0.0,3.5504,0.0,0.0,1.2,0.0,4.593,0.0
0.7885,LMPC,1.1958,0.0,3.5504,0.0,0.0,1.2,0.0,4.593,0.0
0.7934,LMPC,1.2314,0.0,3.581,0.0,0.0,1.23,0.0,4.6125,0.0
0.798,LMPC,1.2674,0.0,3.6111,0.0,0.0,1.26,0.0,4.632,0.0
0.8028,LMPC,1.2674,0.0,3.6111,0.0,0.0,1.26,0.0,4.632,0.0
0.8075,LMPC,1.2674,0.0,3.6111,0.0,0.0,1.26,0.0,4.632,0.0
0.8118,LMPC,1.3037,0.0,3.6416,0.0,0.0,1.29,0.0,4.6514,0.0
0.816,LMPC,1.3037,0.0,3.6416,0.0,0.0,1.29,0.0,4.6514,0.0
0.8202,LMPC,1.3402,0.0,3.6717,0.0,0.0,1.35,0.0,4.6899,0.0
0.8244,LMPC,1.3402,0.0,3.6717,0.0,0.0,1.35,0.0,4.6899,0.0
0.8289,LMPC,1.3771,0.0,3.7012,0.0,0.0,1.38,0.0,4.7091,0.0
0.8333,LMPC,1.3771,0.0,3.7012,0.0,0.0,1.38,0.0,4.7091,0.0
0.8379,LMPC,1.4142,0.0,3.7303,0.0,0.0,1.41,0.0,4.7281,0.0
0.8427,LMPC,1.4142,0.0,3.7303,0.0,0.0,1.41,0.0,4.7281,0.0
0.848,LMPC,1.4142,0.0,3.7303,0.0,0.0,1.41,0.0,4.7281,0.0
0.8528,LMPC,1.4517,0.0,3.7589,0.0,0.0,1.44,0.0,4.7471,0.0
0.8573,LMPC,1.4894,0.0,3.7871,0.0,0.0,1.5,0.0,4.7849,0.0
0.8619,LMPC,1.4894,0.0,3.7871,0.0,0.0,1.5,0.0,4.7849,0.0
0.8664,LMPC,1.4894,0.0,3.7871,0.0,0.0,1.5,0.0,4.7849,0.0
0.8709,LMPC,1.5274,0.0,3.8157,0.0,0.0,1.53,0.0,4.8037,0.0
0.8755,LMPC,1.5274,0.0,3.8157,0.0,0.0,1.53,0.0,4.8037,0.0
0.8802,LMPC,1.5657,0.0,3.8439,0.0,0.0,1.56,0.0,4.8224,0.0
0.8845,LMPC,1.5657,0.0,3.8439,0.0,0.0,1.56,0.0,4.8224,0.0
0.8886,LMPC,1.6043,0.0,3.8717,0.0,0.0,1.59,0.0,4.841,0.0
0.893,LMPC,1.6043,0.0,3.8717,0.0,0.0,1.59,0.0,4.841,0.0
0.8975,LMPC,1.6432,0.0,3.8991,0.0,0.0,1.65,0.0,4.8781,0.0
0.9019,LMPC,1.6432,0.0,3.8991,0.0,0.0,1.65,0.0,4.8781,0.0
0.9064,LMPC,1.6432,0.0,3.8991,0.0,0.0,1.65,0.0,4.8781,0.0
0.9112,LMPC,1.6823,0.0,3.9269,0.0,0.0,1.68,0.0,4.8965,0.0
0.9159,LMPC,1.6823,0.0,3.9269,0.0,0.0,1.68,0.0,4.8965,0.0
0.9205,LMPC,1.7217,0.0,3.9544,0.0,0.0,1.71,0.0,4.9148,0.0
0.9249,LMPC,1.7217,0.0,3.9544,0.0,0.0,1.71,0.0,4.9148,0.0
0.9295,LMPC,1.7614,0.0,3.9814,0.0,0.0,1.77,0.0,4.9513,0.0
0.9341,LMPC,1.7614,0.0,3.9814,0.0,0.0,1.77,0.0,4.9513,0.0
0.9386,LMPC,1.8013,0.0,4.008,0.0,0.0,1.8,0.0,4.9694,0.0
0.9433,LMPC,1.8013,0.0,4.008,0.0,0.0,1.8,0.0,4.9694,0.0
0.9478,LMPC,1.8013,0.0,4.008,0.0,0.0,1.8,0.0,4.9694,0.0
0.9521,LMPC,1.8415,0.0,4.0351,0.0,0.0,1.83,0.0,4.9875,0.0
0.9564,LMPC,1.8415,0.0,4.0351,0.0,0.0,1.83,0.0,4.9875,0.0
0.961,LMPC,1.882,0.0,4.0618,0.0,0.0,1.89,0.0,5.0,0.0
0.9655,LMPC,1.882,0.0,4.0618,0.0,0.0,1.89,0.0,5.0,0.0
0.9699,LMPC,1.9228,0.0,4.0881,0.0,0.0,1.92,0.0,5.0,0.0
0.9745,LMPC,1.9228,0.0,4.0881,0.0,0.0,1.92,0.0,5.0,0.0
0.9794,LMPC,1.9638,0.0,4.1149,0.0,0.0,1.95,0.0,5.0,0.0
0.984,LMPC,1.9638,0.0,4.1149,0.0,0.0,1.95,0.0,5.0,0.0
0.9885,LMPC,2.0051,0.0,4.1412,0.0,0.0,2.01,0.0,5.0,0.0
0.9929,LMPC,2.0051,0.0,4.1412,0.0,0.0,2.01,0.0,5.0,0.0
0.9975,LMPC,2.0466,0.0,4.1672,0.0,0.0,2.04,0.0,5.0,0.0
1.0022,LMPC,2.0466,0.0,4.1672,0.0,0.0,2.04,0.0,5.0,0.0
1.0068,LMPC,2.0466,0.0,4.1672,0.0,0.0,2.04,0.0,5.0,0.0
1.0115,LMPC,2.0884,0.0,4.1925,0.0,0.0,2.1,0.0,5.0,0.0
1.0163,LMPC,2.0884,0.0,4.1925,0.0,0.0,2.1,0.0,5.0,0.0
1.021,LMPC,2.1305,0.0,4.2167,0.0,0.0,2.13,0.0,5.0,0.0
1.0284,LMPC,2.1305,0.0,4.2167,0.0,0.0,2.13,0.0,5.0,0.0
1.0329,LMPC,2.1727,0.0,4.2397,0.0,0.0,2.16,0.0,5.0,0.0
1.0374,LMPC,2.2152,0.0,4.2615,0.0,0.0,2.22,0.0,5.0,0.0
1.0419,LMPC,2.2152,0.0,4.2615,0.0,0.0,2.22,0.0,5.0,0.0
1.0465,LMPC,2.2152,0.0,4.2615,0.0,0.0,2.22,0.0,5.0,0.0
1.051,LMPC,2.258,0.0,4.2824,0.0,0.0,2.25,0.0,5.0,0.0
1.0554,LMPC,2.258,0.0,4.2824,0.0,0.0,2.25,0.0,5.0,0.0
1.0597,LMPC,2.3009,0.0,4.3022,0.0,0.0,2.31,0.0,5.0,0.0
1.0645,LMPC,2.3009,0.0,4.3022,0.0,0.0,2.31,0.0,5.0,0.0
1.0693,LMPC,2.344,0.0,4.3212,0.0,0.0,2.34,0.0,5.0,0.0
1.0742,LMPC,2.344,0.0,4.3212,0.0,0.0,2.34,0.0,5.0,0.0
1.0793,LMPC,2.3873,0.0,4.3392,0.0,0.0,2.4,0.0,5.0,0.0
1.0844,LMPC,2.3873,0.0,4.3392,0.0,0.0,2.4,0.0,5.0,0.0
1.0896,LMPC,2.4308,0.0,4.3563,0.0,0.0,2.43,0.0,5.0,0.0
1.0944,LMPC,2.4308,0.0,4.3563,0.0,0.0,2.43,0.0,5.0,0.0
1.0993,LMPC,2.4744,0.0,4.3727,0.0,0.0,2.46,0.0,5.0,0.0
1.1044,LMPC,2.4744,0.0,4.3727,0.0,0.0,2.46,0.0,5.0,0.0
1.1092,LMPC,2.5182,0.0,4.3882,0.0,0.0,2.52,0.0,5.0,0.0
1.1137,LMPC,2.5182,0.0,4.3882,0.0,0.0,2.52,0.0,5.0,0.0
1.1181,LMPC,2.5622,0.0,4.4031,0.0,0.0,2.55,0.0,5.0,0.0
1.1223,LMPC,2.5622,0.0,4.4031,0.0,0.0,2.55,0.0,5.0,0.0
1.1269,LMPC,2.5622,0.0,4.4031,0.0,0.0,2.55,0.0,5.0,0.0
1.1316,LMPC,2.6063,0.0,4.4172,0.0,0.0,2.61,0.0,5.0,0.0
1.1363,LMPC,2.6063,0.0,4.4172,0.0,0.0,2.61,0.0,5.0,0.0
1.141,LMPC,2.6505,0.0,4.4306,0.0,0.0,2.64,0.0,5.0,0.0
1.1458,LMPC,2.6505,0.0,4.4306,0.0,0.0,2.64,0.0,5.0,0.0
1.1502,LMPC,2.6949,0.0,4.4434,0.0,0.0,2.7,0.0,5.0,0.0
1.1617,LMPC,2.7394,0.0,4.4556,0.0,0.0,2.73,0.0,5.0,0.0
1.1659,LMPC,2.7394,0.0,4.4556,0.0,0.0,2.73,0.0,5.0,0.0
1.1701,LMPC,2.784,0.0,4.4673,0.0,0.0,2.79,0.0,5.0,0.0
1.1749,LMPC,2.784,0.0,4.4673,0.0,0.0,2.79,0.0,5.0,0.0
1.1801,LMPC,2.8287,0.0,4.4783,0.0,0.0,2.82,0.0,5.0,0.0
1.1847,LMPC,2.8287,0.0,4.4783,0.0,0.0,2.82,0.0,5.0,0.0
1.1889,LMPC,2.8736,0.0,4.4889,0.0,0.0,2.88,0.0,5.0,0.0
1.1935,LMPC,2.8736,0.0,4.4889,0.0,0.0,2.88,0.0,5.0,0.0
1.198,LMPC,2.9185,0.0,4.4989,0.0,0.0,2.91,0.0,5.0,0.0
1.2023,LMPC,2.9185,0.0,4.4989,0.0,0.0,2.91,0.0,5.0,0.0
1.2068,LMPC,2.9185,0.0,4.4989,0.0,0.0,2.91,0.0,5.0,0.0
1.2115,LMPC,2.9635,0.0,4.5085,0.0,0.0,2.97,0.0,5.0,0.0
1.2164,LMPC,2.9635,0.0,4.5085,0.0,0.0,2.97,0.0,5.0,0.0
1.221,LMPC,3.0087,0.0,4.5176,0.0,0.0,3.0,0.0,5.0,0.0
1.2257,LMPC,3.0087,0.0,4.5176,0.0,0.0,3.0,0.0,5.0,0.0
1.2303,LMPC,3.0539,0.0,4.5262,0.0,0.0,3.06,0.0,5.0,0.0
1.2348,LMPC,3.0539,0.0,4.5262,0.0,0.0,3.06,0.0,5.0,0.0
1.2393,LMPC,3.0992,0.0,4.5345,0.0,0.0,3.09,0.0,5.0,0.0
1.244,LMPC,3.0992,0.0,4.5345,0.0,0.0,3.09,0.0,5.0,0.0
1.2486,LMPC,3.0992,0.0,4.5345,0.0,0.0,3.09,0.0,5.0,0.0
1.2529,LMPC,3.1446,0.0,4.5424,0.0,0.0,3.15,0.0,5.0,0.0
1.2573,LMPC,3.19,0.0,4.5499,0.0,0.0,3.18,0.0,5.0,0.0
1.2618,LMPC,3.19,0.0,4.5499,0.0,0.0,3.18,0.0,5.0,0.0
1.2664,LMPC,3.19,0.0,4.5499,0.0,0.0,3.18,0.0,5.0,0.0
1.2712,LMPC,3.2356,0.0,4.557,0.0,0.0,3.24,0.0,5.0,0.0
1.2759,LMPC,3.2356,0.0,4.557,0.0,0.0,3.24,0.0,5.0,0.0
1.2808,LMPC,3.2812,0.0,4.5638,0.0,0.0,3.27,0.0,5.0,0.0
1.2854,LMPC,3.2812,0.0,4.5638,0.0,0.0,3.27,0.0,5.0,0.0
1.2898,LMPC,3.3269,0.0,4.5703,0.0,0.0,3.33,0.0,5.0,0.0
1.2944,LMPC,3.3269,0.0,4.5703,0.0,0.0,3.33,0.0,5.0,0.0
1.2991,LMPC,3.3726,0.0,4.5765,0.0,0.0,3.36,0.0,5.0,0.0
1.3036,LMPC,3.3726,0.0,4.5765,0.0,0.0,3.36,0.0,5.0,0.0
1.3084,LMPC,3.3726,0.0,4.5765,0.0,0.0,3.36,0.0,5.0,0.0
1.3134,LMPC,3.4184,0.0,4.5823,0.0,0.0,3.42,0.0,5.0,0.0
1.3181,LMPC,3.4642,0.0,4.5879,0.0,0.0,3.45,0.0,5.0,0.0
1.3226,LMPC,3.4642,0.0,4.5879,0.0,0.0,3.45,0.0,5.0,0.0
1.3274,LMPC,3.4642,0.0,4.5879,0.0,0.0,3.45,0.0,5.0,0.0
1.3322,LMPC,3.5101,0.0,4.5933,0.0,0.0,3.51,0.0,5.0,0.0
1.3369,LMPC,3.5561,0.0,4.5983,0.0,0.0,3.57,0.0,5.0,0.0
1.3418,LMPC,3.5561,0.0,4.5983,0.0,0.0,3.57,0.0,5.0,0.0
1.3466,LMPC,3.5561,0.0,4.5983,0.0,0.0,3.57,0.0,5.0,0.0
1.3512,LMPC,3.6021,0.0,4.6032,0.0,0.0,3.6,0.0,5.0,0.0
1.3556,LMPC,3.6021,0.0,4.6032,0.0,0.0,3.6,0.0,5.0,0.0
1.3604,LMPC,3.6482,0.0,4.6078,0.0,0.0,3.66,0.0,5.0,0.0
1.3726,LMPC,3.6943,0.0,4.6122,0.0,0.0,3.69,0.0,5.0,0.0
1.3774,LMPC,3.7404,0.0,4.6163,0.0,0.0,3.75,0.0,5.0,0.0
1.3816,LMPC,3.7404,0.0,4.6163,0.0,0.0,3.75,0.0,5.0,0.0
1.3857,LMPC,3.7404,0.0,4.6163,0.0,0.0,3.75,0.0,5.0,0.0
1.3904,LMPC,3.7866,0.0,4.6203,0.0,0.0,3.78,0.0,5.0,0.0
1.3954,LMPC,3.7866,0.0,4.6203,0.0,0.0,3.78,0.0,5.0,0.0
1.4003,LMPC,3.8328,0.0,4.6241,0.0,0.0,3.84,0.0,5.0,0.0
1.4048,LMPC,3.8328,0.0,4.6241,0.0,0.0,3.84,0.0,5.0,0.0
1.4096,LMPC,3.8791,0.0,4.6277,0.0,0.0,3.87,0.0,5.0,0.0
1.4144,LMPC,3.8791,0.0,4.6277,0.0,0.0,3.87,0.0,5.0,0.0
1.4191,LMPC,3.9254,0.0,4.6311,0.0,0.0,3.93,0.0,5.0,0.0
1.4234,LMPC,3.9254,0.0,4.6311,0.0,0.0,3.93,0.0,5.0,0.0
1.428,LMPC,3.9254,0.0,4.6311,0.0,0.0,3.93,0.0,5.0,0.0
1.4324,LMPC,3.9717,0.0,4.6344,0.0,0.0,3.96,0.0,5.0,0.0
1.437,LMPC,4.018,0.0,4.6375,0.0,0.0,4.02,0.0,5.0,0.0
1.4417,LMPC,4.018,0.0,4.6375,0.0,0.0,4.02,0.0,5.0,0.0
1.4464,LMPC,4.018,0.0,4.6375,0.0,0.0,4.02,0.0,5.0,0.0
1.4509,LMPC,4.0644,0.0,4.6405,0.0,0.0,4.05,0.0,5.0,0.0
1.4552,LMPC,4.0644,0.0,4.6405,0.0,0.0,4.05,0.0,5.0,0.0
1.4595,LMPC,4.1109,0.0,4.6433,0.0,0.0,4.11,0.0,5.0,0.0
1.4642,LMPC,4.1109,0.0,4.6433,0.0,0.0,4.11,0.0,5.0,0.0
1.4686,LMPC,4.1573,0.0,4.646,0.0,0.0,4.17,0.0,5.0,0.0
1.473,LMPC,4.1573,0.0,4.646,0.0,0.0,4.17,0.0,5.0,0.0
1.4781,LMPC,4.2038,0.0,4.6486,0.0,0.0,4.2,0.0,5.0,0.0
1.4827,LMPC,4.2038,0.0,4.6486,0.0,0.0,4.2,0.0,5.0,0.0
1.487,LMPC,4.2038,0.0,4.6486,0.0,0.0,4.2,0.0,5.0,0.0
1.4914,LMPC,4.2503,0.0,4.651,0.0,0.0,4.26,0.0,5.0,0.0
1.4958,LMPC,4.2503,0.0,4.651,0.0,0.0,4.26,0.0,5.0,0.0
1.5004,LMPC,4.2968,0.0,4.6534,0.0,0.0,4.29,0.0,5.0,0.0
1.5051,LMPC,4.2968,0.0,4.6534,0.0,0.0,4.29,0.0,5.0,0.0
1.5101,LMPC,4.3433,0.0,4.6556,0.0,0.0,4.35,0.0,5.0,0.0
1.5147,LMPC,4.3433,0.0,4.6556,0.0,0.0,4.35,0.0,5.0,0.0
1.5193,LMPC,4.3899,0.0,4.6577,0.0,0.0,4.38,0.0,5.0,0.0
1.524,LMPC,4.3899,0.0,4.6577,0.0,0.0,4.38,0.0,5.0,0.0
1.5318,LMPC,4.4365,0.0,4.6597,0.0,0.0,4.44,0.0,5.0,0.0
1.5364,LMPC,4.4365,0.0,4.6597,0.0,0.0,4.44,0.0,5.0,0.0
1.5415,LMPC,4.4831,0.0,4.6617,0.0,0.0,4.47,0.0,5.0,0.0
1.5464,LMPC,4.4831,0.0,4.6617,0.0,0.0,4.47,0.0,5.0,0.0
1.5509,LMPC,4.5297,0.0,4.6636,0.0,0.0,4.53,0.0,5.0,0.0
1.5558,LMPC,4.5297,0.0,4.6636,0.0,0.0,4.53,0.0,5.0,0.0
1.5604,LMPC,4.5764,0.0,4.6654,0.0,0.0,4.59,0.0,5.0,0.0
1.5648,LMPC,4.5764,0.0,4.6654,0.0,0.0,4.59,0.0,5.0,0.0
1.5694,LMPC,4.623,0.0,4.6672,0.0,0.0,4.62,0.0,5.0,0.0
1.5742,LMPC,4.623,0.0,4.6672,0.0,0.0,4.62,0.0,5.0,0.0
1.5867,LMPC,4.6697,0.0,4.6689,0.0,0.0,4.68,0.0,5.0,0.0
1.5909,LMPC,4.7164,0.0,4.6706,0.0,0.0,4.71,0.0,5.0,0.0
1.5953,LMPC,4.7164,0.0,4.6706,0.0,0.0,4.71,0.0,5.0,0.0
1.6001,LMPC,4.7631,0.0,4.6722,0.0,0.0,4.77,0.0,5.0,0.0
1.6047,LMPC,4.7631,0.0,4.6722,0.0,0.0,4.77,0.0,5.0,0.0
1.6097,LMPC,4.8099,0.0,4.6737,0.0,0.0,4.8,0.0,5.0,0.0
1.6144,LMPC,4.8099,0.0,4.6737,0.0,0.0,4.8,0.0,5.0,0.0
1.6191,LMPC,4.8566,0.0,4.6751,0.0,0.0,4.86,0.0,5.0,0.0
1.6236,LMPC,4.8566,0.0,4.6751,0.0,0.0,4.86,0.0,5.0,0.0
1.6283,LMPC,4.8566,0.0,4.6751,0.0,0.0,4.86,0.0,5.0,0.0
1.6329,LMPC,4.9034,0.0,4.6764,0.0,0.0,4.89,0.0,5.0,0.0
1.6376,LMPC,4.9501,0.0,4.6776,0.0,0.0,4.95,0.0,5.0,0.0
1.6424,LMPC,4.9501,0.0,4.6776,0.0,0.0,4.95,0.0,5.0,0.0
1.6472,LMPC,4.9501,0.0,4.6776,0.0,0.0,4.95,0.0,5.0,0.0
1.6518,LMPC,4.9969,0.0,4.6787,0.0,0.0,5.01,0.0,5.0,0.0
1.6562,LMPC,4.9969,0.0,4.6787,0.0,0.0,5.01,0.0,5.0,0.0
1.6608,LMPC,5.0437,0.0,4.6797,0.0,0.0,5.04,0.0,5.0,0.0
1.6654,LMPC,5.0437,0.0,4.6797,0.0,0.0,5.04,0.0,5.0,0.0
1.6698,LMPC,5.0905,0.0,4.6807,0.0,0.0,5.1,0.0,5.0,0.0
1.6743,LMPC,5.0905,0.0,4.6807,0.0,0.0,5.1,0.0,5.0,0.0
1.6793,LMPC,5.1373,0.0,4.6816,0.0,0.0,5.13,0.0,5.0,0.0
1.684,LMPC,5.1373,0.0,4.6816,0.0,0.0,5.13,0.0,5.0,0.0
1.6885,LMPC,5.1373,0.0,4.6816,0.0,0.0,5.13,0.0,5.0,0.0
1.6931,LMPC,5.1841,0.0,4.6825,0.0,0.0,5.19,0.0,5.0,0.0
1.6978,LMPC,5.231,0.0,4.6833,0.0,0.0,5.22,0.0,5.0,0.0
1.7024,LMPC,5.231,0.0,4.6833,0.0,0.0,5.22,0.0,5.0,0.0
1.707,LMPC,5.231,0.0,4.6833,0.0,0.0,5.22,0.0,5.0,0.0
1.712,LMPC,5.2778,0.0,4.6841,0.0,0.0,5.28,0.0,5.0,0.0
1.717,LMPC,5.3246,0.0,4.6849,0.0,0.0,5.31,0.0,5.0,0.0
1.7214,LMPC,5.3246,0.0,4.6849,0.0,0.0,5.31,0.0,5.0,0.0
1.7257,LMPC,5.3246,0.0,4.6849,0.0,0.0,5.31,0.0,5.0,0.0
1.7304,LMPC,5.3715,0.0,4.6856,0.0,0.0,5.37,0.0,5.0,0.0
1.7351,LMPC,5.3715,0.0,4.6856,0.0,0.0,5.37,0.0,5.0,0.0
1.7399,LMPC,5.4184,0.0,4.6863,0.0,0.0,5.43,0.0,5.0,0.0
1.7448,LMPC,5.4184,0.0,4.6863,0.0,0.0,5.43,0.0,5.0,0.0
1.7496,LMPC,5.4652,0.0,4.6869,0.0,0.0,5.46,0.0,5.0,0.0
1.754,LMPC,5.4652,0.0,4.6869,0.0,0.0,5.46,0.0,5.0,0.0
1.7585,LMPC,5.5121,0.0,4.6875,0.0,0.0,5.52,0.0,5.0,0.0
1.7631,LMPC,5.5121,0.0,4.6875,0.0,0.0,5.52,0.0,5.0,0.0
1.7677,LMPC,5.5121,0.0,4.6875,0.0,0.0,5.52,0.0,5.0,0.0
1.7723,LMPC,5.559,0.0,4.6881,0.0,0.0,5.55,0.0,5.0,0.0
1.7772,LMPC,5.559,0.0,4.6881,0.0,0.0,5.55,0.0,5.0,0.0
1.782,LMPC,5.6059,0.0,4.6887,0.0,0.0,5.61,0.0,5.0,0.0
1.7864,LMPC,5.6059,0.0,4.6887,0.0,0.0,5.61,0.0,5.0,0.0
1.7907,LMPC,5.6527,0.0,4.6892,0.0,0.0,5.64,0.0,5.0,0.0
1.7953,LMPC,5.6527,0.0,4.6892,0.0,0.0,5.64,0.0,5.0,0.0
1.8,LMPC,5.6996,0.0,4.6897,0.0,0.0,5.7,0.0,5.0,0.0
1.8047,LMPC,5.6996,0.0,4.6897,0.0,0.0,5.7,0.0,5.0,0.0
1.8093,LMPC,5.7465,0.0,4.6902,0.0,0.0,5.76,0.0,5.0,0.0
1.8142,LMPC,5.7465,0.0,4.6902,0.0,0.0,5.76,0.0,5.0,0.0
1.819,LMPC,5.7934,0.0,4.6907,0.0,0.0,5.79,0.0,5.0,0.0
1.8233,LMPC,5.7934,0.0,4.6907,0.0,0.0,5.79,0.0,5.0,0.0
1.8277,LMPC,5.7934,0.0,4.6907,0.0,0.0,5.79,0.0,5.0,0.0
1.8323,LMPC,5.8404,0.0,4.6911,0.0,0.0,5.85,0.0,5.0,0.0
1.837,LMPC,5.8873,0.0,4.6916,0.0,0.0,5.88,0.0,5.0,0.0
1.8415,LMPC,5.8873,0.0,4.6916,0.0,0.0,5.88,0.0,5.0,0.0
1.8463,LMPC,5.8873,0.0,4.6916,0.0,0.0,5.88,0.0,5.0,0.0
1.8511,LMPC,5.9342,0.0,4.692,0.0,0.0,5.94,0.0,5.0,0.0
1.8557,LMPC,5.9342,0.0,4.692,0.0,0.0,5.94,0.0,5.0,0.0
1.8602,LMPC,5.9811,0.0,4.6923,0.0,0.0,5.97,0.0,4.984,0.0
1.8648,LMPC,5.9811,0.0,4.6923,0.0,0.0,5.97,0.0,4.984,0.0
1.8693,LMPC,6.028,0.0,4.6927,0.0,0.0,6.03,0.0,4.9477,0.0
1.8739,LMPC,6.028,0.0,4.6927,0.0,0.0,6.03,0.0,4.9477,0.0
1.8788,LMPC,6.075,0.0,4.6931,0.0,0.0,6.06,0.0,4.9295,0.0
1.8837,LMPC,6.075,0.0,4.6931,0.0,0.0,6.06,0.0,4.9295,0.0
1.8883,LMPC,6.075,0.0,4.6931,0.0,0.0,6.06,0.0,4.9295,0.0
1.8928,LMPC,6.1219,0.0,4.6934,0.0,0.0,6.12,0.0,4.8929,0.0
1.8973,LMPC,6.1688,0.0,4.6937,0.0,0.0,6.18,0.0,4.8559,0.0
1.902,LMPC,6.1688,0.0,4.6937,0.0,0.0,6.18,0.0,4.8559,0.0
1.9066,LMPC,6.1688,0.0,4.6937,0.0,0.0,6.18,0.0,4.8559,0.0
1.9112,LMPC,6.2158,0.0,4.6918,0.0,0.0,6.21,0.0,4.8374,0.0
1.9162,LMPC,6.2158,0.0,4.6918,0.0,0.0,6.21,0.0,4.8374,0.0
1.9211,LMPC,6.2626,0.0,4.6835,0.0,0.0,6.27,0.0,4.8,0.0
1.9256,LMPC,6.2626,0.0,4.6835,0.0,0.0,6.27,0.0,4.8,0.0
1.93,LMPC,6.3094,0.0,4.6732,0.0,0.0,6.3,0.0,4.7812,0.0
1.9349,LMPC,6.3094,0.0,4.6732,0.0,0.0,6.3,0.0,4.7812,0.0
1.9398,LMPC,6.3561,0.0,4.6591,0.0,0.0,6.36,0.0,4.7434,0.0
1.9446,LMPC,6.3561,0.0,4.6591,0.0,0.0,6.36,0.0,4.7434,0.0
1.9496,LMPC,6.4026,0.0,4.6464,0.0,0.0,6.39,0.0,4.7244,0.0
1.9545,LMPC,6.4026,0.0,4.6464,0.0,0.0,6.39,0.0,4.7244,0.0
1.9592,LMPC,6.449,0.0,4.6352,0.0,0.0,6.45,0.0,4.6861,0.0
1.9637,LMPC,6.449,0.0,4.6352,0.0,0.0,6.45,0.0,4.6861,0.0
1.9684,LMPC,6.449,0.0,4.6352,0.0,0.0,6.45,0.0,4.6861,0.0
1.973,LMPC,6.4953,0.0,4.6234,0.0,0.0,6.51,0.0,4.6476,0.0
1.9876,LMPC,6.5415,0.0,4.6115,0.0,0.0,6.54,0.0,4.6282,0.0
1.9917,LMPC,6.5875,0.0,4.5983,0.0,0.0,6.6,0.0,4.5891,0.0
1.9957,LMPC,6.5875,0.0,4.5983,0.0,0.0,6.6,0.0,4.5891,0.0
2.0006,LMPC,6.6334,0.0,4.5852,0.0,0.0,6.63,0.0,4.5695,0.0
2.0055,LMPC,6.6334,0.0,4.5852,0.0,0.0,6.63,0.0,4.5695,0.0
2.0102,LMPC,6.6792,0.0,4.5715,0.0,0.0,6.69,0.0,4.5299,0.0
2.0151,LMPC,6.6792,0.0,4.5715,0.0,0.0,6.69,0.0,4.5299,0.0
2.0201,LMPC,6.7249,0.0,4.5603,0.0,0.0,6.72,0.0,4.51,0.0
2.0278,LMPC,6.7249,0.0,4.5603,0.0,0.0,6.72,0.0,4.51,0.0
2.0323,LMPC,6.7704,0.0,4.548,0.0,0.0,6.78,0.0,4.4699,0.0
2.037,LMPC,6.8158,0.0,4.5321,0.0,0.0,6.81,0.0,4.4497,0.0
2.0415,LMPC,6.8158,0.0,4.5321,0.0,0.0,6.81,0.0,4.4497,0.0
2.0462,LMPC,6.8158,0.0,4.5321,0.0,0.0,6.81,0.0,4.4497,0.0
2.0513,LMPC,6.8611,0.0,4.5164,0.0,0.0,6.87,0.0,4.4091,0.0
2.056,LMPC,6.8611,0.0,4.5164,0.0,0.0,6.87,0.0,4.4091,0.0
2.0605,LMPC,6.9062,0.0,4.5002,0.0,0.0,6.9,0.0,4.3886,0.0
2.0648,LMPC,6.9062,0.0,4.5002,0.0,0.0,6.9,0.0,4.3886,0.0
2.0694,LMPC,6.9511,0.0,4.4845,0.0,0.0,6.96,0.0,4.3474,0.0
2.074,LMPC,6.9511,0.0,4.4845,0.0,0.0,6.96,0.0,4.3474,0.0
2.0787,LMPC,6.9958,0.0,4.4685,0.0,0.0,6.99,0.0,4.3267,0.0
2.0838,LMPC,6.9958,0.0,4.4685,0.0,0.0,6.99,0.0,4.3267,0.0
2.0887,LMPC,7.0404,0.0,4.4521,0.0,0.0,7.05,0.0,4.2849,0.0
2.0931,LMPC,7.0404,0.0,4.4521,0.0,0.0,7.05,0.0,4.2849,0.0
2.0975,LMPC,7.0849,0.0,4.4353,0.0002,0.0,7.08,0.0,4.2638,0.0002
2.102,LMPC,7.0849,0.0,4.4353,0.0002,0.0,7.08,0.0,4.2638,0.0002
2.1066,LMPC,7.0849,0.0,4.4353,0.0002,0.0,7.08,0.0,4.2638,0.0002
2.111,LMPC,7.1292,0.0001,4.4188,0.0009,0.0001,7.14,0.0,4.2214,0.0009
2.1159,LMPC,7.1292,0.0001,4.4188,0.0009,0.0001,7.14,0.0,4.2214,0.0009
2.1208,LMPC,7.1733,0.0002,4.4025,0.0019,0.0002,7.17,0.0,4.2,0.0019
2.1252,LMPC,7.1733,0.0002,4.4025,0.0019,0.0002,7.17,0.0,4.2,0.0019
2.1295,LMPC,7.2172,0.0003,4.3863,0.0032,0.0003,7.23,0.0,4.1569,0.0032
2.1338,LMPC,7.2172,0.0003,4.3863,0.0032,0.0003,7.23,0.0,4.1569,0.0032
2.1386,LMPC,7.261,0.0005,4.3689,0.0046,0.0005,7.26,0.0,4.1352,0.0046
2.1431,LMPC,7.261,0.0005,4.3689,0.0046,0.0005,7.26,0.0,4.1352,0.0046
2.1476,LMPC,7.261,0.0005,4.3689,0.0046,0.0005,7.26,0.0,4.1352,0.0046
2.1524,LMPC,7.3046,0.0007,4.3516,0.0063,0.0007,7.29,0.0,4.1134,0.0063
2.1573,LMPC,7.348,0.001,4.3339,0.0079,0.001,7.35,0.0,4.0694,0.0079
2.1618,LMPC,7.348,0.001,4.3339,0.0079,0.001,7.35,0.0,4.0694,0.0079
2.1662,LMPC,7.348,0.001,4.3339,0.0079,0.001,7.35,0.0,4.0694,0.0079
2.1708,LMPC,7.3913,0.0013,4.3165,0.0098,0.0013,7.38,0.0,4.0472,0.0098
2.1754,LMPC,7.3913,0.0013,4.3165,0.0098,0.0013,7.38,0.0,4.0472,0.0098
2.1803,LMPC,7.4343,0.0017,4.2992,0.0116,0.0017,7.44,0.0,4.0025,0.0116
2.1852,LMPC,7.4343,0.0017,4.2992,0.0116,0.0017,7.44,0.0,4.0025,0.0116
2.1974,LMPC,7.52,0.0026,4.2637,0.0156,0.0026,7.53,0.0,3.9345,0.0156
2.2014,LMPC,7.52,0.0026,4.2637,0.0156,0.0026,7.53,0.0,3.9345,0.0156
2.2054,LMPC,7.52,0.0026,4.2637,0.0156,0.0026,7.53,0.0,3.9345,0.0156
2.2096,LMPC,7.5625,0.0031,4.2456,0.0176,0.0031,7.56,0.0,3.9115,0.0176
2.2149,LMPC,7.5625,0.0031,4.2456,0.0176,0.0031,7.56,0.0,3.9115,0.0176
2.2197,LMPC,7.6049,0.0037,4.2278,0.0192,0.0037,7.59,0.0,3.8884,0.0192
2.2242,LMPC,7.6049,0.0037,4.2278,0.0192,0.0037,7.59,0.0,3.8884,0.0192
2.2288,LMPC,7.6471,0.0042,4.2107,0.0198,0.0042,7.65,0.0,3.8419,0.0198
2.2334,LMPC,7.6471,0.0042,4.2107,0.0198,0.0042,7.65,0.0,3.8419,0.0198
2.2379,LMPC,7.6891,0.0048,4.1967,0.0203,0.0048,7.68,0.0,3.8184,0.0203
2.2424,LMPC,7.6891,0.0048,4.1967,0.0203,0.0048,7.68,0.0,3.8184,0.0203
2.2472,LMPC,7.6891,0.0048,4.1967,0.0203,0.0048,7.68,0.0,3.8184,0.0203
2.2518,LMPC,7.731,0.0054,4.1784,0.0213,0.0054,7.74,0.0,3.7709,0.0213
2.2563,LMPC,7.731,0.0054,4.1784,0.0213,0.0054,7.74,0.0,3.7709,0.0213
2.261,LMPC,7.7726,0.0061,4.1598,0.0224,0.0061,7.77,0.0,3.747,0.0224
2.2655,LMPC,7.7726,0.0061,4.1598,0.0224,0.0061,7.77,0.0,3.747,0.0224
2.2701,LMPC,7.8141,0.0069,4.1416,0.0238,0.0069,7.8,0.0,3.7229,0.0238
2.2748,LMPC,7.8141,0.0069,4.1416,0.0238,0.0069,7.8,0.0,3.7229,0.0238
2.2798,LMPC,7.8555,0.0078,4.1239,0.0253,0.0078,7.86,0.0,3.6742,0.0253
2.2846,LMPC,7.8555,0.0078,4.1239,0.0253,0.0078,7.86,0.0,3.6742,0.0253
2.2892,LMPC,7.8966,0.0087,4.1074,0.027,0.0087,7.89,0.0,3.6497,0.027
2.2938,LMPC,7.8966,0.0087,4.1074,0.027,0.0087,7.89,0.0,3.6497,0.027
2.2984,LMPC,7.9376,0.0096,4.0905,0.0287,0.0096,7.95,0.0,3.6,0.0287
2.3029,LMPC,7.9376,0.0096,4.0905,0.0287,0.0096,7.95,0.0,3.6,0.0287
2.3074,LMPC,7.9376,0.0096,4.0905,0.0287,0.0096,7.95,0.0,3.6,0.0287
2.3122,LMPC,7.9784,0.0107,4.073,0.0306,0.0107,7.98,0.0,3.5749,0.0306
2.3172,LMPC,8.019,0.0117,4.0551,0.0323,0.0117,8.01,0.0,3.5496,0.0323
2.3216,LMPC,8.019,0.0117,4.0551,0.0323,0.0117,8.01,0.0,3.5496,0.0323
2.3262,LMPC,8.019,0.0117,4.0551,0.0323,0.0117,8.01,0.0,3.5496,0.0323
2.3307,LMPC,8.0595,0.0129,4.0374,0.0343,0.0129,8.07,0.0,3.4986,0.0343
2.3351,LMPC,8.0595,0.0129,4.0374,0.0343,0.0129,8.07,0.0,3.4986,0.0343
2.3397,LMPC,8.0997,0.0141,4.0209,0.0361,0.0141,8.1,0.0,3.4728,0.0361
2.3447,LMPC,8.0997,0.0141,4.0209,0.0361,0.0141,8.1,0.0,3.4728,0.0361
2.3497,LMPC,8.1399,0.0154,4.0052,0.0384,0.0154,8.13,0.0,3.4467,0.0384
2.3542,LMPC,8.1399,0.0154,4.0052,0.0384,0.0154,8.13,0.0,3.4467,0.0384
2.3587,LMPC,8.1798,0.0169,3.9891,0.0418,0.0169,8.19,0.0,3.3941,0.0418
2.3634,LMPC,8.1798,0.0169,3.9891,0.0418,0.0169,8.19,0.0,3.3941,0.0418
2.3678,LMPC,8.1798,0.0169,3.9891,0.0418,0.0169,8.19,0.0,3.3941,0.0418
2.3722,LMPC,8.2196,0.0185,3.9722,0.0456,0.0185,8.22,0.0,3.3675,0.0456
2.3771,LMPC,8.2592,0.0202,3.9552,0.05,0.0202,8.25,0.0,3.3407,0.05
2.3822,LMPC,8.2592,0.0202,3.9552,0.05,0.0202,8.25,0.0,3.3407,0.05
2.387,LMPC,8.2592,0.0202,3.9552,0.05,0.0202,8.25,0.0,3.3407,0.05
2.3915,LMPC,8.2986,0.0221,3.9388,0.0547,0.0221,8.31,0.0,3.2863,0.0547
2.396,LMPC,8.2986,0.0221,3.9388,0.0547,0.0221,8.31,0.0,3.2863,0.0547
2.401,LMPC,8.3379,0.0242,3.9235,0.0601,0.0242,8.34,0.0,3.2588,0.0601
2.4131,LMPC,8.3769,0.0265,3.9088,0.0666,0.0265,8.37,0.0,3.2311,0.0666
2.4178,LMPC,8.4159,0.029,3.8936,0.0737,0.029,8.43,0.0,3.1749,0.0737
2.422,LMPC,8.4159,0.029,3.8936,0.0737,0.029,8.43,0.0,3.1749,0.0737
2.4262,LMPC,8.4159,0.029,3.8936,0.0737,0.029,8.43,0.0,3.1749,0.0737
2.4309,LMPC,8.4546,0.0318,3.8778,0.0816,0.0316,8.46,0.0002,3.1464,0.0803
2.4363,LMPC,8.4546,0.0318,3.8778,0.0816,0.0316,8.46,0.0002,3.1464,0.0803
2.4412,LMPC,8.4932,0.0348,3.8621,0.0897,0.0342,8.49,0.0005,3.1177,0.0867
2.4459,LMPC,8.4932,0.0348,3.8621,0.0897,0.0342,8.49,0.0005,3.1177,0.0867
2.4508,LMPC,8.5316,0.0381,3.8495,0.0985,0.0372,8.52,0.0009,3.0887,0.0938
2.4554,LMPC,8.5316,0.0381,3.8495,0.0985,0.0372,8.52,0.0009,3.0887,0.0938
2.4598,LMPC,8.5699,0.0418,3.8357,0.1089,0.0403,8.58,0.0015,3.0299,0.1007
2.4642,LMPC,8.5699,0.0418,3.8357,0.1089,0.0403,8.58,0.0015,3.0299,0.1007
2.4688,LMPC,8.608,0.0459,3.8221,0.1213,0.0441,8.61,0.0018,3.0,0.1113
2.4733,LMPC,8.608,0.0459,3.8221,0.1213,0.0441,8.61,0.0018,3.0,0.1113
2.478,LMPC,8.6458,0.0505,3.8082,0.1359,0.0421,8.669,0.0092,3.0,0.0992
2.483,LMPC,8.6458,0.0505,3.8082,0.1359,0.0421,8.669,0.0092,3.0,0.0992
2.4877,LMPC,8.6458,0.0505,3.8082,0.1359,0.0421,8.669,0.0092,3.0,0.0992
2.492,LMPC,8.6835,0.0556,3.7937,0.1517,0.0394,8.698,0.0171,3.0299,0.087
2.4963,LMPC,8.6835,0.0556,3.7937,0.1517,0.0394,8.698,0.0171,3.0299,0.087
2.5014,LMPC,8.7209,0.0612,3.7797,0.1691,0.0366,8.7269,0.025,3.0594,0.0765
2.5064,LMPC,8.7209,0.0612,3.7797,0.1691,0.0366,8.7269,0.025,3.0594,0.0765
2.5116,LMPC,8.7581,0.0675,3.7672,0.1885,0.0341,8.7559,0.0329,3.0594,0.068
2.5167,LMPC,8.7581,0.0675,3.7672,0.1885,0.0341,8.7559,0.0329,3.0594,0.068
2.5218,LMPC,8.7951,0.0745,3.7554,0.2104,0.0287,8.8137,0.0487,3.0,0.0339
2.5303,LMPC,8.8318,0.0823,3.743,0.2349,0.027,8.8425,0.057,3.0,0.0304
2.5351,LMPC,8.8318,0.0823,3.743,0.2349,0.027,8.8425,0.057,3.0,0.0304
2.5399,LMPC,8.8681,0.0909,3.7306,0.262,0.0204,8.8694,0.0703,3.0,0.0294
2.5448,LMPC,8.8681,0.0909,3.7306,0.262,0.0204,8.8694,0.0703,3.0,0.0294
2.55,LMPC,8.9041,0.1004,3.7183,0.2907,0.0142,8.8963,0.0836,3.0299,0.0298
2.5548,LMPC,8.9041,0.1004,3.7183,0.2907,0.0142,8.8963,0.0836,3.0299,0.0298
2.5595,LMPC,8.9398,0.1108,3.707,0.3207,0.0037,8.9501,0.1103,3.0594,0.0036
2.5642,LMPC,8.9398,0.1108,3.707,0.3207,0.0037,8.9501,0.1103,3.0594,0.0036
2.5688,LMPC,8.9751,0.122,3.697,0.3515,0.0009,8.9769,0.1236,3.0299,0.0061
2.5732,LMPC,8.9751,0.122,3.697,0.3515,0.0009,8.9769,0.1236,3.0299,0.0061
2.5779,LMPC,9.0099,0.1342,3.6869,0.3832,0.0048,9.0038,0.1369,3.0,0.0097
2.583,LMPC,9.0099,0.1342,3.6869,0.3832,0.0048,9.0038,0.1369,3.0,0.0097
2.5877,LMPC,9.0099,0.1342,3.6869,0.3832,0.0048,9.0038,0.1369,3.0,0.0097
2.5922,LMPC,9.0443,0.1473,3.6768,0.4164,0.0094,9.03,0.1514,3.0,0.0147
2.5969,LMPC,9.0782,0.1614,3.6664,0.4501,0.0177,9.0538,0.1697,3.0019,0.0203
2.6013,LMPC,9.0782,0.1614,3.6664,0.4501,0.0177,9.0538,0.1697,3.0019,0.0203
2.6056,LMPC,9.0782,0.1614,3.6664,0.4501,0.0177,9.0538,0.1697,3.0019,0.0203
2.6102,LMPC,9.1116,0.1765,3.6565,0.485,0.0308,9.1015,0.2061,3.0613,-0.0012
2.615,LMPC,9.1116,0.1765,3.6565,0.485,0.0308,9.1015,0.2061,3.0613,-0.0012
2.6199,LMPC,9.1443,0.1927,3.6475,0.5212,0.0368,9.1253,0.2243,3.0594,0.0068
2.6245,LMPC,9.1443,0.1927,3.6475,0.5212,0.0368,9.1253,0.2243,3.0594,0.0068
2.6291,LMPC,9.1764,0.21,3.6391,0.5579,0.0419,9.1491,0.2425,3.0299,0.0153
2.6336,LMPC,9.1764,0.21,3.6391,0.5579,0.0419,9.1491,0.2425,3.0299,0.0153
2.6382,LMPC,9.2078,0.2283,3.6309,0.5954,0.0461,9.173,0.2607,3.0,0.0246
2.6429,LMPC,9.2078,0.2283,3.6309,0.5954,0.0461,9.173,0.2607,3.0,0.0246
2.6476,LMPC,9.2078,0.2283,3.6309,0.5954,0.0461,9.173,0.2607,3.0,0.0246
2.6524,LMPC,9.2385,0.2476,3.6223,0.633,0.0518,9.1952,0.2807,3.0,0.034
2.6571,LMPC,9.2684,0.2679,3.6147,0.671,0.0598,9.2151,0.3032,3.0299,0.0438
2.6615,LMPC,9.2684,0.2679,3.6147,0.671,0.0598,9.2151,0.3032,3.0299,0.0438
2.6663,LMPC,9.2684,0.2679,3.6147,0.671,0.0598,9.2151,0.3032,3.0299,0.0438
2.6709,LMPC,9.2975,0.2893,3.6076,0.7089,0.0669,9.235,0.3256,3.0594,0.0535
2.6757,LMPC,9.2975,0.2893,3.6076,0.7089,0.0669,9.235,0.3256,3.0594,0.0535
2.6807,LMPC,9.3258,0.3116,3.6012,0.7469,0.0779,9.2748,0.3705,3.0594,0.0352
2.6858,LMPC,9.3258,0.3116,3.6012,0.7469,0.0779,9.2748,0.3705,3.0594,0.0352
2.6904,LMPC,9.3532,0.3349,3.5952,0.7847,0.0823,9.2948,0.3929,3.0299,0.0449
2.695,LMPC,9.3532,0.3349,3.5952,0.7847,0.0823,9.2948,0.3929,3.0299,0.0449
2.6998,LMPC,9.3797,0.3592,3.5893,0.8226,0.0856,9.3147,0.4153,3.0,0.0546
2.7043,LMPC,9.3797,0.3592,3.5893,0.8226,0.0856,9.3147,0.4153,3.0,0.0546
2.7087,LMPC,9.4053,0.3843,3.5836,0.8599,0.0913,9.3318,0.4398,3.0,0.0637
2.7133,LMPC,9.4053,0.3843,3.5836,0.8599,0.0913,9.3318,0.4398,3.0,0.0637
2.7183,LMPC,9.4299,0.4103,3.5779,0.8962,0.0984,9.3471,0.4656,3.0299,0.0718
2.7227,LMPC,9.4299,0.4103,3.5779,0.8962,0.0984,9.3471,0.4656,3.0299,0.0718
2.727,LMPC,9.4299,0.4103,3.5779,0.8962,0.0984,9.3471,0.4656,3.0299,0.0718
2.7315,LMPC,9.4536,0.4371,3.5735,0.9319,0.1045,9.3624,0.4914,3.0594,0.0794
2.7359,LMPC,9.4536,0.4371,3.5735,0.9319,0.1045,9.3624,0.4914,3.0594,0.0794
2.7403,LMPC,9.4763,0.4647,3.5689,0.967,0.1096,9.3776,0.5173,3.0594,0.0862
2.7448,LMPC,9.4763,0.4647,3.5689,0.967,0.1096,9.3776,0.5173,3.0594,0.0862
2.7495,LMPC,9.498,0.493,3.5649,1.0017,0.1137,9.3929,0.5431,3.0299,0.0928
2.7543,LMPC,9.498,0.493,3.5649,1.0017,0.1137,9.3929,0.5431,3.0299,0.0928
2.7589,LMPC,9.5187,0.522,3.5611,1.0357,0.1197,9.4234,0.5947,3.0,0.0704
2.7633,LMPC,9.5187,0.522,3.5611,1.0357,0.1197,9.4234,0.5947,3.0,0.0704
2.7679,LMPC,9.5187,0.522,3.5611,1.0357,0.1197,9.4234,0.5947,3.0,0.0704
2.7723,LMPC,9.5384,0.5516,3.5576,1.0684,0.1191,9.4234,0.5947,3.0,0.1032
2.7768,LMPC,9.557,0.5819,3.5546,1.1006,0.1247,9.4346,0.6225,3.0,0.1071
2.7815,LMPC,9.557,0.5819,3.5546,1.1006,0.1247,9.4346,0.6225,3.0,0.1071
2.7864,LMPC,9.557,0.5819,3.5546,1.1006,0.1247,9.4346,0.6225,3.0,0.1071
2.791,LMPC,9.5747,0.6127,3.5521,1.1316,0.1308,9.4447,0.6507,3.0299,0.11
2.7953,LMPC,9.5747,0.6127,3.5521,1.1316,0.1308,9.4447,0.6507,3.0299,0.11
2.8001,LMPC,9.5915,0.644,3.5501,1.1613,0.136,9.4547,0.679,3.0594,0.1115
2.8114,LMPC,9.6073,0.6758,3.5495,1.1901,0.1451,9.4748,0.7355,3.0299,0.084
2.8161,LMPC,9.6073,0.6758,3.5495,1.1901,0.1451,9.4748,0.7355,3.0299,0.084
2.8208,LMPC,9.6221,0.7081,3.5484,1.2178,0.1479,9.4849,0.7638,3.0,0.0835
2.8249,LMPC,9.6221,0.7081,3.5484,1.2178,0.1479,9.4849,0.7638,3.0,0.0835
2.8293,LMPC,9.636,0.7407,3.5475,1.2441,0.1499,9.4949,0.7921,3.0,0.0816
2.834,LMPC,9.636,0.7407,3.5475,1.2441,0.1499,9.4949,0.7921,3.0,0.0816
2.8386,LMPC,9.649,0.7737,3.5466,1.2696,0.1487,9.4949,0.7921,3.0,0.1071
2.843,LMPC,9.649,0.7737,3.5466,1.2696,0.1487,9.4949,0.7921,3.0,0.1071
2.8476,LMPC,9.649,0.7737,3.5466,1.2696,0.1487,9.4949,0.7921,3.0,0.1071
2.8526,LMPC,9.6612,0.807,3.546,1.2943,0.1554,9.4997,0.8217,3.0,0.1036
2.8572,LMPC,9.6724,0.8407,3.5462,1.3187,0.1616,9.5041,0.8513,3.0299,0.0998
2.8616,LMPC,9.6724,0.8407,3.5462,1.3187,0.1616,9.5041,0.8513,3.0299,0.0998
2.866,LMPC,9.6724,0.8407,3.5462,1.3187,0.1616,9.5041,0.8513,3.0299,0.0998
2.8707,LMPC,9.6827,0.8746,3.5466,1.3422,0.1728,9.5131,0.9107,3.0887,0.067
2.8752,LMPC,9.6827,0.8746,3.5466,1.3422,0.1728,9.5131,0.9107,3.0887,0.067
2.8799,LMPC,9.6923,0.9087,3.5471,1.3645,0.1769,9.5175,0.9403,3.0594,0.0611
2.885,LMPC,9.6923,0.9087,3.5471,1.3645,0.1769,9.5175,0.9403,3.0594,0.0611
2.8897,LMPC,9.701,0.9431,3.5475,1.3863,0.1803,9.522,0.97,3.0299,0.0547
2.8941,LMPC,9.701,0.9431,3.5475,1.3863,0.1803,9.522,0.97,3.0299,0.0547
2.8986,LMPC,9.7089,0.9777,3.5481,1.4071,0.1835,9.526,0.9997,3.0,0.0485
2.9033,LMPC,9.7089,0.9777,3.5481,1.4071,0.1835,9.526,0.9997,3.0,0.0485
2.9079,LMPC,9.7089,0.9777,3.5481,1.4071,0.1835,9.526,0.9997,3.0,0.0485
2.9124,LMPC,9.7162,1.0124,3.5488,1.4262,0.1893,9.5266,1.0297,3.0299,0.049
2.9175,LMPC,9.7228,1.0473,3.5499,1.4437,0.1946,9.5273,1.0597,3.0594,0.0477
2.9223,LMPC,9.7228,1.0473,3.5499,1.4437,0.1946,9.5273,1.0597,3.0594,0.0477
2.9267,LMPC,9.7228,1.0473,3.5499,1.4437,0.1946,9.5273,1.0597,3.0594,0.0477
2.931,LMPC,9.7287,1.0823,3.5511,1.4602,0.1994,9.528,1.0897,3.0887,0.0455
2.9356,LMPC,9.7287,1.0823,3.5511,1.4602,0.1994,9.528,1.0897,3.0887,0.0455
2.9403,LMPC,9.7341,1.1174,3.5525,1.4753,0.2038,9.5287,1.1197,3.1177,0.042
2.9447,LMPC,9.7341,1.1174,3.5525,1.4753,0.2038,9.5287,1.1197,3.1177,0.042
2.9493,LMPC,9.7389,1.1526,3.554,1.489,0.2077,9.5294,1.1497,3.1464,0.037
2.9541,LMPC,9.7389,1.1526,3.554,1.489,0.2077,9.5294,1.1497,3.1464,0.037
2.9588,LMPC,9.7432,1.1879,3.5556,1.5019,0.213,9.5313,1.2096,3.2031,0.0181
2.9631,LMPC,9.7432,1.1879,3.5556,1.5019,0.213,9.5313,1.2096,3.2031,0.0181
2.9674,LMPC,9.7432,1.1879,3.5556,1.5019,0.213,9.5313,1.2096,3.2031,0.0181
2.972,LMPC,9.747,1.2233,3.5574,1.5137,0.2137,9.5339,1.2395,3.2311,0.0299
2.9765,LMPC,9.747,1.2233,3.5574,1.5137,0.2137,9.5339,1.2395,3.2311,0.0299
2.9811,LMPC,9.7503,1.2587,3.5593,1.5237,0.2139,9.5365,1.2694,3.2588,0.0399
2.9859,LMPC,9.7503,1.2587,3.5593,1.5237,0.2139,9.5365,1.2694,3.2588,0.0399
2.9907,LMPC,9.7533,1.2942,3.5613,1.5319,0.2139,9.5391,1.2993,3.2863,0.0481
2.9951,LMPC,9.7533,1.2942,3.5613,1.5319,0.2139,9.5391,1.2993,3.2863,0.0481
2.9996,LMPC,9.756,1.3297,3.5634,1.5391,0.2134,9.5443,1.359,3.3407,0.0554
3.0044,LMPC,9.756,1.3297,3.5634,1.5391,0.2134,9.5443,1.359,3.3407,0.0554
3.009,LMPC,9.7584,1.3653,3.5659,1.5454,0.2127,9.5469,1.3889,3.3675,0.0616
3.0214,LMPC,9.7604,1.4009,3.5685,1.5511,0.2116,9.5496,1.4188,3.3941,0.0674
3.0293,LMPC,9.7621,1.4365,3.5712,1.556,0.2102,9.5522,1.4487,3.4205,0.0722
3.0343,LMPC,9.7621,1.4365,3.5712,1.556,0.2102,9.5522,1.4487,3.4205,0.0722
3.0391,LMPC,9.7637,1.4722,3.574,1.5597,0.2087,9.5548,1.4786,3.4467,0.0759
3.0439,LMPC,9.7637,1.4722,3.574,1.5597,0.2087,9.5548,1.4786,3.4467,0.0759
3.0484,LMPC,9.7637,1.4722,3.574,1.5597,0.2087,9.5548,1.4786,3.4467,0.0759
3.0529,LMPC,9.765,1.508,3.5771,1.5628,0.2069,9.56,1.5384,3.4986,0.079
3.0578,LMPC,9.7662,1.5437,3.5801,1.5652,0.205,9.5626,1.5683,3.5242,0.0814
3.0624,LMPC,9.7662,1.5437,3.5801,1.5652,0.205,9.5626,1.5683,3.5242,0.0814
3.0668,LMPC,9.7662,1.5437,3.5801,1.5652,0.205,9.5626,1.5683,3.5242,0.0814
3.0711,LMPC,9.7672,1.5795,3.5834,1.5674,0.2028,9.5652,1.5981,3.5496,0.0836
3.0757,LMPC,9.7672,1.5795,3.5834,1.5674,0.2028,9.5652,1.5981,3.5496,0.0836
3.0804,LMPC,9.7681,1.6154,3.5869,1.5689,0.2006,9.5678,1.628,3.5749,0.0851
3.0849,LMPC,9.7681,1.6154,3.5869,1.5689,0.2006,9.5678,1.628,3.5749,0.0851
3.0896,LMPC,9.7689,1.6512,3.5904,1.5692,0.1983,9.5704,1.6579,3.6,0.0855
3.0943,LMPC,9.7689,1.6512,3.5904,1.5692,0.1983,9.5704,1.6579,3.6,0.0855
3.0991,LMPC,9.7696,1.6872,3.5943,1.5691,0.1959,9.5757,1.7177,3.6497,0.0853
3.1034,LMPC,9.7696,1.6872,3.5943,1.5691,0.1959,9.5757,1.7177,3.6497,0.0853
3.1079,LMPC,9.7696,1.6872,3.5943,1.5691,0.1959,9.5757,1.7177,3.6497,0.0853
3.1125,LMPC,9.7703,1.7231,3.5982,1.5684,0.1934,9.5783,1.7476,3.6742,0.0846
3.1171,LMPC,9.7709,1.7591,3.6022,1.5675,0.191,9.5809,1.7775,3.6986,0.0837
3.122,LMPC,9.7709,1.7591,3.6022,1.5675,0.191,9.5809,1.7775,3.6986,0.0837
3.1268,LMPC,9.7709,1.7591,3.6022,1.5675,0.191,9.5809,1.7775,3.6986,0.0837
3.1315,LMPC,9.7716,1.7951,3.6064,1.5661,0.1884,9.5835,1.8073,3.7229,0.0824
3.1359,LMPC,9.7716,1.7951,3.6064,1.5661,0.1884,9.5835,1.8073,3.7229,0.0824
3.1404,LMPC,9.7722,1.8312,3.6106,1.5648,0.1859,9.5861,1.8372,3.747,0.0811
3.1451,LMPC,9.7722,1.8312,3.6106,1.5648,0.1859,9.5861,1.8372,3.747,0.0811
3.1497,LMPC,9.7727,1.8674,3.6151,1.5633,0.1833,9.5913,1.897,3.7947,0.0795
3.1541,LMPC,9.7727,1.8674,3.6151,1.5633,0.1833,9.5913,1.897,3.7947,0.0795
3.1589,LMPC,9.7733,1.9035,3.6197,1.5618,0.1808,9.5939,1.9269,3.8184,0.078
3.1638,LMPC,9.7733,1.9035,3.6197,1.5618,0.1808,9.5939,1.9269,3.8184,0.078
3.1684,LMPC,9.7733,1.9035,3.6197,1.5618,0.1808,9.5939,1.9269,3.8184,0.078
3.1728,LMPC,9.7739,1.9397,3.6246,1.5601,0.1782,9.5965,1.9568,3.8419,0.0763
3.1773,LMPC,9.7745,1.976,3.6295,1.5585,0.1756,9.5991,1.9867,3.8652,0.0747
3.1819,LMPC,9.7745,1.976,3.6295,1.5585,0.1756,9.5991,1.9867,3.8652,0.0747
3.1866,LMPC,9.7745,1.976,3.6295,1.5585,0.1756,9.5991,1.9867,3.8652,0.0747
3.1912,LMPC,9.7751,2.0123,3.6345,1.5568,0.1731,9.6017,2.0165,3.8884,0.073
3.196,LMPC,9.7751,2.0123,3.6345,1.5568,0.1731,9.6017,2.0165,3.8884,0.073
3.2007,LMPC,9.7758,2.0487,3.6398,1.5552,0.1706,9.607,2.0763,3.9345,0.0715
3.2051,LMPC,9.7758,2.0487,3.6398,1.5552,0.1706,9.607,2.0763,3.9345,0.0715
3.2094,LMPC,9.7765,2.0851,3.6451,1.5535,0.1681,9.6096,2.1062,3.9573,0.0697
3.2139,LMPC,9.7765,2.0851,3.6451,1.5535,0.1681,9.6096,2.1062,3.9573,0.0697
3.2186,LMPC,9.7772,2.1216,3.6505,1.5519,0.1656,9.6122,2.1361,3.9799,0.0682
3.2233,LMPC,9.7772,2.1216,3.6505,1.5519,0.1656,9.6122,2.1361,3.9799,0.0682
3.2359,LMPC,9.7779,2.1581,3.6561,1.5502,0.1632,9.6148,2.166,4.0025,0.0664
3.24,LMPC,9.7787,2.1947,3.6616,1.5487,0.1608,9.6174,2.1959,4.0249,0.0649
3.2442,LMPC,9.7787,2.1947,3.6616,1.5487,0.1608,9.6174,2.1959,4.0249,0.0649
3.2488,LMPC,9.7796,2.2313,3.6673,1.547,0.1585,9.6226,2.2556,4.0694,0.0632
3.2537,LMPC,9.7796,2.2313,3.6673,1.547,0.1585,9.6226,2.2556,4.0694,0.0632
3.259,LMPC,9.7804,2.268,3.673,1.5454,0.1561,9.6252,2.2855,4.0915,0.0617
3.2638,LMPC,9.7804,2.268,3.673,1.5454,0.1561,9.6252,2.2855,4.0915,0.0617
3.2687,LMPC,9.7804,2.268,3.673,1.5454,0.1561,9.6252,2.2855,4.0915,0.0617
3.2736,LMPC,9.7814,2.3048,3.6787,1.5438,0.1539,9.6278,2.3154,4.1134,0.06
3.2784,LMPC,9.7824,2.3416,3.6841,1.5422,0.1517,9.6304,2.3453,4.1352,0.0585
3.2831,LMPC,9.7824,2.3416,3.6841,1.5422,0.1517,9.6304,2.3453,4.1352,0.0585
3.2881,LMPC,9.7824,2.3416,3.6841,1.5422,0.1517,9.6304,2.3453,4.1352,0.0585
3.2929,LMPC,9.7834,2.3784,3.6898,1.5406,0.1495,9.6357,2.4051,4.1785,0.0568
3.2975,LMPC,9.7845,2.4153,3.6957,1.5391,0.1473,9.6383,2.435,4.2,0.0553
3.3019,LMPC,9.7845,2.4153,3.6957,1.5391,0.1473,9.6383,2.435,4.2,0.0553
3.3065,LMPC,9.7845,2.4153,3.6957,1.5391,0.1473,9.6383,2.435,4.2,0.0553
3.3109,LMPC,9.7856,2.4523,3.7016,1.5374,0.1453,9.6409,2.4648,4.2214,0.0536
3.3155,LMPC,9.7856,2.4523,3.7016,1.5374,0.1453,9.6409,2.4648,4.2214,0.0536
3.3206,LMPC,9.7868,2.4893,3.7074,1.5359,0.1432,9.6435,2.4947,4.2426,0.0521
3.3254,LMPC,9.7868,2.4893,3.7074,1.5359,0.1432,9.6435,2.4947,4.2426,0.0521
3.3301,LMPC,9.7881,2.5264,3.7135,1.5342,0.1413,9.6461,2.5246,4.2638,0.0505
3.3346,LMPC,9.7881,2.5264,3.7135,1.5342,0.1413,9.6461,2.5246,4.2638,0.0505
3.3391,LMPC,9.7894,2.5635,3.7214,1.5328,0.1393,9.6513,2.5844,4.3058,0.049
3.3439,LMPC,9.7894,2.5635,3.7214,1.5328,0.1393,9.6513,2.5844,4.3058,0.049
3.3486,LMPC,9.7907,2.6008,3.7298,1.5311,0.1374,9.6539,2.6143,4.3267,0.0473
3.3532,LMPC,9.7907,2.6008,3.7298,1.5311,0.1374,9.6539,2.6143,4.3267,0.0473
3.3579,LMPC,9.7921,2.6381,3.739,1.5296,0.1356,9.6565,2.6442,4.3474,0.0459
3.3629,LMPC,9.7921,2.6381,3.739,1.5296,0.1356,9.6565,2.6442,4.3474,0.0459
3.3674,LMPC,9.7921,2.6381,3.739,1.5296,0.1356,9.6565,2.6442,4.3474,0.0459
3.3718,LMPC,9.7936,2.6755,3.7486,1.528,0.1338,9.6591,2.674,4.3681,0.0442
3.3765,LMPC,9.7936,2.6755,3.7486,1.528,0.1338,9.6591,2.674,4.3681,0.0442
3.3814,LMPC,9.7952,2.713,3.7589,1.5265,0.1321,9.6644,2.7338,4.4091,0.0428
3.386,LMPC,9.7952,2.713,3.7589,1.5265,0.1321,9.6644,2.7338,4.4091,0.0428
3.3908,LMPC,9.7968,2.7506,3.7706,1.5249,0.1304,9.667,2.7637,4.4294,0.0411
3.3959,LMPC,9.7968,2.7506,3.7706,1.5249,0.1304,9.667,2.7637,4.4294,0.0411
3.4008,LMPC,9.7984,2.7884,3.7828,1.5235,0.1288,9.6696,2.7936,4.4497,0.0397
3.4052,LMPC,9.7984,2.7884,3.7828,1.5235,0.1288,9.6696,2.7936,4.4497,0.0397
3.4099,LMPC,9.8001,2.8262,3.7954,1.5219,0.1272,9.6722,2.8235,4.4699,0.0381
3.4147,LMPC,9.8001,2.8262,3.7954,1.5219,0.1272,9.6722,2.8235,4.4699,0.0381
3.4195,LMPC,9.8019,2.8642,3.8083,1.5204,0.1257,9.6774,2.8832,4.51,0.0366
3.4242,LMPC,9.8019,2.8642,3.8083,1.5204,0.1257,9.6774,2.8832,4.51,0.0366
3.4292,LMPC,9.8038,2.9023,3.8226,1.5188,0.1242,9.68,2.9131,4.5299,0.035
3.4338,LMPC,9.8038,2.9023,3.8226,1.5188,0.1242,9.68,2.9131,4.5299,0.035
3.4383,LMPC,9.8057,2.9405,3.8372,1.5174,0.1228,9.6826,2.943,4.5497,0.0336
3.443,LMPC,9.8057,2.9405,3.8372,1.5174,0.1228,9.6826,2.943,4.5497,0.0336
3.4477,LMPC,9.8057,2.9405,3.8372,1.5174,0.1228,9.6826,2.943,4.5497,0.0336
3.4523,LMPC,9.8077,2.9789,3.8521,1.5158,0.1214,9.6878,3.0028,4.5891,0.032
3.4571,LMPC,9.8097,3.0175,3.8672,1.5144,0.1201,9.6905,3.0327,4.6087,0.0306
3.4621,LMPC,9.8097,3.0175,3.8672,1.5144,0.1201,9.6905,3.0327,4.6087,0.0306
3.4668,LMPC,9.8097,3.0175,3.8672,1.5144,0.1201,9.6905,3.0327,4.6087,0.0306
3.4712,LMPC,9.8118,3.0562,3.8835,1.5128,0.1188,9.6931,3.0626,4.6282,0.029
3.4759,LMPC,9.8118,3.0562,3.8835,1.5128,0.1188,9.6931,3.0626,4.6282,0.029
3.4807,LMPC,9.814,3.095,3.9,1.5116,0.1176,9.6957,3.0925,4.6476,0.0279
3.4852,LMPC,9.814,3.095,3.9,1.5116,0.1176,9.6957,3.0925,4.6476,0.0279
3.4897,LMPC,9.8161,3.1341,3.9166,1.5114,0.1163,9.7009,3.1522,4.6861,0.0276
3.4952,LMPC,9.8161,3.1341,3.9166,1.5114,0.1163,9.7009,3.1522,4.6861,0.0276
3.5004,LMPC,9.8182,3.1733,3.9343,1.5115,0.115,9.7035,3.1821,4.7053,0.0277
3.505,LMPC,9.8182,3.1733,3.9343,1.5115,0.115,9.7035,3.1821,4.7053,0.0277
3.5096,LMPC,9.8203,3.2126,3.9521,1.5122,0.1137,9.7061,3.212,4.7244,0.0284
3.5143,LMPC,9.8203,3.2126,3.9521,1.5122,0.1137,9.7061,3.212,4.7244,0.0284
3.5191,LMPC,9.8225,3.2522,3.97,1.513,0.1124,9.7113,3.2718,4.7624,0.0292
3.5238,LMPC,9.8225,3.2522,3.97,1.513,0.1124,9.7113,3.2718,4.7624,0.0292
3.5321,LMPC,9.8246,3.2919,3.988,1.5142,0.1111,9.7139,3.3017,4.7812,0.0304
3.5367,LMPC,9.8246,3.2919,3.988,1.5142,0.1111,9.7139,3.3017,4.7812,0.0304
3.5413,LMPC,9.8267,3.3318,4.0069,1.5154,0.1097,9.7166,3.3315,4.8,0.0316
3.546,LMPC,9.8267,3.3318,4.0069,1.5154,0.1097,9.7166,3.3315,4.8,0.0316
3.5506,LMPC,9.8288,3.3719,4.0258,1.5169,0.1083,9.7218,3.3913,4.8374,0.0331
3.5552,LMPC,9.8288,3.3719,4.0258,1.5169,0.1083,9.7218,3.3913,4.8374,0.0331
3.5603,LMPC,9.8308,3.4122,4.0448,1.5183,0.1068,9.7244,3.4212,4.8559,0.0345
3.5653,LMPC,9.8308,3.4122,4.0448,1.5183,0.1068,9.7244,3.4212,4.8559,0.0345
3.57,LMPC,9.8329,3.4527,4.0646,1.5199,0.1054,9.727,3.4511,4.8559,0.0361
3.5745,LMPC,9.8329,3.4527,4.0646,1.5199,0.1054,9.727,3.4511,4.8559,0.0361
3.5793,LMPC,9.8349,3.4934,4.0844,1.5214,0.1038,9.7322,3.5109,4.8187,0.0376
3.5839,LMPC,9.8349,3.4934,4.0844,1.5214,0.1038,9.7322,3.5109,4.8187,0.0376
3.5885,LMPC,9.8349,3.4934,4.0844,1.5214,0.1038,9.7322,3.5109,4.8187,0.0376
3.5931,LMPC,9.8369,3.5343,4.1042,1.523,0.1022,9.7348,3.5407,4.8,0.0393
3.5981,LMPC,9.8389,3.5754,4.1248,1.5243,0.1006,9.7374,3.5706,4.7812,0.0405
3.6028,LMPC,9.8389,3.5754,4.1248,1.5243,0.1006,9.7374,3.5706,4.7812,0.0405
3.6072,LMPC,9.8389,3.5754,4.1248,1.5243,0.1006,9.7374,3.5706,4.7812,0.0405
3.6118,LMPC,9.8409,3.6167,4.1453,1.5247,0.0991,9.7426,3.6304,4.7434,0.0409
3.6165,LMPC,9.8409,3.6167,4.1453,1.5247,0.0991,9.7426,3.6304,4.7434,0.0409
3.6213,LMPC,9.8429,3.6582,4.1648,1.5246,0.0975,9.7453,3.6603,4.7244,0.0409
3.6257,LMPC,9.8429,3.6582,4.1648,1.5246,0.0975,9.7453,3.6603,4.7244,0.0409
3.6385,LMPC,9.8471,3.7418,4.1968,1.5233,0.0944,9.7531,3.75,4.6669,0.0395
3.6425,LMPC,9.8471,3.7418,4.1968,1.5233,0.0944,9.7531,3.75,4.6669,0.0395
3.6467,LMPC,9.8471,3.7418,4.1968,1.5233,0.0944,9.7531,3.75,4.6669,0.0395
3.6523,LMPC,9.8493,3.7837,4.2103,1.5221,0.0929,9.7557,3.7798,4.6476,0.0384
3.6575,LMPC,9.8515,3.8258,4.2214,1.521,0.0914,9.7609,3.8396,4.6087,0.0372
3.6623,LMPC,9.8515,3.8258,4.2214,1.521,0.0914,9.7609,3.8396,4.6087,0.0372
3.6671,LMPC,9.8515,3.8258,4.2214,1.521,0.0914,9.7609,3.8396,4.6087,0.0372
3.6716,LMPC,9.8537,3.868,4.2311,1.5195,0.0899,9.7635,3.8695,4.5891,0.0357
3.6757,LMPC,9.8537,3.868,4.2311,1.5195,0.0899,9.7635,3.8695,4.5891,0.0357
3.6801,LMPC,9.8559,3.9103,4.2402,1.5181,0.0885,9.7687,3.9293,4.5497,0.0343
3.6845,LMPC,9.8559,3.9103,4.2402,1.5181,0.0885,9.7687,3.9293,4.5497,0.0343
3.6887,LMPC,9.8582,3.9527,4.2463,1.5164,0.0871,9.7713,3.9592,4.5299,0.0326
3.693,LMPC,9.8582,3.9527,4.2463,1.5164,0.0871,9.7713,3.9592,4.5299,0.0326
3.6978,LMPC,9.8605,3.9951,4.2511,1.5148,0.0857,9.774,3.989,4.51,0.031
3.7023,LMPC,9.8605,3.9951,4.2511,1.5148,0.0857,9.774,3.989,4.51,0.031
3.7066,LMPC,9.8605,3.9951,4.2511,1.5148,0.0857,9.774,3.989,4.51,0.031
3.711,LMPC,9.8629,4.0376,4.2538,1.513,0.0844,9.7792,4.0488,4.4699,0.0293
3.7154,LMPC,9.8629,4.0376,4.2538,1.513,0.0844,9.7792,4.0488,4.4699,0.0293
3.72,LMPC,9.8654,4.0801,4.2555,1.5114,0.0832,9.7818,4.0787,4.4497,0.0276
3.7248,LMPC,9.8654,4.0801,4.2555,1.5114,0.0832,9.7818,4.0787,4.4497,0.0276
3.7294,LMPC,9.8679,4.1225,4.2544,1.5095,0.0819,9.787,4.1385,4.4091,0.0257
3.7344,LMPC,9.8679,4.1225,4.2544,1.5095,0.0819,9.787,4.1385,4.4091,0.0257
3.7392,LMPC,9.8704,4.165,4.2497,1.5078,0.0808,9.7896,4.1684,4.3886,0.024
3.7435,LMPC,9.8704,4.165,4.2497,1.5078,0.0808,9.7896,4.1684,4.3886,0.024
3.7479,LMPC,9.8704,4.165,4.2497,1.5078,0.0808,9.7896,4.1684,4.3886,0.024
3.7524,LMPC,9.873,4.2074,4.2422,1.5059,0.0797,9.7948,4.2281,4.3474,0.0221
3.7571,LMPC,9.8756,4.2496,4.2284,1.5041,0.0786,9.7974,4.258,4.3267,0.0203
3.7617,LMPC,9.8756,4.2496,4.2284,1.5041,0.0786,9.7974,4.258,4.3267,0.0203
3.7664,LMPC,9.8756,4.2496,4.2284,1.5041,0.0786,9.7974,4.258,4.3267,0.0203
3.771,LMPC,9.8783,4.2918,4.2152,1.5021,0.0776,9.8,4.2879,4.3058,0.0183
3.7752,LMPC,9.8783,4.2918,4.2152,1.5021,0.0776,9.8,4.2879,4.3058,0.0183
3.7795,LMPC,9.881,4.3338,4.2028,1.5006,0.0767,9.8053,4.3477,4.2638,0.0168
3.7839,LMPC,9.881,4.3338,4.2028,1.5006,0.0767,9.8053,4.3477,4.2638,0.0168
3.7883,LMPC,9.881,4.3338,4.2028,1.5006,0.0767,9.8053,4.3477,4.2638,0.0168
3.7929,LMPC,9.8837,4.3757,4.1913,1.5001,0.0757,9.8079,4.3776,4.2426,0.0163
3.7976,LMPC,9.8864,4.4174,4.1795,1.5,0.0748,9.8131,4.4373,4.2,0.0162
3.8023,LMPC,9.8864,4.4174,4.1795,1.5,0.0748,9.8131,4.4373,4.2,0.0162
3.8069,LMPC,9.8864,4.4174,4.1795,1.5,0.0748,9.8131,4.4373,4.2,0.0162
3.8113,LMPC,9.8891,4.4591,4.1674,1.5006,0.0738,9.8157,4.4672,4.1785,0.0168
3.8157,LMPC,9.8891,4.4591,4.1674,1.5006,0.0738,9.8157,4.4672,4.1785,0.0168
3.8204,LMPC,9.8917,4.5006,4.1552,1.5014,0.0728,9.8183,4.4971,4.1569,0.0176
3.8251,LMPC,9.8917,4.5006,4.1552,1.5014,0.0728,9.8183,4.4971,4.1569,0.0176
3.83,LMPC,9.8943,4.542,4.1427,1.5026,0.0718,9.8235,4.5569,4.1134,0.0188
3.8347,LMPC,9.8943,4.542,4.1427,1.5026,0.0718,9.8235,4.5569,4.1134,0.0188
3.8463,LMPC,9.8969,4.5833,4.1307,1.5038,0.0708,9.8261,4.5868,4.0915,0.02
3.8503,LMPC,9.8995,4.6245,4.1184,1.5054,0.0698,9.8287,4.6167,4.0694,0.0216
3.8552,LMPC,9.8995,4.6245,4.1184,1.5054,0.0698,9.8287,4.6167,4.0694,0.0216
3.8612,LMPC,9.9021,4.6655,4.1061,1.5069,0.0688,9.834,4.6764,4.0249,0.0231
3.8662,LMPC,9.9021,4.6655,4.1061,1.5069,0.0688,9.834,4.6764,4.0249,0.0231
3.8709,LMPC,9.9045,4.7064,4.0939,1.5087,0.0677,9.8366,4.7063,4.0025,0.0249
3.8754,LMPC,9.9045,4.7064,4.0939,1.5087,0.0677,9.8366,4.7063,4.0025,0.0249
3.8803,LMPC,9.907,4.7472,4.0813,1.5103,0.0666,9.8418,4.7661,3.9573,0.0266
3.8849,LMPC,9.907,4.7472,4.0813,1.5103,0.0666,9.8418,4.7661,3.9573,0.0266
3.8895,LMPC,9.9094,4.7879,4.0711,1.5122,0.0655,9.8444,4.796,3.9345,0.0284
3.8945,LMPC,9.9094,4.7879,4.0711,1.5122,0.0655,9.8444,4.796,3.9345,0.0284
3.8998,LMPC,9.9118,4.8285,4.0579,1.514,0.0643,9.847,4.8259,3.9115,0.0302
3.9046,LMPC,9.9118,4.8285,4.0579,1.514,0.0643,9.847,4.8259,3.9115,0.0302
3.9092,LMPC,9.9141,4.8689,4.0448,1.5159,0.0631,9.8522,4.8856,3.8652,0.0321
3.9141,LMPC,9.9141,4.8689,4.0448,1.5159,0.0631,9.8522,4.8856,3.8652,0.0321
3.919,LMPC,9.9163,4.9093,4.032,1.5177,0.0618,9.8548,4.9155,3.8419,0.0339
3.9242,LMPC,9.9163,4.9093,4.032,1.5177,0.0618,9.8548,4.9155,3.8419,0.0339
3.9291,LMPC,9.9185,4.9495,4.0198,1.5197,0.0605,9.8575,4.9454,3.8184,0.0359
3.934,LMPC,9.9185,4.9495,4.0198,1.5197,0.0605,9.8575,4.9454,3.8184,0.0359
3.939,LMPC,9.9207,4.9895,4.0083,1.5215,0.0591,9.8627,5.0052,3.7709,0.0377
3.9436,LMPC,9.9207,4.9895,4.0083,1.5215,0.0591,9.8627,5.0052,3.7709,0.0377
3.9482,LMPC,9.9207,4.9895,4.0083,1.5215,0.0591,9.8627,5.0052,3.7709,0.0377
3.9528,LMPC,9.9227,5.0295,3.997,1.5234,0.0577,9.8653,5.0351,3.747,0.0397
3.9579,LMPC,9.9247,5.0694,3.9858,1.5252,0.0562,9.8679,5.0649,3.7229,0.0415
3.9629,LMPC,9.9247,5.0694,3.9858,1.5252,0.0562,9.8679,5.0649,3.7229,0.0415
3.9678,LMPC,9.9247,5.0694,3.9858,1.5252,0.0562,9.8679,5.0649,3.7229,0.0415
3.9724,LMPC,9.9266,5.1091,3.9747,1.5272,0.0547,9.8731,5.1247,3.6742,0.0434
3.9773,LMPC,9.9285,5.1488,3.9638,1.529,0.0531,9.8757,5.1546,3.6497,0.0452
3.9821,LMPC,9.9285,5.1488,3.9638,1.529,0.0531,9.8757,5.1546,3.6497,0.0452
3.9868,LMPC,9.9285,5.1488,3.9638,1.529,0.0531,9.8757,5.1546,3.6497,0.0452
3.9917,LMPC,9.9303,5.1883,3.9532,1.531,0.0514,9.8783,5.1845,3.6249,0.0472
3.9968,LMPC,9.9303,5.1883,3.9532,1.531,0.0514,9.8783,5.1845,3.6249,0.0472
4.0017,LMPC,9.932,5.2278,3.9426,1.5327,0.0497,9.8835,5.2443,3.5749,0.049
4.0062,LMPC,9.932,5.2278,3.9426,1.5327,0.0497,9.8835,5.2443,3.5749,0.049
4.011,LMPC,9.9336,5.2671,3.9322,1.535,0.0479,9.8862,5.2742,3.5496,0.0512
4.0157,LMPC,9.9336,5.2671,3.9322,1.535,0.0479,9.8862,5.2742,3.5496,0.0512
4.0207,LMPC,9.9351,5.3064,3.922,1.5382,0.0472,9.8876,5.3041,3.5242,0.0491
4.029,LMPC,9.9364,5.3455,3.9125,1.5419,0.0471,9.8883,5.3341,3.4986,0.0442
4.0339,LMPC,9.9364,5.3455,3.9125,1.5419,0.0471,9.8883,5.3341,3.4986,0.0442
4.0388,LMPC,9.9375,5.3846,3.9031,1.5462,0.0483,9.8897,5.3941,3.4467,0.0314
4.0436,LMPC,9.9375,5.3846,3.9031,1.5462,0.0483,9.8897,5.3941,3.4467,0.0314
4.0484,LMPC,9.9375,5.3846,3.9031,1.5462,0.0483,9.8897,5.3941,3.4467,0.0314
4.053,LMPC,9.9386,5.4235,3.894,1.5506,0.0481,9.8905,5.4241,3.4205,0.0273
4.0581,LMPC,9.9394,5.4624,3.885,1.5554,0.0479,9.8912,5.4541,3.3941,0.0236
4.0706,LMPC,9.9401,5.5012,3.8762,1.5602,0.0477,9.8927,5.514,3.3407,0.0184
4.0749,LMPC,9.9401,5.5012,3.8762,1.5602,0.0477,9.8927,5.514,3.3407,0.0184
4.0795,LMPC,9.9407,5.5399,3.8675,1.5654,0.0472,9.8936,5.544,3.3136,0.0234
4.0843,LMPC,9.9407,5.5399,3.8675,1.5654,0.0472,9.8936,5.544,3.3136,0.0234
4.0891,LMPC,9.9411,5.5786,3.8591,1.5704,0.0465,9.8944,5.574,3.2863,0.0284
4.0941,LMPC,9.9411,5.5786,3.8591,1.5704,0.0465,9.8944,5.574,3.2863,0.0284
4.0991,LMPC,9.9413,5.6171,3.8508,1.5757,0.0456,9.8953,5.604,3.2588,0.0337
4.1038,LMPC,9.9413,5.6171,3.8508,1.5757,0.0456,9.8953,5.604,3.2588,0.0337
4.1084,LMPC,9.9413,5.6171,3.8508,1.5757,0.0456,9.8953,5.604,3.2588,0.0337
4.1132,LMPC,9.9413,5.6556,3.844,1.5808,0.0445,9.897,5.664,3.2031,0.0387
4.1181,LMPC,9.9412,5.694,3.8358,1.5861,0.0433,9.8979,5.694,3.1749,0.044
4.1227,LMPC,9.9412,5.694,3.8358,1.5861,0.0433,9.8979,5.694,3.1749,0.044
4.1277,LMPC,9.9412,5.694,3.8358,1.5861,0.0433,9.8979,5.694,3.1749,0.044
4.1324,LMPC,9.9409,5.7323,3.8279,1.5913,0.043,9.8976,5.724,3.1464,0.0436
4.137,LMPC,9.9404,5.7706,3.8206,1.5966,0.0434,9.8972,5.784,3.0887,0.0376
4.1416,LMPC,9.9404,5.7706,3.8206,1.5966,0.0434,9.8972,5.784,3.0887,0.0376
4.1462,LMPC,9.9404,5.7706,3.8206,1.5966,0.0434,9.8972,5.784,3.0887,0.0376
4.1507,LMPC,9.9397,5.8087,3.8132,1.6018,0.0428,9.8969,5.814,3.0594,0.0371
4.1552,LMPC,9.9397,5.8087,3.8132,1.6018,0.0428,9.8969,5.814,3.0594,0.0371
4.1604,LMPC,9.9388,5.8468,3.8062,1.6071,0.0422,9.8967,5.844,3.0299,0.0368
4.1653,LMPC,9.9388,5.8468,3.8062,1.6071,0.0422,9.8967,5.844,3.0299,0.0368
4.1697,LMPC,9.9378,5.8848,3.7992,1.6122,0.0414,9.8964,5.874,3.0,0.0363
4.174,LMPC,9.9378,5.8848,3.7992,1.6122,0.0414,9.8964,5.874,3.0,0.0363
4.1788,LMPC,9.9365,5.9228,3.7922,1.6179,0.0413,9.8954,5.9039,3.0,0.0349
4.1833,LMPC,9.9365,5.9228,3.7922,1.6179,0.0413,9.8954,5.9039,3.0,0.0349
4.1879,LMPC,9.9365,5.9228,3.7922,1.6179,0.0413,9.8954,5.9039,3.0,0.0349
4.1926,LMPC,9.935,5.9606,3.7855,1.6244,0.049,9.8859,5.9631,3.0594,0.0137
4.1976,LMPC,9.9332,5.9984,3.7788,1.6314,0.0524,9.8811,5.9927,3.0887,0.0067
4.2022,LMPC,9.9332,5.9984,3.7788,1.6314,0.0524,9.8811,5.9927,3.0887,0.0067
4.2067,LMPC,9.9332,5.9984,3.7788,1.6314,0.0524,9.8811,5.9927,3.0887,0.0067
4.2112,LMPC,9.9311,6.0361,3.7722,1.6389,0.0557,9.8763,6.0224,3.1177,0.0004
4.2161,LMPC,9.9311,6.0361,3.7722,1.6389,0.0557,9.8763,6.0224,3.1177,0.0004
4.2209,LMPC,9.9288,6.0737,3.7659,1.6463,0.059,9.8715,6.052,3.1464,-0.0062
4.2255,LMPC,9.9288,6.0737,3.7659,1.6463,0.059,9.8715,6.052,3.1464,-0.0062
4.2303,LMPC,9.9264,6.1113,3.7595,1.6529,0.0636,9.8625,6.1113,3.2031,-0.0225
4.2351,LMPC,9.9264,6.1113,3.7595,1.6529,0.0636,9.8625,6.1113,3.2031,-0.0225
4.2398,LMPC,9.9237,6.1487,3.7532,1.6593,0.0648,9.8593,6.1411,3.2311,-0.0162
4.2443,LMPC,9.9237,6.1487,3.7532,1.6593,0.0648,9.8593,6.1411,3.2311,-0.0162
4.2489,LMPC,9.9208,6.1861,3.7465,1.6652,0.0659,9.8562,6.1709,3.2588,-0.0103
4.2535,LMPC,9.9208,6.1861,3.7465,1.6652,0.0659,9.8562,6.1709,3.2588,-0.0103
4.2582,LMPC,9.9178,6.2234,3.7396,1.671,0.0667,9.8499,6.2306,3.3136,-0.0045
4.2633,LMPC,9.9178,6.2234,3.7396,1.671,0.0667,9.8499,6.2306,3.3136,-0.0045
4.2681,LMPC,9.9178,6.2234,3.7396,1.671,0.0667,9.8499,6.2306,3.3136,-0.0045
4.2725,LMPC,9.9145,6.2606,3.7327,1.6765,0.0674,9.8468,6.2605,3.3407,0.001
4.2769,LMPC,9.911,6.2978,3.7261,1.682,0.0678,9.8436,6.2903,3.3675,0.0065
4.2817,LMPC,9.911,6.2978,3.7261,1.682,0.0678,9.8436,6.2903,3.3675,0.0065
4.2867,LMPC,9.911,6.2978,3.7261,1.682,0.0678,9.8436,6.2903,3.3675,0.0065
4.2915,LMPC,9.9074,6.3348,3.7195,1.6869,0.068,9.8405,6.3201,3.3941,0.0115
4.2963,LMPC,9.9074,6.3348,3.7195,1.6869,0.068,9.8405,6.3201,3.3941,0.0115
4.3013,LMPC,9.9036,6.3718,3.713,1.6908,0.0682,9.8374,6.35,3.4205,0.0153
4.3059,LMPC,9.9036,6.3718,3.713,1.6908,0.0682,9.8374,6.35,3.4205,0.0153
4.3102,LMPC,9.8997,6.4087,3.7056,1.6942,0.0681,9.8311,6.4096,3.4728,0.0188
4.3147,LMPC,9.8997,6.4087,3.7056,1.6942,0.0681,9.8311,6.4096,3.4728,0.0188
4.3193,LMPC,9.8957,6.4455,3.6983,1.697,0.068,9.828,6.4395,3.4986,0.0216
4.3237,LMPC,9.8957,6.4455,3.6983,1.697,0.068,9.828,6.4395,3.4986,0.0216
4.3283,LMPC,9.8957,6.4455,3.6983,1.697,0.068,9.828,6.4395,3.4986,0.0216
4.333,LMPC,9.8916,6.4822,3.691,1.6996,0.0677,9.8248,6.4693,3.5242,0.0242
4.3377,LMPC,9.8873,6.5188,3.684,1.7018,0.0673,9.8217,6.4991,3.5496,0.0264
4.3422,LMPC,9.8873,6.5188,3.684,1.7018,0.0673,9.8217,6.4991,3.5496,0.0264
4.3469,LMPC,9.8873,6.5188,3.684,1.7018,0.0673,9.8217,6.4991,3.5496,0.0264
4.3515,LMPC,9.883,6.5554,3.6772,1.704,0.0668,9.8154,6.5588,3.6,0.0286
4.3576,LMPC,9.8785,6.5918,3.6692,1.7059,0.0662,9.8123,6.5886,3.6249,0.0304
4.3647,LMPC,9.8785,6.5918,3.6692,1.7059,0.0662,9.8123,6.5886,3.6249,0.0304
4.3687,LMPC,9.874,6.6282,3.6609,1.7079,0.0655,9.8091,6.6185,3.6497,0.0324
4.3725,LMPC,9.874,6.6282,3.6609,1.7079,0.0655,9.8091,6.6185,3.6497,0.0324
4.3766,LMPC,9.8694,6.6645,3.6526,1.7093,0.0647,9.806,6.6483,3.6742,0.0338
4.3812,LMPC,9.8694,6.6645,3.6526,1.7093,0.0647,9.806,6.6483,3.6742,0.0338
4.3851,LMPC,9.8694,6.6645,3.6526,1.7093,0.0647,9.806,6.6483,3.6742,0.0338
4.3889,LMPC,9.8648,6.7007,3.6447,1.7097,0.0639,9.7997,6.708,3.7229,0.0342
4.393,LMPC,9.8648,6.7007,3.6447,1.7097,0.0639,9.7997,6.708,3.7229,0.0342
4.3982,LMPC,9.8602,6.7368,3.6371,1.7096,0.0631,9.7966,6.7378,3.6986,0.0342
4.4022,LMPC,9.8602,6.7368,3.6371,1.7096,0.0631,9.7966,6.7378,3.6986,0.0342
4.4061,LMPC,9.8602,6.7368,3.6371,1.7096,0.0631,9.7966,6.7378,3.6986,0.0342
4.41,LMPC,9.8555,6.7728,3.6291,1.709,0.0623,9.7935,6.7677,3.6742,0.0335
4.4147,LMPC,9.8555,6.7728,3.6291,1.709,0.0623,9.7935,6.7677,3.6742,0.0335
4.4191,LMPC,9.8509,6.8088,3.6207,1.7082,0.0614,9.7903,6.7975,3.6497,0.0327
4.4231,LMPC,9.8509,6.8088,3.6207,1.7082,0.0614,9.7903,6.7975,3.6497,0.0327
4.4271,LMPC,9.8509,6.8088,3.6207,1.7082,0.0614,9.7903,6.7975,3.6497,0.0327
4.4317,LMPC,9.8463,6.8446,3.6119,1.707,0.0606,9.7872,6.8273,3.6249,0.0315
4.4357,LMPC,9.8463,6.8446,3.6119,1.707,0.0606,9.7872,6.8273,3.6249,0.0315
4.4396,LMPC,9.8416,6.8804,3.6028,1.7061,0.0597,9.7809,6.887,3.5749,0.0306
4.4433,LMPC,9.8416,6.8804,3.6028,1.7061,0.0597,9.7809,6.887,3.5749,0.0306
4.4472,LMPC,9.8416,6.8804,3.6028,1.7061,0.0597,9.7809,6.887,3.5749,0.0306
4.4516,LMPC,9.8369,6.9161,3.5941,1.706,0.0587,9.7778,6.9168,3.5496,0.0306
4.4629,LMPC,9.8322,6.9517,3.5855,1.7063,0.0577,9.7747,6.9467,3.5242,0.0308
4.4675,LMPC,9.8322,6.9517,3.5855,1.7063,0.0577,9.7747,6.9467,3.5242,0.0308
4.4713,LMPC,9.8274,6.9872,3.5768,1.7071,0.0567,9.7715,6.9765,3.4986,0.0316
4.475,LMPC,9.8274,6.9872,3.5768,1.7071,0.0567,9.7715,6.9765,3.4986,0.0316
4.4789,LMPC,9.8226,7.0226,3.568,1.708,0.0556,9.7684,7.0063,3.4728,0.0325
4.4829,LMPC,9.8226,7.0226,3.568,1.708,0.0556,9.7684,7.0063,3.4728,0.0325
4.4868,LMPC,9.8226,7.0226,3.568,1.708,0.0556,9.7684,7.0063,3.4728,0.0325
4.4906,LMPC,9.8177,7.0579,3.5591,1.7092,0.0544,9.7621,7.066,3.4205,0.0337
4.4947,LMPC,9.8177,7.0579,3.5591,1.7092,0.0544,9.7621,7.066,3.4205,0.0337
4.4994,LMPC,9.8128,7.0931,3.5519,1.7104,0.0532,9.759,7.0959,3.3941,0.035
4.5034,LMPC,9.8128,7.0931,3.5519,1.7104,0.0532,9.759,7.0959,3.3941,0.035
4.5072,LMPC,9.8128,7.0931,3.5519,1.7104,0.0532,9.759,7.0959,3.3941,0.035
4.511,LMPC,9.8078,7.1282,3.5433,1.7119,0.052,9.7558,7.1257,3.3675,0.0364
4.515,LMPC,9.8078,7.1282,3.5433,1.7119,0.052,9.7558,7.1257,3.3675,0.0364
4.5194,LMPC,9.8029,7.1632,3.5349,1.7133,0.0507,9.7527,7.1555,3.3407,0.0378
4.5234,LMPC,9.8029,7.1632,3.5349,1.7133,0.0507,9.7527,7.1555,3.3407,0.0378
4.5306,LMPC,9.7978,7.1982,3.5265,1.7152,0.0494,9.7496,7.1854,3.3136,0.0397
4.5349,LMPC,9.7978,7.1982,3.5265,1.7152,0.0494,9.7496,7.1854,3.3136,0.0397
4.5392,LMPC,9.7927,7.233,3.5176,1.7181,0.0479,9.7464,7.2152,3.2863,0.0426
4.5433,LMPC,9.7927,7.233,3.5176,1.7181,0.0479,9.7464,7.2152,3.2863,0.0426
4.5473,LMPC,9.7927,7.233,3.5176,1.7181,0.0479,9.7464,7.2152,3.2863,0.0426
4.5516,LMPC,9.7874,7.2678,3.509,1.7214,0.0463,9.7402,7.2749,3.2311,0.0459
4.556,LMPC,9.7874,7.2678,3.509,1.7214,0.0463,9.7402,7.2749,3.2311,0.0459
4.5604,LMPC,9.782,7.3024,3.5005,1.7256,0.0445,9.737,7.3047,3.2031,0.0502
4.5649,LMPC,9.782,7.3024,3.5005,1.7256,0.0445,9.737,7.3047,3.2031,0.0502
4.5693,LMPC,9.7764,7.3369,3.4923,1.7311,0.0425,9.7339,7.3345,3.1749,0.0556
4.5735,LMPC,9.7764,7.3369,3.4923,1.7311,0.0425,9.7339,7.3345,3.1749,0.0556
4.5777,LMPC,9.7706,7.3713,3.4844,1.7372,0.0404,9.7308,7.3644,3.1464,0.0617
4.5819,LMPC,9.7706,7.3713,3.4844,1.7372,0.0404,9.7308,7.3644,3.1464,0.0617
4.5863,LMPC,9.7706,7.3713,3.4844,1.7372,0.0404,9.7308,7.3644,3.1464,0.0617
4.5904,LMPC,9.7647,7.4056,3.4763,1.744,0.0381,9.7276,7.3942,3.1177,0.0685
4.5948,LMPC,9.7647,7.4056,3.4763,1.744,0.0381,9.7276,7.3942,3.1177,0.0685
4.5994,LMPC,9.7585,7.4398,3.4687,1.751,0.0355,9.7245,7.424,3.0887,0.0755
4.6036,LMPC,9.7585,7.4398,3.4687,1.751,0.0355,9.7245,7.424,3.0887,0.0755
4.6077,LMPC,9.7585,7.4398,3.4687,1.751,0.0355,9.7245,7.424,3.0887,0.0755
4.6117,LMPC,9.7522,7.4738,3.4612,1.7588,0.0327,9.7182,7.4837,3.0299,0.0833
4.6158,LMPC,9.7522,7.4738,3.4612,1.7588,0.0327,9.7182,7.4837,3.0299,0.0833
4.6202,LMPC,9.7455,7.5078,3.4537,1.768,0.0296,9.7151,7.5136,3.0,0.0925
4.6245,LMPC,9.7455,7.5078,3.4537,1.768,0.0296,9.7151,7.5136,3.0,0.0925
4.6291,LMPC,9.7384,7.5415,3.446,1.7788,0.0282,9.7099,7.543,3.0,0.0944
4.6335,LMPC,9.7384,7.5415,3.446,1.7788,0.0282,9.7099,7.543,3.0,0.0944
4.6378,LMPC,9.731,7.5751,3.4385,1.7905,0.0285,9.7027,7.5722,3.0299,0.0887
4.6418,LMPC,9.731,7.5751,3.4385,1.7905,0.0285,9.7027,7.5722,3.0299,0.0887
4.6535,LMPC,9.7233,7.6086,3.4315,1.8035,0.0285,9.6956,7.6013,3.0594,0.0843
4.6578,LMPC,9.715,7.6419,3.425,1.8181,0.0281,9.6884,7.6304,3.0594,0.0816
4.6625,LMPC,9.715,7.6419,3.425,1.8181,0.0281,9.6884,7.6304,3.0594,0.0816
4.6667,LMPC,9.715,7.6419,3.425,1.8181,0.0281,9.6884,7.6304,3.0594,0.0816
4.6708,LMPC,9.7062,7.675,3.4188,1.835,0.0274,9.6813,7.6596,3.0299,0.081
4.675,LMPC,9.7062,7.675,3.4188,1.835,0.0274,9.6813,7.6596,3.0299,0.081
4.6795,LMPC,9.6969,7.7078,3.4123,1.8539,0.0261,9.6741,7.6887,3.0,0.0825
4.6837,LMPC,9.6969,7.7078,3.4123,1.8539,0.0261,9.6741,7.6887,3.0,0.0825
4.6879,LMPC,9.6969,7.7078,3.4123,1.8539,0.0261,9.6741,7.6887,3.0,0.0825
4.6924,LMPC,9.6869,7.7404,3.4063,1.874,0.0244,9.6669,7.7178,3.0,0.0852
4.697,LMPC,9.6763,7.7728,3.4008,1.8956,0.0274,9.655,7.7452,3.0,0.0817
4.7011,LMPC,9.6763,7.7728,3.4008,1.8956,0.0274,9.655,7.7452,3.0,0.0817
4.7051,LMPC,9.6763,7.7728,3.4008,1.8956,0.0274,9.655,7.7452,3.0,0.0817
4.7094,LMPC,9.6651,7.8048,3.3955,1.9187,0.0381,9.6272,7.7984,3.0594,0.0485
4.7136,LMPC,9.6651,7.8048,3.3955,1.9187,0.0381,9.6272,7.7984,3.0594,0.0485
4.7178,LMPC,9.6532,7.8366,3.3902,1.9427,0.0414,9.6134,7.825,3.0594,0.0442
4.7219,LMPC,9.6532,7.8366,3.3902,1.9427,0.0414,9.6134,7.825,3.0594,0.0442
4.7265,LMPC,9.6532,7.8366,3.3902,1.9427,0.0414,9.6134,7.825,3.0594,0.0442
4.731,LMPC,9.6406,7.868,3.385,1.9679,0.0442,9.5995,7.8516,3.0299,0.0412
4.7351,LMPC,9.6406,7.868,3.385,1.9679,0.0442,9.5995,7.8516,3.0299,0.0412
4.7394,LMPC,9.6272,7.8991,3.3798,1.9944,0.0464,9.5856,7.8782,3.0,0.0396
4.7438,LMPC,9.6272,7.8991,3.3798,1.9944,0.0464,9.5856,7.8782,3.0,0.0396
4.7482,LMPC,9.6272,7.8991,3.3798,1.9944,0.0464,9.5856,7.8782,3.0,0.0396
4.7523,LMPC,9.6131,7.9298,3.3745,2.0217,0.0479,9.5718,7.9048,3.0,0.0387
4.7567,LMPC,9.6131,7.9298,3.3745,2.0217,0.0479,9.5718,7.9048,3.0,0.0387
4.7614,LMPC,9.5982,7.96,3.369,2.05,0.0538,9.5536,7.9286,3.0,0.0388
4.7659,LMPC,9.5982,7.96,3.369,2.05,0.0538,9.5536,7.9286,3.0,0.0388
4.7702,LMPC,9.5825,7.9898,3.3636,2.0797,0.0595,9.5349,7.952,3.0299,0.0403
4.7744,LMPC,9.5825,7.9898,3.3636,2.0797,0.0595,9.5349,7.952,3.0299,0.0403
4.7787,LMPC,9.5659,8.019,3.3583,2.11,0.0645,9.5162,7.9755,3.0594,0.0424
4.7828,LMPC,9.5659,8.019,3.3583,2.11,0.0645,9.5162,7.9755,3.0594,0.0424
4.7873,LMPC,9.5659,8.019,3.3583,2.11,0.0645,9.5162,7.9755,3.0594,0.0424
4.7916,LMPC,9.5486,8.0478,3.3533,2.141,0.0687,9.4975,7.999,3.0594,0.0453
4.7959,LMPC,9.5486,8.0478,3.3533,2.141,0.0687,9.4975,7.999,3.0594,0.0453
4.8004,LMPC,9.5305,8.076,3.3489,2.1722,0.0721,9.4788,8.0224,3.0299,0.0483
4.8047,LMPC,9.5305,8.076,3.3489,2.1722,0.0721,9.4788,8.0224,3.0299,0.0483
4.8089,LMPC,9.5115,8.1036,3.3445,2.2038,0.0747,9.4601,8.0459,3.0,0.0518
4.813,LMPC,9.5115,8.1036,3.3445,2.2038,0.0747,9.4601,8.0459,3.0,0.0518
4.8175,LMPC,9.4918,8.1306,3.3401,2.2354,0.0768,9.4411,8.0691,3.0,0.0552
4.8219,LMPC,9.4918,8.1306,3.3401,2.2354,0.0768,9.4411,8.0691,3.0,0.0552
4.8262,LMPC,9.4918,8.1306,3.3401,2.2354,0.0768,9.4411,8.0691,3.0,0.0552
4.8305,LMPC,9.4713,8.1569,3.3354,2.2672,0.0833,9.4183,8.0885,3.0,0.0588
4.8349,LMPC,9.4713,8.1569,3.3354,2.2672,0.0833,9.4183,8.0885,3.0,0.0588
4.8392,LMPC,9.4501,8.1826,3.331,2.2989,0.0891,9.3955,8.108,3.0299,0.0623
4.8433,LMPC,9.4501,8.1826,3.331,2.2989,0.0891,9.3955,8.108,3.0299,0.0623
4.8574,LMPC,9.4054,8.2318,3.3226,2.3625,0.0979,9.3498,8.1469,3.0594,0.0696
4.8623,LMPC,9.4054,8.2318,3.3226,2.3625,0.0979,9.3498,8.1469,3.0594,0.0696
4.8673,LMPC,9.4054,8.2318,3.3226,2.3625,0.0979,9.3498,8.1469,3.0594,0.0696
4.8725,LMPC,9.3819,8.2553,3.3187,2.3943,0.1042,9.3041,8.1858,3.0,0.045
4.8778,LMPC,9.3578,8.2781,3.3148,2.4256,0.1031,9.3041,8.1858,3.0,0.0763
4.8825,LMPC,9.3578,8.2781,3.3148,2.4256,0.1031,9.3041,8.1858,3.0,0.0763
4.8871,LMPC,9.3578,8.2781,3.3148,2.4256,0.1031,9.3041,8.1858,3.0,0.0763
4.8916,LMPC,9.3331,8.3002,3.3111,2.456,0.1058,9.2805,8.2041,3.0,0.0785
4.8965,LMPC,9.3331,8.3002,3.3111,2.456,0.1058,9.2805,8.2041,3.0,0.0785
4.9015,LMPC,9.3078,8.3215,3.308,2.4859,0.1119,9.2543,8.2188,3.0229,0.0802
4.9059,LMPC,9.3078,8.3215,3.308,2.4859,0.1119,9.2543,8.2188,3.0229,0.0802
4.9105,LMPC,9.2818,8.342,3.3048,2.5152,0.1173,9.2282,8.2336,3.0525,0.0813
4.915,LMPC,9.2818,8.342,3.3048,2.5152,0.1173,9.2282,8.2336,3.0525,0.0813
4.9195,LMPC,9.2553,8.3617,3.3023,2.5443,0.1217,9.2021,8.2483,3.0819,0.0823
4.9239,LMPC,9.2553,8.3617,3.3023,2.5443,0.1217,9.2021,8.2483,3.0819,0.0823
4.9286,LMPC,9.2553,8.3617,3.3023,2.5443,0.1217,9.2021,8.2483,3.0819,0.0823
4.9333,LMPC,9.2283,8.3807,3.2997,2.573,0.1253,9.1759,8.263,3.0594,0.0828
4.9379,LMPC,9.2008,8.3988,3.297,2.6017,0.1312,9.1237,8.2925,3.0,0.0551
4.9423,LMPC,9.2008,8.3988,3.297,2.6017,0.1312,9.1237,8.2925,3.0,0.0551
4.9468,LMPC,9.2008,8.3988,3.297,2.6017,0.1312,9.1237,8.2925,3.0,0.0551
4.9512,LMPC,9.1727,8.4161,3.2945,2.6297,0.1298,9.1237,8.2925,3.0,0.0832
4.9554,LMPC,9.1727,8.4161,3.2945,2.6297,0.1298,9.1237,8.2925,3.0,0.0832
4.9598,LMPC,9.1443,8.4327,3.292,2.6567,0.1333,9.0966,8.305,3.0,0.082
4.9645,LMPC,9.1443,8.4327,3.292,2.6567,0.1333,9.0966,8.305,3.0,0.082
4.969,LMPC,9.1154,8.4484,3.2898,2.6833,0.1392,9.0681,8.3145,3.0299,0.0804
4.9732,LMPC,9.1154,8.4484,3.2898,2.6833,0.1392,9.0681,8.3145,3.0299,0.0804
4.9777,LMPC,9.0861,8.4635,3.2875,2.709,0.1444,9.0396,8.3239,3.0594,0.0779
4.9821,LMPC,9.0861,8.4635,3.2875,2.709,0.1444,9.0396,8.3239,3.0594,0.0779
4.9863,LMPC,9.0861,8.4635,3.2875,2.709,0.1444,9.0396,8.3239,3.0594,0.0779
4.9911,LMPC,9.0565,8.4778,3.2861,2.7335,0.1489,9.0112,8.3334,3.0887,0.0742
4.9958,LMPC,9.0565,8.4778,3.2861,2.7335,0.1489,9.0112,8.3334,3.0887,0.0742
5.0008,LMPC,9.0266,8.4913,3.2845,2.7573,0.1526,8.9827,8.3429,3.0594,0.0699
5.0051,LMPC,9.0266,8.4913,3.2845,2.7573,0.1526,8.9827,8.3429,3.0594,0.0699
5.0094,LMPC,8.9964,8.5042,3.2832,2.7801,0.1556,8.9542,8.3524,3.0299,0.0645
5.0138,LMPC,8.9964,8.5042,3.2832,2.7801,0.1556,8.9542,8.3524,3.0299,0.0645
5.0181,LMPC,8.9659,8.5163,3.2822,2.8016,0.158,8.9258,8.3618,3.0,0.0578
5.0221,LMPC,8.9659,8.5163,3.2822,2.8016,0.158,8.9258,8.3618,3.0,0.0578
5.0293,LMPC,8.9352,8.5279,3.2814,2.8225,0.1627,8.8966,8.3683,3.0,0.0525
5.0339,LMPC,8.9352,8.5279,3.2814,2.8225,0.1627,8.8966,8.3683,3.0,0.0525
5.0383,LMPC,8.9042,8.5387,3.2808,2.8426,0.1687,8.8669,8.3728,3.0299,0.0477
5.0426,LMPC,8.9042,8.5387,3.2808,2.8426,0.1687,8.8669,8.3728,3.0299,0.0477
5.0469,LMPC,8.9042,8.5387,3.2808,2.8426,0.1687,8.8669,8.3728,3.0299,0.0477
5.0511,LMPC,8.873,8.5489,3.2805,2.8624,0.1741,8.8372,8.3772,3.0594,0.0427
5.0554,LMPC,8.873,8.5489,3.2805,2.8624,0.1741,8.8372,8.3772,3.0594,0.0427
5.0599,LMPC,8.8416,8.5584,3.2803,2.8815,0.1789,8.8076,8.3817,3.0887,0.0369
5.0645,LMPC,8.8416,8.5584,3.2803,2.8815,0.1789,8.8076,8.3817,3.0887,0.0369
5.0688,LMPC,8.8101,8.5674,3.2804,2.8992,0.1832,8.7779,8.3862,3.1177,0.0297
5.0729,LMPC,8.8101,8.5674,3.2804,2.8992,0.1832,8.7779,8.3862,3.1177,0.0297
5.0774,LMPC,8.7784,8.5759,3.2806,2.9153,0.187,8.7483,8.3907,3.1464,0.021
5.0817,LMPC,8.7784,8.5759,3.2806,2.9153,0.187,8.7483,8.3907,3.1464,0.021
5.0858,LMPC,8.7784,8.5759,3.2806,2.9153,0.187,8.7483,8.3907,3.1464,0.021
5.0899,LMPC,8.7466,8.5838,3.2808,2.9306,0.1902,8.7186,8.3951,3.1749,0.0114
5.0952,LMPC,8.7466,8.5838,3.2808,2.9306,0.1902,8.7186,8.3951,3.1749,0.0114
5.1001,LMPC,8.7146,8.5913,3.2811,2.9447,0.1912,8.6599,8.4076,3.2311,0.02
5.1044,LMPC,8.7146,8.5913,3.2811,2.9447,0.1912,8.6599,8.4076,3.2311,0.02
5.1086,LMPC,8.6826,8.5984,3.2815,2.9575,0.1912,8.6306,8.414,3.2588,0.0327
5.1129,LMPC,8.6826,8.5984,3.2815,2.9575,0.1912,8.6306,8.414,3.2588,0.0327
5.1172,LMPC,8.6504,8.605,3.282,2.9695,0.1907,8.6013,8.4205,3.2588,0.0447
5.1212,LMPC,8.6504,8.605,3.282,2.9695,0.1907,8.6013,8.4205,3.2588,0.0447
5.1253,LMPC,8.6504,8.605,3.282,2.9695,0.1907,8.6013,8.4205,3.2588,0.0447
5.1297,LMPC,8.6182,8.6112,3.2826,2.9808,0.1899,8.572,8.427,3.2311,0.056
5.134,LMPC,8.6182,8.6112,3.2826,2.9808,0.1899,8.572,8.427,3.2311,0.056
5.1382,LMPC,8.5859,8.617,3.2833,2.9918,0.1886,8.5427,8.4334,3.2031,0.0671
5.1422,LMPC,8.5859,8.617,3.2833,2.9918,0.1886,8.5427,8.4334,3.2031,0.0671
5.1464,LMPC,8.5859,8.617,3.2833,2.9918,0.1886,8.5427,8.4334,3.2031,0.0671
5.1505,LMPC,8.5535,8.6224,3.2841,3.0021,0.1869,8.5134,8.4399,3.1749,0.0773
5.1544,LMPC,8.5535,8.6224,3.2841,3.0021,0.1869,8.5134,8.4399,3.1749,0.0773
5.1587,LMPC,8.521,8.6275,3.2851,3.0113,0.1859,8.4839,8.4453,3.1464,0.0811
5.1632,LMPC,8.521,8.6275,3.2851,3.0113,0.1859,8.4839,8.4453,3.1464,0.0811
5.1677,LMPC,8.521,8.6275,3.2851,3.0113,0.1859,8.4839,8.4453,3.1464,0.0811
5.1719,LMPC,8.4885,8.6323,3.2862,3.0199,0.1847,8.4544,8.4507,3.1177,0.0842
5.1759,LMPC,8.4885,8.6323,3.2862,3.0199,0.1847,8.4544,8.4507,3.1177,0.0842
5.1804,LMPC,8.456,8.6367,3.2874,3.028,0.1833,8.4249,8.4561,3.0887,0.0866
5.1847,LMPC,8.456,8.6367,3.2874,3.028,0.1833,8.4249,8.4561,3.0887,0.0866
5.1887,LMPC,8.4234,8.6409,3.2887,3.0359,0.1815,8.3954,8.4614,3.0594,0.0888
5.1927,LMPC,8.4234,8.6409,3.2887,3.0359,0.1815,8.3954,8.4614,3.0594,0.0888
5.1977,LMPC,8.3907,8.6448,3.2902,3.0434,0.1794,8.3659,8.4668,3.0299,0.0907
5.2021,LMPC,8.3907,8.6448,3.2902,3.0434,0.1794,8.3659,8.4668,3.0299,0.0907
5.2061,LMPC,8.3907,8.6448,3.2902,3.0434,0.1794,8.3659,8.4668,3.0299,0.0907
5.2102,LMPC,8.358,8.6483,3.2919,3.0509,0.1771,8.3364,8.4722,3.0,0.0925
5.2144,LMPC,8.358,8.6483,3.2919,3.0509,0.1771,8.3364,8.4722,3.0,0.0925
5.2188,LMPC,8.3252,8.6516,3.2937,3.0582,0.1753,8.3068,8.4769,3.0,0.0926
5.2229,LMPC,8.3252,8.6516,3.2937,3.0582,0.1753,8.3068,8.4769,3.0,0.0926
5.2365,LMPC,8.2924,8.6546,3.2956,3.0655,0.1725,8.3068,8.4769,3.0,0.1
5.2407,LMPC,8.2595,8.6574,3.2977,3.0727,0.181,8.2468,8.4764,3.0299,0.0711
5.2446,LMPC,8.2595,8.6574,3.2977,3.0727,0.181,8.2468,8.4764,3.0299,0.0711
5.2488,LMPC,8.2267,8.6598,3.3,3.08,0.1835,8.2168,8.4761,3.0594,0.0604
5.253,LMPC,8.2267,8.6598,3.3,3.08,0.1835,8.2168,8.4761,3.0594,0.0604
5.2572,LMPC,8.1937,8.662,3.3024,3.0871,0.1859,8.1868,8.4759,3.0887,0.0495
5.2613,LMPC,8.1937,8.662,3.3024,3.0871,0.1859,8.1868,8.4759,3.0887,0.0495
5.2658,LMPC,8.1937,8.662,3.3024,3.0871,0.1859,8.1868,8.4759,3.0887,0.0495
5.2702,LMPC,8.1607,8.664,3.3049,3.0944,0.188,8.1568,8.4757,3.1177,0.0387
5.2742,LMPC,8.1607,8.664,3.3049,3.0944,0.188,8.1568,8.4757,3.1177,0.0387
5.2783,LMPC,8.1277,8.6657,3.3073,3.1011,0.1899,8.1268,8.4754,3.1464,0.0275
5.2825,LMPC,8.1277,8.6657,3.3073,3.1011,0.1899,8.1268,8.4754,3.1464,0.0275
5.2866,LMPC,8.1277,8.6657,3.3073,3.1011,0.1899,8.1268,8.4754,3.1464,0.0275
5.2905,LMPC,8.0947,8.6673,3.3101,3.1071,0.1911,8.0968,8.4757,3.1749,0.0208
5.2946,LMPC,8.0947,8.6673,3.3101,3.1071,0.1911,8.0968,8.4757,3.1749,0.0208
5.2993,LMPC,8.0616,8.6686,3.313,3.1126,0.1907,8.0369,8.4791,3.2311,0.0263
5.3037,LMPC,8.0616,8.6686,3.313,3.1126,0.1907,8.0369,8.4791,3.2311,0.0263
5.308,LMPC,8.0616,8.6686,3.313,3.1126,0.1907,8.0369,8.4791,3.2311,0.0263
5.3121,LMPC,8.0285,8.6698,3.3163,3.1176,0.19,8.0069,8.4807,3.2588,0.0314
5.318,LMPC,7.9953,8.6709,3.3196,3.1226,0.1892,7.977,8.4824,3.2863,0.0363
5.3224,LMPC,7.9953,8.6709,3.3196,3.1226,0.1892,7.977,8.4824,3.2863,0.0363
5.3266,LMPC,7.9953,8.6709,3.3196,3.1226,0.1892,7.977,8.4824,3.2863,0.0363
5.331,LMPC,7.9621,8.6717,3.3231,3.1269,0.1882,7.947,8.484,3.3136,0.0406
5.3358,LMPC,7.9621,8.6717,3.3231,3.1269,0.1882,7.947,8.484,3.3136,0.0406
5.3402,LMPC,7.9289,8.6725,3.3267,3.1301,0.1872,7.9171,8.4857,3.3407,0.0438
5.3443,LMPC,7.9289,8.6725,3.3267,3.1301,0.1872,7.9171,8.4857,3.3407,0.0438
5.3485,LMPC,7.8956,8.6732,3.3306,3.133,0.186,7.8871,8.4874,3.3675,0.0467
5.3527,LMPC,7.8956,8.6732,3.3306,3.133,0.186,7.8871,8.4874,3.3675,0.0467
5.3569,LMPC,7.8623,8.6738,3.3346,3.1352,0.1848,7.8572,8.489,3.3941,0.0489
5.3609,LMPC,7.8623,8.6738,3.3346,3.1352,0.1848,7.8572,8.489,3.3941,0.0489
5.3651,LMPC,7.8623,8.6738,3.3346,3.1352,0.1848,7.8572,8.489,3.3941,0.0489
5.3695,LMPC,7.8289,8.6742,3.3387,3.1373,0.1834,7.8272,8.4907,3.4205,0.051
5.3739,LMPC,7.8289,8.6742,3.3387,3.1373,0.1834,7.8272,8.4907,3.4205,0.051
5.3781,LMPC,7.7955,8.6746,3.3429,3.139,0.1819,7.7973,8.4923,3.4467,0.0528
5.3821,LMPC,7.7955,8.6746,3.3429,3.139,0.1819,7.7973,8.4923,3.4467,0.0528
5.3864,LMPC,7.7955,8.6746,3.3429,3.139,0.1819,7.7973,8.4923,3.4467,0.0528
5.3905,LMPC,7.762,8.675,3.3473,3.1408,0.1804,7.7374,8.4956,3.4986,0.0545
5.3946,LMPC,7.762,8.675,3.3473,3.1408,0.1804,7.7374,8.4956,3.4986,0.0545
5.3991,LMPC,7.7285,8.6752,3.3517,3.1423,0.1788,7.7074,8.4973,3.5242,0.056
5.4033,LMPC,7.7285,8.6752,3.3517,3.1423,0.1788,7.7074,8.4973,3.5242,0.056
5.4075,LMPC,7.7285,8.6752,3.3517,3.1423,0.1788,7.7074,8.4973,3.5242,0.056
5.4115,LMPC,7.695,8.6753,3.3562,3.1439,0.1771,7.6774,8.499,3.5496,0.0576
5.4155,LMPC,7.695,8.6753,3.3562,3.1439,0.1771,7.6774,8.499,3.5496,0.0576
5.4198,LMPC,7.6614,8.6754,3.3609,3.145,0.1753,7.6475,8.5006,3.5749,0.0587
5.4333,LMPC,7.6278,8.6756,3.3657,3.1451,0.1736,7.6175,8.5023,3.6,0.0588
5.4376,LMPC,7.5941,8.6757,3.3707,3.1449,0.1718,7.5876,8.5039,3.6249,0.0586
5.4418,LMPC,7.5941,8.6757,3.3707,3.1449,0.1718,7.5876,8.5039,3.6249,0.0586
5.4464,LMPC,7.5941,8.6757,3.3707,3.1449,0.1718,7.5876,8.5039,3.6249,0.0586
5.4507,LMPC,7.5604,8.6758,3.3758,3.1442,0.1701,7.5576,8.5056,3.6497,0.0579
5.4547,LMPC,7.5604,8.6758,3.3758,3.1442,0.1701,7.5576,8.5056,3.6497,0.0579
5.4589,LMPC,7.5266,8.676,3.3811,3.1433,0.1684,7.5277,8.5073,3.6742,0.0571
5.4632,LMPC,7.5266,8.676,3.3811,3.1433,0.1684,7.5277,8.5073,3.6742,0.0571
5.4678,LMPC,7.5266,8.676,3.3811,3.1433,0.1684,7.5277,8.5073,3.6742,0.0571
5.4719,LMPC,7.4927,8.6761,3.3861,3.1421,0.1667,7.4977,8.5089,3.6986,0.0558
5.4761,LMPC,7.4927,8.6761,3.3861,3.1421,0.1667,7.4977,8.5089,3.6986,0.0558
5.4806,LMPC,7.4589,8.6763,3.3915,3.141,0.1649,7.4378,8.5122,3.747,0.0547
5.4849,LMPC,7.4589,8.6763,3.3915,3.141,0.1649,7.4378,8.5122,3.747,0.0547
5.4889,LMPC,7.4249,8.6765,3.397,3.1395,0.1632,7.4079,8.5139,3.7709,0.0533
5.4932,LMPC,7.4249,8.6765,3.397,3.1395,0.1632,7.4079,8.5139,3.7709,0.0533
5.4979,LMPC,7.3909,8.6767,3.4027,3.1382,0.1616,7.3779,8.5156,3.7947,0.0519
5.5027,LMPC,7.3909,8.6767,3.4027,3.1382,0.1616,7.3779,8.5156,3.7947,0.0519
5.5075,LMPC,7.3909,8.6767,3.4027,3.1382,0.1616,7.3779,8.5156,3.7947,0.0519
5.5121,LMPC,7.3569,8.6769,3.4085,3.1367,0.1599,7.3479,8.5172,3.8184,0.0504
5.5168,LMPC,7.3569,8.6769,3.4085,3.1367,0.1599,7.3479,8.5172,3.8184,0.0504
5.5215,LMPC,7.3228,8.6772,3.4143,3.1353,0.1583,7.318,8.5189,3.8419,0.049
5.5292,LMPC,7.2886,8.6775,3.4204,3.1337,0.1567,7.288,8.5205,3.8652,0.0475
5.5341,LMPC,7.2886,8.6775,3.4204,3.1337,0.1567,7.288,8.5205,3.8652,0.0475
5.5388,LMPC,7.2543,8.6778,3.4266,3.1323,0.1551,7.2581,8.5222,3.8884,0.0461
5.543,LMPC,7.2543,8.6778,3.4266,3.1323,0.1551,7.2581,8.5222,3.8884,0.0461
5.5476,LMPC,7.2543,8.6778,3.4266,3.1323,0.1551,7.2581,8.5222,3.8884,0.0461
5.5523,LMPC,7.2201,8.6782,3.4329,3.1308,0.1536,7.1982,8.5255,3.9345,0.0445
5.5572,LMPC,7.1857,8.6786,3.4392,3.1293,0.1521,7.1682,8.5272,3.9573,0.0431
5.5618,LMPC,7.1857,8.6786,3.4392,3.1293,0.1521,7.1682,8.5272,3.9573,0.0431
5.5665,LMPC,7.1857,8.6786,3.4392,3.1293,0.1521,7.1682,8.5272,3.9573,0.0431
5.5713,LMPC,7.1513,8.679,3.4457,3.1278,0.1507,7.1383,8.5288,3.9799,0.0415
5.5758,LMPC,7.1513,8.679,3.4457,3.1278,0.1507,7.1383,8.5288,3.9799,0.0415
5.5803,LMPC,7.1168,8.6795,3.4522,3.1263,0.1493,7.1083,8.5305,4.0025,0.0401
5.5846,LMPC,7.1168,8.6795,3.4522,3.1263,0.1493,7.1083,8.5305,4.0025,0.0401
5.589,LMPC,7.0822,8.6801,3.4589,3.1248,0.1479,7.0784,8.5322,4.0249,0.0385
5.5935,LMPC,7.0822,8.6801,3.4589,3.1248,0.1479,7.0784,8.5322,4.0249,0.0385
5.598,LMPC,7.0476,8.6807,3.4672,3.1234,0.1466,7.0484,8.5338,4.0472,0.0371
5.6026,LMPC,7.0476,8.6807,3.4672,3.1234,0.1466,7.0484,8.5338,4.0472,0.0371
5.607,LMPC,7.0476,8.6807,3.4672,3.1234,0.1466,7.0484,8.5338,4.0472,0.0371
5.6115,LMPC,7.0129,8.6813,3.4762,3.1218,0.1453,7.0185,8.5355,4.0694,0.0355
5.6158,LMPC,7.0129,8.6813,3.4762,3.1218,0.1453,7.0185,8.5355,4.0694,0.0355
5.6201,LMPC,6.9781,8.682,3.4859,3.1207,0.144,6.9585,8.5388,4.1134,0.0344
5.6241,LMPC,6.9781,8.682,3.4859,3.1207,0.144,6.9585,8.5388,4.1134,0.0344
5.6283,LMPC,6.9781,8.682,3.4859,3.1207,0.144,6.9585,8.5388,4.1134,0.0344
5.642,LMPC,6.9082,8.6832,3.5071,3.1206,0.1414,6.8986,8.5421,4.1569,0.0343
5.6463,LMPC,6.9082,8.6832,3.5071,3.1206,0.1414,6.8986,8.5421,4.1569,0.0343
5.6505,LMPC,6.8731,8.6838,3.5185,3.1213,0.14,6.8687,8.5438,4.1785,0.035
5.6544,LMPC,6.8731,8.6838,3.5185,3.1213,0.14,6.8687,8.5438,4.1785,0.035
5.6586,LMPC,6.8378,8.6844,3.5305,3.1221,0.1387,6.8387,8.5454,4.2,0.0358
5.6627,LMPC,6.8378,8.6844,3.5305,3.1221,0.1387,6.8387,8.5454,4.2,0.0358
5.6669,LMPC,6.8378,8.6844,3.5305,3.1221,0.1387,6.8387,8.5454,4.2,0.0358
5.6717,LMPC,6.8024,8.6849,3.5439,3.1232,0.1372,6.8088,8.5471,4.2214,0.037
5.6759,LMPC,6.8024,8.6849,3.5439,3.1232,0.1372,6.8088,8.5471,4.2214,0.037
5.6803,LMPC,6.7669,8.6854,3.5567,3.1244,0.1358,6.7489,8.5504,4.2638,0.0381
5.6843,LMPC,6.7669,8.6854,3.5567,3.1244,0.1358,6.7489,8.5504,4.2638,0.0381
5.6882,LMPC,6.7669,8.6854,3.5567,3.1244,0.1358,6.7489,8.5504,4.2638,0.0381
5.6922,LMPC,6.7313,8.6859,3.571,3.1257,0.1343,6.7189,8.5521,4.2849,0.0395
5.6964,LMPC,6.7313,8.6859,3.571,3.1257,0.1343,6.7189,8.5521,4.2849,0.0395
5.7015,LMPC,6.6955,8.6864,3.5856,3.127,0.1328,6.689,8.5537,4.3058,0.0408
5.7058,LMPC,6.6955,8.6864,3.5856,3.127,0.1328,6.689,8.5537,4.3058,0.0408
5.71,LMPC,6.6596,8.6868,3.6006,3.1285,0.1313,6.659,8.5554,4.3267,0.0423
5.7141,LMPC,6.6596,8.6868,3.6006,3.1285,0.1313,6.659,8.5554,4.3267,0.0423
5.7183,LMPC,6.6235,8.6873,3.6158,3.1299,0.1297,6.6291,8.557,4.3474,0.0436
5.7222,LMPC,6.6235,8.6873,3.6158,3.1299,0.1297,6.6291,8.557,4.3474,0.0436
5.7262,LMPC,6.6235,8.6873,3.6158,3.1299,0.1297,6.6291,8.557,4.3474,0.0436
5.7303,LMPC,6.5873,8.6876,3.6324,3.1314,0.1281,6.5691,8.5604,4.3886,0.0452
5.7347,LMPC,6.5873,8.6876,3.6324,3.1314,0.1281,6.5691,8.5604,4.3886,0.0452
5.7395,LMPC,6.5509,8.688,3.6491,3.1326,0.1264,6.5392,8.562,4.4091,0.0463
5.7439,LMPC,6.5509,8.688,3.6491,3.1326,0.1264,6.5392,8.562,4.4091,0.0463
5.7483,LMPC,6.5509,8.688,3.6491,3.1326,0.1264,6.5392,8.562,4.4091,0.0463
5.7523,LMPC,6.5143,8.6884,3.6661,3.1328,0.1248,6.5092,8.5637,4.4294,0.0465
5.7565,LMPC,6.4776,8.6888,3.6832,3.1327,0.1232,6.4793,8.5653,4.4497,0.0464
5.7607,LMPC,6.4776,8.6888,3.6832,3.1327,0.1232,6.4793,8.5653,4.4497,0.0464
5.7651,LMPC,6.4776,8.6888,3.6832,3.1327,0.1232,6.4793,8.5653,4.4497,0.0464
5.7696,LMPC,6.4406,8.6893,3.7006,3.1321,0.1216,6.4194,8.5687,4.49,0.0458
5.7743,LMPC,6.4406,8.6893,3.7006,3.1321,0.1216,6.4194,8.5687,4.49,0.0458
5.7797,LMPC,6.4036,8.6897,3.719,3.1313,0.12,6.3894,8.5703,4.51,0.045
5.7848,LMPC,6.4036,8.6897,3.719,3.1313,0.12,6.3894,8.5703,4.51,0.045
5.7895,LMPC,6.3663,8.6902,3.7376,3.1302,0.1185,6.3595,8.572,4.5299,0.0439
5.7942,LMPC,6.3663,8.6902,3.7376,3.1302,0.1185,6.3595,8.572,4.5299,0.0439
5.7996,LMPC,6.3288,8.6908,3.7562,3.1291,0.1169,6.3295,8.5736,4.5497,0.0428
5.8045,LMPC,6.3288,8.6908,3.7562,3.1291,0.1169,6.3295,8.5736,4.5497,0.0428
5.809,LMPC,6.2912,8.6913,3.7749,3.1277,0.1154,6.2996,8.5753,4.5695,0.0414
5.8136,LMPC,6.2912,8.6913,3.7749,3.1277,0.1154,6.2996,8.5753,4.5695,0.0414
5.8184,LMPC,6.2533,8.6919,3.7946,3.1264,0.1139,6.2396,8.5786,4.6087,0.0401
5.823,LMPC,6.2533,8.6919,3.7946,3.1264,0.1139,6.2396,8.5786,4.6087,0.0401
5.8277,LMPC,6.2533,8.6919,3.7946,3.1264,0.1139,6.2396,8.5786,4.6087,0.0401
5.8327,LMPC,6.2153,8.6926,3.8144,3.1249,0.1125,6.2097,8.5803,4.6282,0.0386
5.8379,LMPC,6.177,8.6933,3.8341,3.1235,0.111,6.1797,8.5819,4.6476,0.0372
5.8426,LMPC,6.177,8.6933,3.8341,3.1235,0.111,6.1797,8.5819,4.6476,0.0372
5.8473,LMPC,6.177,8.6933,3.8341,3.1235,0.111,6.1797,8.5819,4.6476,0.0372
5.852,LMPC,6.1386,8.694,3.8539,3.1219,0.1096,6.1198,8.5853,4.6861,0.0356
5.8565,LMPC,6.1386,8.694,3.8539,3.1219,0.1096,6.1198,8.5853,4.6861,0.0356
5.8611,LMPC,6.1,8.6948,3.8737,3.1205,0.1083,6.0899,8.5869,4.7053,0.0342
5.866,LMPC,6.1,8.6948,3.8737,3.1205,0.1083,6.0899,8.5869,4.7053,0.0342
5.8707,LMPC,6.0611,8.6956,3.8944,3.1189,0.1069,6.0599,8.5886,4.7244,0.0326
5.8753,LMPC,6.0611,8.6956,3.8944,3.1189,0.1069,6.0599,8.5886,4.7244,0.0326
5.88,LMPC,6.0221,8.6965,3.915,3.1175,0.1057,6.03,8.5902,4.7434,0.0312
5.8847,LMPC,6.0221,8.6965,3.915,3.1175,0.1057,6.03,8.5902,4.7434,0.0312
5.8892,LMPC,5.9829,8.6974,3.9355,3.1159,0.1044,5.9701,8.5935,4.7812,0.0296
5.8939,LMPC,5.9829,8.6974,3.9355,3.1159,0.1044,5.9701,8.5935,4.7812,0.0296
5.8987,LMPC,5.9434,8.6984,3.957,3.1144,0.1032,5.9401,8.5952,4.8,0.0281
5.9038,LMPC,5.9434,8.6984,3.957,3.1144,0.1032,5.9401,8.5952,4.8,0.0281
5.9084,LMPC,5.9434,8.6984,3.957,3.1144,0.1032,5.9401,8.5952,4.8,0.0281
5.9129,LMPC,5.9038,8.6994,3.9783,3.1128,0.1021,5.9102,8.5969,4.8187,0.0265
5.9178,LMPC,5.8639,8.7005,3.9995,3.1114,0.1009,5.8502,8.6002,4.8559,0.0251
5.9225,LMPC,5.8639,8.7005,3.9995,3.1114,0.1009,5.8502,8.6002,4.8559,0.0251
5.927,LMPC,5.8639,8.7005,3.9995,3.1114,0.1009,5.8502,8.6002,4.8559,0.0251
5.9316,LMPC,5.8238,8.7017,4.0206,3.1098,0.0999,5.8203,8.6018,4.8744,0.0235
5.9365,LMPC,5.8238,8.7017,4.0206,3.1098,0.0999,5.8203,8.6018,4.8744,0.0235
5.9413,LMPC,5.7835,8.7029,4.0425,3.1086,0.0988,5.7903,8.6035,4.8929,0.0223
5.9457,LMPC,5.7835,8.7029,4.0425,3.1086,0.0988,5.7903,8.6035,4.8929,0.0223
5.9501,LMPC,5.743,8.7041,4.0643,3.1083,0.0978,5.7304,8.6068,4.9295,0.0221
5.9547,LMPC,5.743,8.7041,4.0643,3.1083,0.0978,5.7304,8.6068,4.9295,0.0221
5.9593,LMPC,5.7022,8.7052,4.0859,3.1084,0.0967,5.7005,8.6085,4.9477,0.0221
5.9639,LMPC,5.7022,8.7052,4.0859,3.1084,0.0967,5.7005,8.6085,4.9477,0.0221
5.9688,LMPC,5.7022,8.7052,4.0859,3.1084,0.0967,5.7005,8.6085,4.9477,0.0221
5.9735,LMPC,5.6613,8.7064,4.1082,3.1091,0.0956,5.6705,8.6101,4.9659,0.0228
5.978,LMPC,5.6201,8.7075,4.1304,3.1099,0.0945,5.6106,8.6135,4.9875,0.0236
5.9823,LMPC,5.6201,8.7075,4.1304,3.1099,0.0945,5.6106,8.6135,4.9875,0.0236
5.9869,LMPC,5.6201,8.7075,4.1304,3.1099,0.0945,5.6106,8.6135,4.9875,0.0236
5.9916,LMPC,5.5787,8.7087,4.1524,3.1111,0.0933,5.5807,8.6151,4.9694,0.0248
5.9962,LMPC,5.5787,8.7087,4.1524,3.1111,0.0933,5.5807,8.6151,4.9694,0.0248
6.0015,LMPC,5.5371,8.7098,4.1751,3.1123,0.0921,5.5207,8.6184,4.9331,0.026
6.006,LMPC,5.5371,8.7098,4.1751,3.1123,0.0921,5.5207,8.6184,4.9331,0.026
6.0098,LMPC,5.4952,8.7109,4.1975,3.1137,0.0909,5.4908,8.6201,4.9148,0.0274
6.0133,LMPC,5.4952,8.7109,4.1975,3.1137,0.0909,5.4908,8.6201,4.9148,0.0274
6.017,LMPC,5.4532,8.712,4.2198,3.1151,0.0896,5.4608,8.6218,4.8965,0.0288
6.0311,LMPC,5.4109,8.713,4.2421,3.1167,0.0883,5.4009,8.6251,4.8596,0.0305
6.0351,LMPC,5.4109,8.713,4.2421,3.1167,0.0883,5.4009,8.6251,4.8596,0.0305
6.0399,LMPC,5.3684,8.714,4.2624,3.1183,0.087,5.371,8.6267,4.841,0.032
6.044,LMPC,5.3684,8.714,4.2624,3.1183,0.087,5.371,8.6267,4.841,0.032
6.0479,LMPC,5.3684,8.714,4.2624,3.1183,0.087,5.371,8.6267,4.841,0.032
6.0517,LMPC,5.3257,8.715,4.28,3.12,0.0856,5.3111,8.6301,4.8037,0.0337
6.0554,LMPC,5.3257,8.715,4.28,3.12,0.0856,5.3111,8.6301,4.8037,0.0337
6.0595,LMPC,5.2828,8.7159,4.2959,3.1215,0.0842,5.2811,8.6317,4.7849,0.0352
6.0634,LMPC,5.2828,8.7159,4.2959,3.1215,0.0842,5.2811,8.6317,4.7849,0.0352
6.0673,LMPC,5.2828,8.7159,4.2959,3.1215,0.0842,5.2811,8.6317,4.7849,0.0352
6.0715,LMPC,5.2398,8.7168,4.3102,3.1233,0.0827,5.2212,8.635,4.7471,0.037
6.0759,LMPC,5.2398,8.7168,4.3102,3.1233,0.0827,5.2212,8.635,4.7471,0.037
6.0801,LMPC,5.1966,8.7177,4.3221,3.1246,0.0812,5.1913,8.6367,4.7281,0.0383
6.0838,LMPC,5.1966,8.7177,4.3221,3.1246,0.0812,5.1913,8.6367,4.7281,0.0383
6.0875,LMPC,5.1966,8.7177,4.3221,3.1246,0.0812,5.1913,8.6367,4.7281,0.0383
6.0912,LMPC,5.1534,8.7186,4.3325,3.125,0.0797,5.1613,8.6384,4.7091,0.0387
6.0952,LMPC,5.1534,8.7186,4.3325,3.125,0.0797,5.1613,8.6384,4.7091,0.0387
6.0993,LMPC,5.11,8.7195,4.3406,3.125,0.0782,5.1014,8.6417,4.6707,0.0387
6.1033,LMPC,5.11,8.7195,4.3406,3.125,0.0782,5.1014,8.6417,4.6707,0.0387
6.1093,LMPC,5.0666,8.7204,4.3475,3.1244,0.0767,5.0714,8.6433,4.6514,0.0381
6.1133,LMPC,5.0666,8.7204,4.3475,3.1244,0.0767,5.0714,8.6433,4.6514,0.0381
6.1173,LMPC,5.0231,8.7214,4.3522,3.1236,0.0752,5.0115,8.6466,4.6125,0.0373
6.121,LMPC,5.0231,8.7214,4.3522,3.1236,0.0752,5.0115,8.6466,4.6125,0.0373
6.1248,LMPC,5.0231,8.7214,4.3522,3.1236,0.0752,5.0115,8.6466,4.6125,0.0373
6.1289,LMPC,4.9796,8.7223,4.3558,3.1224,0.0738,4.9816,8.6483,4.593,0.0361
6.1327,LMPC,4.9796,8.7223,4.3558,3.1224,0.0738,4.9816,8.6483,4.593,0.0361
6.1369,LMPC,4.936,8.7233,4.3584,3.1211,0.0724,4.9217,8.6516,4.5536,0.0349
6.1422,LMPC,4.936,8.7233,4.3584,3.1211,0.0724,4.9217,8.6516,4.5536,0.0349
6.1504,LMPC,4.8924,8.7244,4.359,3.1196,0.071,4.8917,8.6533,4.5338,0.0333
6.1586,LMPC,4.8488,8.7254,4.3575,3.1181,0.0697,4.8318,8.6566,4.4939,0.0318
6.1638,LMPC,4.8488,8.7254,4.3575,3.1181,0.0697,4.8318,8.6566,4.4939,0.0318
6.1689,LMPC,4.8488,8.7254,4.3575,3.1181,0.0697,4.8318,8.6566,4.4939,0.0318
6.1755,LMPC,4.8053,8.7265,4.349,3.1163,0.0683,4.8019,8.6583,4.4739,0.03
6.1809,LMPC,4.7619,8.7276,4.3383,3.1146,0.0671,4.7719,8.6599,4.4537,0.0283
6.1857,LMPC,4.7619,8.7276,4.3383,3.1146,0.0671,4.7719,8.6599,4.4537,0.0283
6.1903,LMPC,4.7186,8.7288,4.3254,3.1127,0.0658,4.712,8.6632,4.4131,0.0264
6.1946,LMPC,4.7186,8.7288,4.3254,3.1127,0.0658,4.712,8.6632,4.4131,0.0264
6.1992,LMPC,4.6754,8.73,4.3147,3.1109,0.0647,4.682,8.6649,4.3926,0.0246
6.2038,LMPC,4.6754,8.73,4.3147,3.1109,0.0647,4.682,8.6649,4.3926,0.0246
6.2093,LMPC,4.6323,8.7313,4.3052,3.1089,0.0636,4.6221,8.6682,4.3515,0.0226
6.2137,LMPC,4.6323,8.7313,4.3052,3.1089,0.0636,4.6221,8.6682,4.3515,0.0226
6.2184,LMPC,4.5894,8.7326,4.2975,3.107,0.0625,4.5922,8.6699,4.3307,0.0207
6.2228,LMPC,4.5894,8.7326,4.2975,3.107,0.0625,4.5922,8.6699,4.3307,0.0207
6.2355,LMPC,4.5464,8.734,4.2874,3.105,0.0615,4.5323,8.6732,4.289,0.0187
6.241,LMPC,4.5037,8.7355,4.2766,3.1031,0.0606,4.5023,8.6749,4.2679,0.0168
6.2453,LMPC,4.5037,8.7355,4.2766,3.1031,0.0606,4.5023,8.6749,4.2679,0.0168
6.2494,LMPC,4.461,8.737,4.2658,3.101,0.0597,4.4724,8.6765,4.2468,0.0148
6.2534,LMPC,4.461,8.737,4.2658,3.101,0.0597,4.4724,8.6765,4.2468,0.0148
6.2574,LMPC,4.4184,8.7385,4.2548,3.0992,0.0589,4.4124,8.6798,4.2042,0.0129
6.2612,LMPC,4.4184,8.7385,4.2548,3.0992,0.0589,4.4124,8.6798,4.2042,0.0129
6.2652,LMPC,4.4184,8.7385,4.2548,3.0992,0.0589,4.4124,8.6798,4.2042,0.0129
6.2692,LMPC,4.3759,8.7402,4.2446,3.0971,0.0582,4.3825,8.6815,4.1827,0.0108
6.2748,LMPC,4.3759,8.7402,4.2446,3.0971,0.0582,4.3825,8.6815,4.1827,0.0108
6.2802,LMPC,4.3336,8.7418,4.2362,3.0954,0.0575,4.3226,8.6848,4.1395,0.0091
6.2841,LMPC,4.3336,8.7418,4.2362,3.0954,0.0575,4.3226,8.6848,4.1395,0.0091
6.2884,LMPC,4.3336,8.7418,4.2362,3.0954,0.0575,4.3226,8.6848,4.1395,0.0091
6.2924,LMPC,4.2913,8.7435,4.2259,3.0942,0.0569,4.2926,8.6865,4.1177,0.008
6.2966,LMPC,4.2491,8.7452,4.2157,3.094,0.0562,4.2327,8.6898,4.0737,0.0077
6.3007,LMPC,4.2491,8.7452,4.2157,3.094,0.0562,4.2327,8.6898,4.0737,0.0077
6.3052,LMPC,4.2491,8.7452,4.2157,3.094,0.0562,4.2327,8.6898,4.0737,0.0077
6.3097,LMPC,4.207,8.7469,4.2058,3.0941,0.0556,4.2028,8.6915,4.0516,0.0079
6.3137,LMPC,4.207,8.7469,4.2058,3.0941,0.0556,4.2028,8.6915,4.0516,0.0079
6.3179,LMPC,4.1651,8.7485,4.1961,3.0949,0.0549,4.1728,8.6931,4.0293,0.0086
6.3222,LMPC,4.1651,8.7485,4.1961,3.0949,0.0549,4.1728,8.6931,4.0293,0.0086
6.3264,LMPC,4.1651,8.7485,4.1961,3.0949,0.0549,4.1728,8.6931,4.0293,0.0086
6.3305,LMPC,4.1232,8.7502,4.1871,3.0958,0.0543,4.1129,8.6964,3.9844,0.0095
6.3346,LMPC,4.1232,8.7502,4.1871,3.0958,0.0543,4.1129,8.6964,3.9844,0.0095
6.3396,LMPC,4.0814,8.7518,4.1781,3.0971,0.0536,4.083,8.6981,3.9617,0.0108
6.3439,LMPC,4.0814,8.7518,4.1781,3.0971,0.0536,4.083,8.6981,3.9617,0.0108
6.348,LMPC,4.0814,8.7518,4.1781,3.0971,0.0536,4.083,8.6981,3.9617,0.0108
6.352,LMPC,4.0397,8.7535,4.1693,3.0984,0.0529,4.023,8.7014,3.916,0.0121
6.3559,LMPC,4.0397,8.7535,4.1693,3.0984,0.0529,4.023,8.7014,3.916,0.0121
6.3603,LMPC,3.9981,8.7551,4.1605,3.1,0.0522,3.9931,8.7031,3.893,0.0137
6.3643,LMPC,3.9981,8.7551,4.1605,3.1,0.0522,3.9931,8.7031,3.893,0.0137
6.3684,LMPC,3.9981,8.7551,4.1605,3.1,0.0522,3.9931,8.7031,3.893,0.0137
6.3726,LMPC,3.9565,8.7566,4.1518,3.1016,0.0515,3.9631,8.7047,3.8698,0.0153
6.3775,LMPC,3.9151,8.7582,4.1434,3.1034,0.0507,3.9032,8.708,3.823,0.0171
6.3816,LMPC,3.9151,8.7582,4.1434,3.1034,0.0507,3.9032,8.708,3.823,0.0171
6.3857,LMPC,3.9151,8.7582,4.1434,3.1034,0.0507,3.9032,8.708,3.823,0.0171
6.3896,LMPC,3.8737,8.7597,4.1355,3.1051,0.0499,3.8733,8.7097,3.7994,0.0188
6.3936,LMPC,3.8737,8.7597,4.1355,3.1051,0.0499,3.8733,8.7097,3.7994,0.0188
6.3977,LMPC,3.8324,8.7611,4.1285,3.107,0.0491,3.8433,8.7114,3.7756,0.0207
6.4017,LMPC,3.8324,8.7611,4.1285,3.107,0.0491,3.8433,8.7114,3.7756,0.0207
6.4058,LMPC,3.8324,8.7611,4.1285,3.107,0.0491,3.8433,8.7114,3.7756,0.0207
6.4107,LMPC,3.7912,8.7626,4.1219,3.1087,0.0482,3.7834,8.7147,3.7276,0.0224
6.415,LMPC,3.7912,8.7626,4.1219,3.1087,0.0482,3.7834,8.7147,3.7276,0.0224
6.4193,LMPC,3.75,8.7639,4.1155,3.1107,0.0473,3.7535,8.7163,3.7034,0.0244
6.4233,LMPC,3.75,8.7639,4.1155,3.1107,0.0473,3.7535,8.7163,3.7034,0.0244
6.4351,LMPC,3.7089,8.7652,4.1097,3.1124,0.0463,3.6936,8.7197,3.6545,0.0262
6.4395,LMPC,3.6679,8.7665,4.1042,3.1144,0.0453,3.6636,8.7213,3.6298,0.0281
6.4443,LMPC,3.6679,8.7665,4.1042,3.1144,0.0453,3.6636,8.7213,3.6298,0.0281
6.4486,LMPC,3.6679,8.7665,4.1042,3.1144,0.0453,3.6636,8.7213,3.6298,0.0281
6.4528,LMPC,3.6269,8.7677,4.099,3.1162,0.0443,3.6336,8.723,3.6049,0.0299
6.457,LMPC,3.5859,8.7688,4.0943,3.1181,0.0431,3.5737,8.7263,3.5546,0.0318
6.4616,LMPC,3.5859,8.7688,4.0943,3.1181,0.0431,3.5737,8.7263,3.5546,0.0318
6.466,LMPC,3.5859,8.7688,4.0943,3.1181,0.0431,3.5737,8.7263,3.5546,0.0318
6.4702,LMPC,3.545,8.7699,4.0898,3.1199,0.0419,3.5438,8.728,3.5292,0.0336
6.4747,LMPC,3.545,8.7699,4.0898,3.1199,0.0419,3.5438,8.728,3.5292,0.0336
6.48,LMPC,3.5041,8.7709,4.086,3.1218,0.0407,3.5138,8.7296,3.5036,0.0355
6.4844,LMPC,3.5041,8.7709,4.086,3.1218,0.0407,3.5138,8.7296,3.5036,0.0355
6.4887,LMPC,3.4633,8.7718,4.0826,3.1235,0.0394,3.4539,8.7329,3.4519,0.0373
6.4929,LMPC,3.4633,8.7718,4.0826,3.1235,0.0394,3.4539,8.7329,3.4519,0.0373
6.4975,LMPC,3.4225,8.7727,4.0793,3.1255,0.038,3.424,8.7346,3.4257,0.0392
6.5019,LMPC,3.4225,8.7727,4.0793,3.1255,0.038,3.424,8.7346,3.4257,0.0392
6.5063,LMPC,3.4225,8.7727,4.0793,3.1255,0.038,3.424,8.7346,3.4257,0.0392
6.5114,LMPC,3.3817,8.7735,4.0765,3.1272,0.0365,3.394,8.7363,3.3993,0.0409
6.5163,LMPC,3.3817,8.7735,4.0765,3.1272,0.0365,3.394,8.7363,3.3993,0.0409
6.5209,LMPC,3.341,8.7743,4.0739,3.1291,0.035,3.3341,8.7396,3.3459,0.0428
6.5284,LMPC,3.341,8.7743,4.0739,3.1291,0.035,3.3341,8.7396,3.3459,0.0428
6.5329,LMPC,3.3003,8.7749,4.0715,3.1308,0.0334,3.3041,8.7412,3.3189,0.0445
6.5374,LMPC,3.2596,8.7755,4.0698,3.133,0.0335,3.2742,8.7413,3.3459,0.0389
6.5419,LMPC,3.2596,8.7755,4.0698,3.133,0.0335,3.2742,8.7413,3.3459,0.0389
6.5485,LMPC,3.2596,8.7755,4.0698,3.133,0.0335,3.2742,8.7413,3.3459,0.0389
6.5535,LMPC,3.2189,8.7759,4.0681,3.1361,0.0355,3.2142,8.7405,3.3993,0.0225
6.5574,LMPC,3.1782,8.7762,4.0667,3.1397,0.036,3.1842,8.7401,3.4257,0.0162
6.5613,LMPC,3.1782,8.7762,4.0667,3.1397,0.036,3.1842,8.7401,3.4257,0.0162
6.5651,LMPC,3.1782,8.7762,4.0667,3.1397,0.036,3.1842,8.7401,3.4257,0.0162
6.5689,LMPC,3.1376,8.7763,4.0658,3.1439,0.0369,3.1242,8.7394,3.4778,0.0008
6.5727,LMPC,3.1376,8.7763,4.0658,3.1439,0.0369,3.1242,8.7394,3.4778,0.0008
6.5771,LMPC,3.0969,8.7763,4.065,3.1482,0.0373,3.0942,8.739,3.5036,-0.0047
6.5817,LMPC,3.0969,8.7763,4.065,3.1482,0.0373,3.0942,8.739,3.5036,-0.0047
6.5856,LMPC,3.0969,8.7763,4.065,3.1482,0.0373,3.0942,8.739,3.5036,-0.0047
6.5894,LMPC,3.0563,8.7762,4.0643,3.1529,0.0386,3.0642,8.7376,3.5292,-0.0029
6.5931,LMPC,3.0563,8.7762,4.0643,3.1529,0.0386,3.0642,8.7376,3.5292,-0.0029
6.5972,LMPC,3.0156,8.7758,4.0638,3.1577,0.0407,3.0043,8.7349,3.5799,-0.004
6.6012,LMPC,3.0156,8.7758,4.0638,3.1577,0.0407,3.0043,8.7349,3.5799,-0.004
6.6052,LMPC,3.0156,8.7758,4.0638,3.1577,0.0407,3.0043,8.7349,3.5799,-0.004
6.6097,LMPC,2.975,8.7754,4.0632,3.1627,0.0418,2.9743,8.7335,3.6049,-0.0018
6.6147,LMPC,2.975,8.7754,4.0632,3.1627,0.0418,2.9743,8.7335,3.6049,-0.0018
6.619,LMPC,2.9344,8.7747,4.0625,3.1674,0.0429,2.9443,8.7321,3.6298,-0.0
6.6229,LMPC,2.9344,8.7747,4.0625,3.1674,0.0429,2.9443,8.7321,3.6298,-0.0
6.6268,LMPC,2.9344,8.7747,4.0625,3.1674,0.0429,2.9443,8.7321,3.6298,-0.0
6.6307,LMPC,2.8937,8.774,4.0618,3.1711,0.0443,2.8844,8.7294,3.679,-0.0016
6.6349,LMPC,2.8937,8.774,4.0618,3.1711,0.0443,2.8844,8.7294,3.679,-0.0016
6.6391,LMPC,2.8531,8.7732,4.061,3.1745,0.0448,2.8544,8.7285,3.7034,0.0018
6.6442,LMPC,2.8531,8.7732,4.061,3.1745,0.0448,2.8544,8.7285,3.7034,0.0018
6.6487,LMPC,2.8531,8.7732,4.061,3.1745,0.0448,2.8544,8.7285,3.7034,0.0018
6.6528,LMPC,2.8125,8.7723,4.0603,3.1774,0.0451,2.8244,8.7275,3.7276,0.0046
6.6569,LMPC,2.772,8.7713,4.0595,3.1801,0.0454,2.7645,8.7257,3.7756,0.0073
6.661,LMPC,2.772,8.7713,4.0595,3.1801,0.0454,2.7645,8.7257,3.7756,0.0073
6.6652,LMPC,2.772,8.7713,4.0595,3.1801,0.0454,2.7645,8.7257,3.7756,0.0073
6.6692,LMPC,2.7314,8.7702,4.0587,3.1823,0.0455,2.7345,8.7247,3.7994,0.0096
6.6735,LMPC,2.7314,8.7702,4.0587,3.1823,0.0455,2.7345,8.7247,3.7994,0.0096
6.6799,LMPC,2.6908,8.7689,4.0579,3.1846,0.0455,2.7045,8.7238,3.823,0.0119
6.6844,LMPC,2.6908,8.7689,4.0579,3.1846,0.0455,2.7045,8.7238,3.823,0.0119
6.6886,LMPC,2.6503,8.7676,4.057,3.1866,0.0455,2.6445,8.7219,3.8698,0.0138
6.6934,LMPC,2.6503,8.7676,4.057,3.1866,0.0455,2.6445,8.7219,3.8698,0.0138
6.6978,LMPC,2.6097,8.7662,4.0557,3.1886,0.0453,2.6145,8.721,3.893,0.0159
6.702,LMPC,2.6097,8.7662,4.0557,3.1886,0.0453,2.6145,8.721,3.893,0.0159
6.706,LMPC,2.6097,8.7662,4.0557,3.1886,0.0453,2.6145,8.721,3.893,0.0159
6.71,LMPC,2.5692,8.7646,4.0538,3.1904,0.045,2.5845,8.7201,3.916,0.0177
6.7144,LMPC,2.5692,8.7646,4.0538,3.1904,0.045,2.5845,8.7201,3.916,0.0177
6.7189,LMPC,2.5287,8.763,4.0518,3.1923,0.0447,2.5246,8.7182,3.9617,0.0196
6.723,LMPC,2.5287,8.763,4.0518,3.1923,0.0447,2.5246,8.7182,3.9617,0.0196
6.7269,LMPC,2.5287,8.763,4.0518,3.1923,0.0447,2.5246,8.7182,3.9617,0.0196
6.7309,LMPC,2.4882,8.7613,4.0495,3.194,0.0442,2.4946,8.7173,3.9844,0.0213
6.7352,LMPC,2.4882,8.7613,4.0495,3.194,0.0442,2.4946,8.7173,3.9844,0.0213
6.7395,LMPC,2.4478,8.7595,4.0468,3.1959,0.0437,2.4346,8.7154,4.0293,0.0231
6.7443,LMPC,2.4478,8.7595,4.0468,3.1959,0.0437,2.4346,8.7154,4.0293,0.0231
6.7519,LMPC,2.4074,8.7576,4.044,3.1972,0.0431,2.4046,8.7145,4.0516,0.0245
6.7563,LMPC,2.4074,8.7576,4.044,3.1972,0.0431,2.4046,8.7145,4.0516,0.0245
6.7606,LMPC,2.367,8.7558,4.0409,3.1976,0.0425,2.3746,8.7135,4.0737,0.0249
6.7648,LMPC,2.367,8.7558,4.0409,3.1976,0.0425,2.3746,8.7135,4.0737,0.0249
6.7689,LMPC,2.3267,8.7539,4.0373,3.1976,0.0418,2.3147,8.7117,4.1177,0.0248
6.773,LMPC,2.3267,8.7539,4.0373,3.1976,0.0418,2.3147,8.7117,4.1177,0.0248
6.7779,LMPC,2.2863,8.752,4.034,3.1969,0.0412,2.2847,8.7107,4.1395,0.0242
6.782,LMPC,2.2863,8.752,4.034,3.1969,0.0412,2.2847,8.7107,4.1395,0.0242
6.7863,LMPC,2.2863,8.752,4.034,3.1969,0.0412,2.2847,8.7107,4.1395,0.0242
6.7904,LMPC,2.2461,8.7502,4.0299,3.1961,0.0406,2.2547,8.7098,4.1612,0.0234
6.7944,LMPC,2.2461,8.7502,4.0299,3.1961,0.0406,2.2547,8.7098,4.1612,0.0234
6.7989,LMPC,2.2058,8.7483,4.0255,3.1948,0.04,2.1947,8.7079,4.2042,0.0221
6.8115,LMPC,2.1656,8.7464,4.0207,3.1936,0.0394,2.1647,8.707,4.2256,0.0208
6.8157,LMPC,2.1656,8.7464,4.0207,3.1936,0.0394,2.1647,8.707,4.2256,0.0208
6.8203,LMPC,2.1255,8.7446,4.0148,3.192,0.0388,2.1348,8.7061,4.2468,0.0193
6.8244,LMPC,2.1255,8.7446,4.0148,3.192,0.0388,2.1348,8.7061,4.2468,0.0193
6.8284,LMPC,2.0854,8.7427,4.0088,3.1905,0.0382,2.0748,8.7042,4.289,0.0178
6.8324,LMPC,2.0854,8.7427,4.0088,3.1905,0.0382,2.0748,8.7042,4.289,0.0178
6.8365,LMPC,2.0454,8.7409,4.0026,3.1887,0.0376,2.0448,8.7033,4.3058,0.016
6.8408,LMPC,2.0454,8.7409,4.0026,3.1887,0.0376,2.0448,8.7033,4.3058,0.016
6.8456,LMPC,2.0454,8.7409,4.0026,3.1887,0.0376,2.0448,8.7033,4.3058,0.016
6.8498,LMPC,2.0055,8.7392,3.9975,3.1871,0.0371,2.0148,8.7023,4.2849,0.0144
6.854,LMPC,2.0055,8.7392,3.9975,3.1871,0.0371,2.0148,8.7023,4.2849,0.0144
6.8583,LMPC,1.9656,8.7374,3.9898,3.1853,0.0366,1.9548,8.7005,4.2426,0.0125
6.8622,LMPC,1.9656,8.7374,3.9898,3.1853,0.0366,1.9548,8.7005,4.2426,0.0125
6.8662,LMPC,1.9656,8.7374,3.9898,3.1853,0.0366,1.9548,8.7005,4.2426,0.0125
6.8702,LMPC,1.9257,8.7357,3.9818,3.1836,0.0362,1.9249,8.6995,4.2214,0.0108
6.8745,LMPC,1.9257,8.7357,3.9818,3.1836,0.0362,1.9249,8.6995,4.2214,0.0108
6.8795,LMPC,1.8859,8.7341,3.9821,3.1817,0.0358,1.8949,8.6986,4.2,0.009
6.8837,LMPC,1.8859,8.7341,3.9821,3.1817,0.0358,1.8949,8.6986,4.2,0.009
6.8879,LMPC,1.8859,8.7341,3.9821,3.1817,0.0358,1.8949,8.6986,4.2,0.009
6.8919,LMPC,1.8462,8.7325,3.9833,3.18,0.0354,1.8349,8.6967,4.1569,0.0073
6.8959,LMPC,1.8462,8.7325,3.9833,3.18,0.0354,1.8349,8.6967,4.1569,0.0073
6.9002,LMPC,1.8064,8.731,3.9833,3.1781,0.0351,1.8049,8.6958,4.1352,0.0054
6.9044,LMPC,1.8064,8.731,3.9833,3.1781,0.0351,1.8049,8.6958,4.1352,0.0054
6.9092,LMPC,1.7666,8.7295,3.9756,3.1764,0.0348,1.7749,8.6949,4.1134,0.0037
6.9133,LMPC,1.7666,8.7295,3.9756,3.1764,0.0348,1.7749,8.6949,4.1134,0.0037
6.9174,LMPC,1.7269,8.728,3.9653,3.1746,0.0346,1.715,8.693,4.0694,0.0018
6.9212,LMPC,1.7269,8.728,3.9653,3.1746,0.0346,1.715,8.693,4.0694,0.0018
6.9253,LMPC,1.7269,8.728,3.9653,3.1746,0.0346,1.715,8.693,4.0694,0.0018
6.9293,LMPC,1.6873,8.7266,3.9531,3.1732,0.0344,1.685,8.6921,4.0472,0.0004
6.9333,LMPC,1.6873,8.7266,3.9531,3.1732,0.0344,1.685,8.6921,4.0472,0.0004
6.9375,LMPC,1.6479,8.7252,3.9427,3.1727,0.0342,1.655,8.6912,4.0249,-0.0
6.9421,LMPC,1.6479,8.7252,3.9427,3.1727,0.0342,1.655,8.6912,4.0249,-0.0
6.9465,LMPC,1.6479,8.7252,3.9427,3.1727,0.0342,1.655,8.6912,4.0249,-0.0
6.9505,LMPC,1.6085,8.7237,3.934,3.1727,0.034,1.595,8.6893,3.9799,-0.0
6.9545,LMPC,1.6085,8.7237,3.934,3.1727,0.034,1.595,8.6893,3.9799,-0.0
6.9587,LMPC,1.5693,8.7223,3.9253,3.1734,0.0338,1.565,8.6884,3.9573,0.0006
6.9629,LMPC,1.5693,8.7223,3.9253,3.1734,0.0338,1.565,8.6884,3.9573,0.0006
6.967,LMPC,1.5693,8.7223,3.9253,3.1734,0.0338,1.565,8.6884,3.9573,0.0006
6.971,LMPC,1.5301,8.7208,3.9157,3.1741,0.0335,1.535,8.6874,3.9345,0.0014
6.9759,LMPC,1.5301,8.7208,3.9157,3.1741,0.0335,1.535,8.6874,3.9345,0.0014
6.9806,LMPC,1.491,8.7193,3.9056,3.1753,0.0333,1.5051,8.6865,3.9115,0.0026
6.9846,LMPC,1.491,8.7193,3.9056,3.1753,0.0333,1.5051,8.6865,3.9115,0.0026
6.9885,LMPC,1.452,8.7178,3.8954,3.1766,0.033,1.4451,8.6846,3.8652,0.0038
6.9927,LMPC,1.452,8.7178,3.8954,3.1766,0.033,1.4451,8.6846,3.8652,0.0038
7.0048,LMPC,1.4132,8.7163,3.8854,3.1781,0.0327,1.4151,8.6837,3.8419,0.0054
7.0093,LMPC,1.3744,8.7148,3.876,3.1796,0.0323,1.3851,8.6828,3.8184,0.0068
7.0151,LMPC,1.3744,8.7148,3.876,3.1796,0.0323,1.3851,8.6828,3.8184,0.0068
7.0193,LMPC,1.3357,8.7132,3.8669,3.1813,0.032,1.3251,8.6809,3.7709,0.0085
7.0232,LMPC,1.3357,8.7132,3.8669,3.1813,0.032,1.3251,8.6809,3.7709,0.0085
7.0302,LMPC,1.2971,8.7116,3.8579,3.1828,0.0316,1.2952,8.68,3.747,0.0101
7.0343,LMPC,1.2971,8.7116,3.8579,3.1828,0.0316,1.2952,8.68,3.747,0.0101
7.0386,LMPC,1.2586,8.71,3.8491,3.1846,0.0311,1.2652,8.679,3.7229,0.0119
7.0435,LMPC,1.2586,8.71,3.8491,3.1846,0.0311,1.2652,8.679,3.7229,0.0119
7.0478,LMPC,1.2586,8.71,3.8491,3.1846,0.0311,1.2652,8.679,3.7229,0.0119
7.0518,LMPC,1.2202,8.7083,3.8403,3.186,0.0307,1.2352,8.6781,3.6986,0.0132
7.0557,LMPC,1.2202,8.7083,3.8403,3.186,0.0307,1.2352,8.6781,3.6986,0.0132
7.0599,LMPC,1.1819,8.7067,3.8318,3.1863,0.0303,1.1752,8.6762,3.6497,0.0136
7.0641,LMPC,1.1819,8.7067,3.8318,3.1863,0.0303,1.1752,8.6762,3.6497,0.0136
7.0681,LMPC,1.1819,8.7067,3.8318,3.1863,0.0303,1.1752,8.6762,3.6497,0.0136
7.0723,LMPC,1.1436,8.7052,3.8235,3.1863,0.0299,1.1452,8.6753,3.6249,0.0135
7.0771,LMPC,1.1436,8.7052,3.8235,3.1863,0.0299,1.1452,8.6753,3.6249,0.0135
7.0815,LMPC,1.1055,8.7036,3.8153,3.1856,0.0295,1.1153,8.6744,3.6,0.0129
7.0856,LMPC,1.1055,8.7036,3.8153,3.1856,0.0295,1.1153,8.6744,3.6,0.0129
7.0896,LMPC,1.0674,8.7021,3.8073,3.1849,0.0292,1.0553,8.6725,3.5496,0.0121
7.0938,LMPC,1.0674,8.7021,3.8073,3.1849,0.0292,1.0553,8.6725,3.5496,0.0121
7.0981,LMPC,1.0294,8.7006,3.7994,3.1836,0.0289,1.0253,8.6716,3.5242,0.0109
7.1023,LMPC,1.0294,8.7006,3.7994,3.1836,0.0289,1.0253,8.6716,3.5242,0.0109
7.1065,LMPC,1.0294,8.7006,3.7994,3.1836,0.0289,1.0253,8.6716,3.5242,0.0109
7.1111,LMPC,0.9914,8.6991,3.7921,3.1824,0.0286,0.9953,8.6706,3.4986,0.0097
7.1155,LMPC,0.9914,8.6991,3.7921,3.1824,0.0286,0.9953,8.6706,3.4986,0.0097
7.12,LMPC,0.9536,8.6977,3.7851,3.1809,0.0284,0.9653,8.6697,3.4728,0.0082
7.1244,LMPC,0.9536,8.6977,3.7851,3.1809,0.0284,0.9653,8.6697,3.4728,0.0082
7.1287,LMPC,0.9158,8.6963,3.7786,3.1795,0.0281,0.9054,8.6678,3.4205,0.0068
7.133,LMPC,0.9158,8.6963,3.7786,3.1795,0.0281,0.9054,8.6678,3.4205,0.0068
7.1373,LMPC,0.8781,8.6949,3.7729,3.1779,0.0279,0.8754,8.6669,3.3941,0.0051
7.1415,LMPC,0.8781,8.6949,3.7729,3.1779,0.0279,0.8754,8.6669,3.3941,0.0051
7.1483,LMPC,0.8781,8.6949,3.7729,3.1779,0.0279,0.8754,8.6669,3.3941,0.0051
7.1573,LMPC,0.8404,8.6936,3.7673,3.1763,0.0278,0.8454,8.666,3.3675,0.0036
7.1665,LMPC,0.8028,8.6923,3.7619,3.1746,0.0277,0.8154,8.665,3.3407,0.0018
7.1731,LMPC,0.7652,8.6911,3.7569,3.173,0.0276,0.7554,8.6632,3.2863,0.0003
7.1787,LMPC,0.7277,8.6899,3.7525,3.1712,0.0276,0.7254,8.6622,3.2588,-0.0015
7.1873,LMPC,0.7277,8.6899,3.7525,3.1712,0.0276,0.7254,8.6622,3.2588,-0.0015
7.1954,LMPC,0.6902,8.6888,3.7484,3.1696,0.0276,0.6955,8.6613,3.2311,-0.0031
7.2018,LMPC,0.6527,8.6877,3.7451,3.1679,0.0277,0.6655,8.6604,3.2031,-0.0049
7.2061,LMPC,0.6527,8.6877,3.7451,3.1679,0.0277,0.6655,8.6604,3.2031,-0.0049
7.2111,LMPC,0.6153,8.6867,3.7419,3.1663,0.0279,0.6055,8.6585,3.1464,-0.0065
7.2155,LMPC,0.6153,8.6867,3.7419,3.1663,0.0279,0.6055,8.6585,3.1464,-0.0065
7.2198,LMPC,0.5779,8.6857,3.7395,3.1645,0.0281,0.5755,8.6576,3.1177,-0.0083
7.2304,LMPC,0.5405,8.6848,3.7377,3.1629,0.0283,0.5455,8.6566,3.0887,-0.0098
7.2344,LMPC,0.5405,8.6848,3.7377,3.1629,0.0283,0.5455,8.6566,3.0887,-0.0098
7.2384,LMPC,0.5032,8.684,3.7361,3.1611,0.0286,0.5155,8.6557,3.0594,-0.0116
7.2429,LMPC,0.5032,8.684,3.7361,3.1611,0.0286,0.5155,8.6557,3.0594,-0.0116
7.2479,LMPC,0.5032,8.684,3.7361,3.1611,0.0286,0.5155,8.6557,3.0594,-0.0116
7.2523,LMPC,0.4658,8.6832,3.7348,3.1596,0.029,0.4556,8.6538,3.0,-0.0132
7.2567,LMPC,0.4285,8.6824,3.7346,3.1575,0.0273,0.4256,8.6551,3.0299,-0.007
7.2607,LMPC,0.4285,8.6824,3.7346,3.1575,0.0273,0.4256,8.6551,3.0299,-0.007
7.2648,LMPC,0.4285,8.6824,3.7346,3.1575,0.0273,0.4256,8.6551,3.0299,-0.007
7.2691,LMPC,0.3911,8.6819,3.7345,3.1545,0.0251,0.3957,8.6568,3.0594,-0.0001
7.2736,LMPC,0.3911,8.6819,3.7345,3.1545,0.0251,0.3957,8.6568,3.0594,-0.0001
7.2788,LMPC,0.3538,8.6814,3.7346,3.1512,0.0229,0.3657,8.6585,3.0887,0.0065
7.2831,LMPC,0.3538,8.6814,3.7346,3.1512,0.0229,0.3657,8.6585,3.0887,0.0065
7.2873,LMPC,0.3538,8.6814,3.7346,3.1512,0.0229,0.3657,8.6585,3.0887,0.0065
7.2918,LMPC,0.3164,8.6811,3.7348,3.1472,0.0194,0.3058,8.6619,3.1464,0.0224
7.2961,LMPC,0.3164,8.6811,3.7348,3.1472,0.0194,0.3058,8.6619,3.1464,0.0224
7.3005,LMPC,0.2791,8.6809,3.7354,3.1432,0.0174,0.2759,8.6636,3.1749,0.0283
7.305,LMPC,0.2791,8.6809,3.7354,3.1432,0.0174,0.2759,8.6636,3.1749,0.0283
7.3098,LMPC,0.2417,8.6809,3.736,3.1387,0.0154,0.2459,8.6653,3.2031,0.0337
7.3147,LMPC,0.2417,8.6809,3.736,3.1387,0.0154,0.2459,8.6653,3.2031,0.0337
7.3193,LMPC,0.2044,8.681,3.7368,3.1346,0.0141,0.2159,8.6664,3.2311,0.0295
7.3236,LMPC,0.2044,8.681,3.7368,3.1346,0.0141,0.2159,8.6664,3.2311,0.0295
7.3282,LMPC,0.2044,8.681,3.7368,3.1346,0.0141,0.2159,8.6664,3.2311,0.0295
7.3327,LMPC,0.167,8.6811,3.7378,3.1313,0.0128,0.156,8.6686,3.2863,0.0262
7.3372,LMPC,0.1296,8.6813,3.739,3.1283,0.0117,0.126,8.6697,3.3136,0.0232
7.3417,LMPC,0.1296,8.6813,3.739,3.1283,0.0117,0.126,8.6697,3.3136,0.0232
7.347,LMPC,0.1296,8.6813,3.739,3.1283,0.0117,0.126,8.6697,3.3136,0.0232
7.3515,LMPC,0.0922,8.6816,3.7404,3.1258,0.0106,0.096,8.6708,3.3407,0.0207
7.3557,LMPC,0.0922,8.6816,3.7404,3.1258,0.0106,0.096,8.6708,3.3407,0.0207
7.3606,LMPC,0.0548,8.6819,3.7419,3.1234,0.0096,0.066,8.6719,3.3675,0.0184
7.3652,LMPC,0.0548,8.6819,3.7419,3.1234,0.0096,0.066,8.6719,3.3675,0.0184
7.3696,LMPC,0.0174,8.6824,3.7435,3.1214,0.0087,0.0061,8.6741,3.4205,0.0164
7.3742,LMPC,0.0174,8.6824,3.7435,3.1214,0.0087,0.0061,8.6741,3.4205,0.0164
7.3798,LMPC,-0.0201,8.6829,3.7454,3.1194,0.0078,-0.0239,8.6752,3.4467,0.0143
7.3844,LMPC,-0.0201,8.6829,3.7454,3.1194,0.0078,-0.0239,8.6752,3.4467,0.0143
7.3889,LMPC,-0.0575,8.6835,3.7474,3.1176,0.007,-0.0539,8.6763,3.4728,0.0126
7.3934,LMPC,-0.0575,8.6835,3.7474,3.1176,0.007,-0.0539,8.6763,3.4728,0.0126
7.3982,LMPC,-0.095,8.6842,3.7496,3.1158,0.0064,-0.0839,8.6774,3.4986,0.0107
7.4028,LMPC,-0.095,8.6842,3.7496,3.1158,0.0064,-0.0839,8.6774,3.4986,0.0107
7.4073,LMPC,-0.095,8.6842,3.7496,3.1158,0.0064,-0.0839,8.6774,3.4986,0.0107
7.4126,LMPC,-0.1325,8.6849,3.7518,3.1145,0.0057,-0.1438,8.6796,3.5496,0.0094
7.4173,LMPC,-0.17,8.6857,3.7543,3.1141,0.0051,-0.1738,8.6807,3.5749,0.0091
7.4216,LMPC,-0.17,8.6857,3.7543,3.1141,0.0051,-0.1738,8.6807,3.5749,0.0091
7.4261,LMPC,-0.17,8.6857,3.7543,3.1141,0.0051,-0.1738,8.6807,3.5749,0.0091
7.4306,LMPC,-0.2076,8.6864,3.757,3.1142,0.0044,-0.2038,8.6818,3.6,0.0091
7.4349,LMPC,-0.2076,8.6864,3.757,3.1142,0.0044,-0.2038,8.6818,3.6,0.0091
7.4395,LMPC,-0.2451,8.6871,3.7597,3.1148,0.0038,-0.2338,8.6829,3.6249,0.0098
7.4441,LMPC,-0.2451,8.6871,3.7597,3.1148,0.0038,-0.2338,8.6829,3.6249,0.0098
7.4492,LMPC,-0.2827,8.6879,3.7626,3.1157,0.0031,-0.2937,8.6851,3.6742,0.0106
7.4536,LMPC,-0.2827,8.6879,3.7626,3.1157,0.0031,-0.2937,8.6851,3.6742,0.0106
7.4581,LMPC,-0.3204,8.6886,3.7658,3.1169,0.0025,-0.3237,8.6862,3.6986,0.0119
7.4626,LMPC,-0.3204,8.6886,3.7658,3.1169,0.0025,-0.3237,8.6862,3.6986,0.0119
7.4671,LMPC,-0.3204,8.6886,3.7658,3.1169,0.0025,-0.3237,8.6862,3.6986,0.0119
7.4715,LMPC,-0.358,8.6893,3.7692,3.1181,0.0018,-0.3537,8.6873,3.7229,0.013
7.4761,LMPC,-0.358,8.6893,3.7692,3.1181,0.0018,-0.3537,8.6873,3.7229,0.013
7.4815,LMPC,-0.3958,8.69,3.7726,3.1196,0.0022,-0.3837,8.6875,3.747,0.0096
7.486,LMPC,-0.3958,8.69,3.7726,3.1196,0.0022,-0.3837,8.6875,3.747,0.0096
7.4903,LMPC,-0.4335,8.6907,3.7761,3.121,0.0031,-0.4437,8.6877,3.7947,0.0011
7.4948,LMPC,-0.4335,8.6907,3.7761,3.121,0.0031,-0.4437,8.6877,3.7947,0.0011
7.4993,LMPC,-0.4713,8.6913,3.7798,3.1227,0.0035,-0.4737,8.6879,3.8184,-0.0023
7.5036,LMPC,-0.4713,8.6913,3.7798,3.1227,0.0035,-0.4737,8.6879,3.8184,-0.0023
7.5079,LMPC,-0.4713,8.6913,3.7798,3.1227,0.0035,-0.4737,8.6879,3.8184,-0.0023
7.513,LMPC,-0.5091,8.6919,3.7837,3.1242,0.0038,-0.5037,8.688,3.8419,-0.0057
7.5177,LMPC,-0.5469,8.6925,3.7877,3.126,0.0042,-0.5337,8.6882,3.8652,-0.0088
7.5221,LMPC,-0.5469,8.6925,3.7877,3.126,0.0042,-0.5337,8.6882,3.8652,-0.0088
7.5297,LMPC,-0.5848,8.693,3.7917,3.1284,0.0061,-0.5937,8.6869,3.896,-0.0147
7.5347,LMPC,-0.5848,8.693,3.7917,3.1284,0.0061,-0.5937,8.6869,3.896,-0.0147
7.5397,LMPC,-0.6228,8.6933,3.796,3.1317,0.0076,-0.6236,8.6857,3.919,-0.0151
7.545,LMPC,-0.6228,8.6933,3.796,3.1317,0.0076,-0.6236,8.6857,3.919,-0.0151
7.5499,LMPC,-0.6607,8.6936,3.8004,3.1349,0.0092,-0.6536,8.6845,3.9419,-0.0154
7.5544,LMPC,-0.6607,8.6936,3.8004,3.1349,0.0092,-0.6536,8.6845,3.9419,-0.0154
7.5589,LMPC,-0.6988,8.6938,3.8049,3.1376,0.0108,-0.6836,8.6832,3.9647,-0.0163
7.5634,LMPC,-0.6988,8.6938,3.8049,3.1376,0.0108,-0.6836,8.6832,3.9647,-0.0163
7.5679,LMPC,-0.6988,8.6938,3.8049,3.1376,0.0108,-0.6836,8.6832,3.9647,-0.0163
7.5722,LMPC,-0.7368,8.694,3.8095,3.1402,0.013,-0.7435,8.6808,4.0098,-0.0209
7.5766,LMPC,-0.7368,8.694,3.8095,3.1402,0.013,-0.7435,8.6808,4.0098,-0.0209
7.5818,LMPC,-0.775,8.6941,3.8143,3.1423,0.0143,-0.7735,8.6798,4.0322,-0.021
7.5863,LMPC,-0.775,8.6941,3.8143,3.1423,0.0143,-0.7735,8.6798,4.0322,-0.021
7.5906,LMPC,-0.8131,8.6942,3.8192,3.1445,0.0152,-0.8035,8.6792,4.0545,-0.0189
7.5948,LMPC,-0.8131,8.6942,3.8192,3.1445,0.0152,-0.8035,8.6792,4.0545,-0.0189
7.5993,LMPC,-0.8513,8.6942,3.8243,3.1464,0.0161,-0.8635,8.6779,4.0986,-0.017
7.6038,LMPC,-0.8513,8.6942,3.8243,3.1464,0.0161,-0.8635,8.6779,4.0986,-0.017
7.6083,LMPC,-0.8513,8.6942,3.8243,3.1464,0.0161,-0.8635,8.6779,4.0986,-0.017
7.6219,LMPC,-0.9279,8.694,3.8347,3.15,0.0175,-0.9235,8.6766,4.1423,-0.0133
7.626,LMPC,-0.9279,8.694,3.8347,3.15,0.0175,-0.9235,8.6766,4.1423,-0.0133
7.6299,LMPC,-0.9663,8.6938,3.8401,3.1519,0.0182,-0.9535,8.6759,4.164,-0.0115
7.6342,LMPC,-0.9663,8.6938,3.8401,3.1519,0.0182,-0.9535,8.6759,4.164,-0.0115
7.6389,LMPC,-1.0047,8.6935,3.8455,3.1535,0.0187,-1.0135,8.6746,4.207,-0.0099
7.6437,LMPC,-1.0047,8.6935,3.8455,3.1535,0.0187,-1.0135,8.6746,4.207,-0.0099
7.6484,LMPC,-1.0047,8.6935,3.8455,3.1535,0.0187,-1.0135,8.6746,4.207,-0.0099
7.6536,LMPC,-1.0432,8.6932,3.8511,3.1552,0.0193,-1.0435,8.674,4.2283,-0.0082
7.6584,LMPC,-1.0817,8.6928,3.8564,3.1568,0.0197,-1.0735,8.6733,4.2495,-0.0066
7.6627,LMPC,-1.0817,8.6928,3.8564,3.1568,0.0197,-1.0735,8.6733,4.2495,-0.0066
7.6668,LMPC,-1.0817,8.6928,3.8564,3.1568,0.0197,-1.0735,8.6733,4.2495,-0.0066
7.6711,LMPC,-1.1203,8.6924,3.8621,3.1585,0.0201,-1.1334,8.672,4.2917,-0.0049
7.6757,LMPC,-1.1203,8.6924,3.8621,3.1585,0.0201,-1.1334,8.672,4.2917,-0.0049
7.681,LMPC,-1.159,8.6918,3.8678,3.16,0.0204,-1.1634,8.6713,4.3126,-0.0033
7.6855,LMPC,-1.159,8.6918,3.8678,3.16,0.0204,-1.1634,8.6713,4.3126,-0.0033
7.6898,LMPC,-1.1977,8.6912,3.8737,3.1617,0.0206,-1.1934,8.6707,4.3334,-0.0017
7.6944,LMPC,-1.1977,8.6912,3.8737,3.1617,0.0206,-1.1934,8.6707,4.3334,-0.0017
7.6991,LMPC,-1.2364,8.6906,3.8797,3.1632,0.0208,-1.2234,8.67,4.3542,-0.0001
7.7037,LMPC,-1.2364,8.6906,3.8797,3.1632,0.0208,-1.2234,8.67,4.3542,-0.0001
7.7083,LMPC,-1.2364,8.6906,3.8797,3.1632,0.0208,-1.2234,8.67,4.3542,-0.0001
7.7134,LMPC,-1.2753,8.6899,3.8856,3.1649,0.021,-1.2834,8.6687,4.3953,0.0016
7.7182,LMPC,-1.3141,8.6891,3.8917,3.1664,0.021,-1.3134,8.6681,4.4157,0.0031
7.7224,LMPC,-1.3141,8.6891,3.8917,3.1664,0.021,-1.3134,8.6681,4.4157,0.0031
7.727,LMPC,-1.3141,8.6891,3.8917,3.1664,0.021,-1.3134,8.6681,4.4157,0.0031
7.7315,LMPC,-1.3531,8.6882,3.8978,3.1681,0.021,-1.3434,8.6674,4.4361,0.0048
7.736,LMPC,-1.3531,8.6882,3.8978,3.1681,0.021,-1.3434,8.6674,4.4361,0.0048
7.7407,LMPC,-1.3921,8.6873,3.9042,3.1696,0.021,-1.4034,8.6661,4.4765,0.0063
7.7454,LMPC,-1.3921,8.6873,3.9042,3.1696,0.021,-1.4034,8.6661,4.4765,0.0063
7.7528,LMPC,-1.4312,8.6864,3.9114,3.1713,0.0208,-1.4334,8.6655,4.4965,0.008
7.7575,LMPC,-1.4703,8.6853,3.9201,3.1728,0.0206,-1.4634,8.6648,4.5165,0.0095
7.761,LMPC,-1.4703,8.6853,3.9201,3.1728,0.0206,-1.4634,8.6648,4.5165,0.0095
7.7651,LMPC,-1.4703,8.6853,3.9201,3.1728,0.0206,-1.4634,8.6648,4.5165,0.0095
7.7691,LMPC,-1.5095,8.6842,3.9294,3.1745,0.0204,-1.5233,8.6635,4.5562,0.0111
7.7727,LMPC,-1.5095,8.6842,3.9294,3.1745,0.0204,-1.5233,8.6635,4.5562,0.0111
7.7769,LMPC,-1.5489,8.683,3.9392,3.176,0.0201,-1.5533,8.6629,4.5759,0.0126
7.7811,LMPC,-1.5489,8.683,3.9392,3.176,0.0201,-1.5533,8.6629,4.5759,0.0126
7.785,LMPC,-1.5489,8.683,3.9392,3.176,0.0201,-1.5533,8.6629,4.5759,0.0126
7.7888,LMPC,-1.5883,8.6818,3.9505,3.1777,0.0197,-1.5833,8.6622,4.5955,0.0143
7.7925,LMPC,-1.5883,8.6818,3.9505,3.1777,0.0197,-1.5833,8.6622,4.5955,0.0143
7.7966,LMPC,-1.6278,8.6805,3.9622,3.1789,0.0193,-1.6133,8.6616,4.615,0.0155
7.8005,LMPC,-1.6278,8.6805,3.9622,3.1789,0.0193,-1.6133,8.6616,4.615,0.0155
7.8043,LMPC,-1.6278,8.6805,3.9622,3.1789,0.0193,-1.6133,8.6616,4.615,0.0155
7.8085,LMPC,-1.6675,8.6793,3.9743,3.1791,0.0189,-1.6733,8.6603,4.6539,0.0158
7.813,LMPC,-1.6675,8.6793,3.9743,3.1791,0.0189,-1.6733,8.6603,4.6539,0.0158
7.8235,LMPC,-1.7073,8.678,3.9877,3.179,0.0185,-1.7033,8.6596,4.6732,0.0157
7.8271,LMPC,-1.7073,8.678,3.9877,3.179,0.0185,-1.7033,8.6596,4.6732,0.0157
7.8308,LMPC,-1.7472,8.6768,4.0014,3.1784,0.0181,-1.7333,8.6589,4.6924,0.015
7.8348,LMPC,-1.7472,8.6768,4.0014,3.1784,0.0181,-1.7333,8.6589,4.6924,0.015
7.8392,LMPC,-1.7873,8.6755,4.0154,3.1775,0.0177,-1.7933,8.6576,4.7306,0.0142
7.8432,LMPC,-1.7873,8.6755,4.0154,3.1775,0.0177,-1.7933,8.6576,4.7306,0.0142
7.8475,LMPC,-1.7873,8.6755,4.0154,3.1775,0.0177,-1.7933,8.6576,4.7306,0.0142
7.8518,LMPC,-1.8275,8.6743,4.0296,3.1763,0.0174,-1.8233,8.657,4.7496,0.013
7.8557,LMPC,-1.8275,8.6743,4.0296,3.1763,0.0174,-1.8233,8.657,4.7496,0.013
7.8596,LMPC,-1.8678,8.673,4.0451,3.1751,0.017,-1.8533,8.6563,4.7685,0.0117
7.8637,LMPC,-1.8678,8.673,4.0451,3.1751,0.017,-1.8533,8.6563,4.7685,0.0117
7.8678,LMPC,-1.8678,8.673,4.0451,3.1751,0.017,-1.8533,8.6563,4.7685,0.0117
7.8718,LMPC,-1.9083,8.6718,4.0607,3.1736,0.0167,-1.9133,8.655,4.8061,0.0102
7.8757,LMPC,-1.9083,8.6718,4.0607,3.1736,0.0167,-1.9133,8.655,4.8061,0.0102
7.8804,LMPC,-1.949,8.6707,4.0764,3.1722,0.0164,-1.9432,8.6544,4.8248,0.0088
7.8843,LMPC,-1.949,8.6707,4.0764,3.1722,0.0164,-1.9432,8.6544,4.8248,0.0088
7.8885,LMPC,-1.9898,8.6695,4.0933,3.1705,0.0161,-2.0032,8.6531,4.862,0.0072
7.8939,LMPC,-1.9898,8.6695,4.0933,3.1705,0.0161,-2.0032,8.6531,4.862,0.0072
7.8992,LMPC,-2.0308,8.6684,4.1102,3.169,0.0159,-2.0332,8.6524,4.8804,0.0056
7.904,LMPC,-2.0308,8.6684,4.1102,3.169,0.0159,-2.0332,8.6524,4.8804,0.0056
7.9087,LMPC,-2.072,8.6673,4.1273,3.1673,0.0157,-2.0632,8.6518,4.8988,0.0039
7.9134,LMPC,-2.072,8.6673,4.1273,3.1673,0.0157,-2.0632,8.6518,4.8988,0.0039
7.9186,LMPC,-2.1134,8.6662,4.1453,3.1657,0.0156,-2.1232,8.6505,4.9354,0.0024
7.9229,LMPC,-2.1134,8.6662,4.1453,3.1657,0.0156,-2.1232,8.6505,4.9354,0.0024
7.9271,LMPC,-2.1134,8.6662,4.1453,3.1657,0.0156,-2.1232,8.6505,4.9354,0.0024
7.9315,LMPC,-2.1549,8.6652,4.1633,3.164,0.0155,-2.1532,8.6498,4.9536,0.0006
7.936,LMPC,-2.1549,8.6652,4.1633,3.164,0.0155,-2.1532,8.6498,4.9536,0.0006
7.9406,LMPC,-2.1966,8.6643,4.1823,3.1624,0.0154,-2.1832,8.6492,4.9718,-0.0009
7.9451,LMPC,-2.1966,8.6643,4.1823,3.1624,0.0154,-2.1832,8.6492,4.9718,-0.0009
7.9499,LMPC,-2.2385,8.6634,4.2012,3.1607,0.0154,-2.2432,8.6479,5.0,-0.0027
7.9545,LMPC,-2.2385,8.6634,4.2012,3.1607,0.0154,-2.2432,8.6479,5.0,-0.0027
7.9591,LMPC,-2.2806,8.6625,4.2201,3.1594,0.0154,-2.2732,8.6472,5.0,-0.0039
7.9635,LMPC,-2.2806,8.6625,4.2201,3.1594,0.0154,-2.2732,8.6472,5.0,-0.0039
7.9681,LMPC,-2.2806,8.6625,4.2201,3.1594,0.0154,-2.2732,8.6472,5.0,-0.0039
7.9726,LMPC,-2.3229,8.6615,4.2399,3.1591,0.0154,-2.3332,8.6459,5.0,-0.0043
7.9773,LMPC,-2.3654,8.6606,4.2595,3.1591,0.0154,-2.3631,8.6453,5.0,-0.0043
7.9823,LMPC,-2.3654,8.6606,4.2595,3.1591,0.0154,-2.3631,8.6453,5.0,-0.0043
7.9872,LMPC,-2.3654,8.6606,4.2595,3.1591,0.0154,-2.3631,8.6453,5.0,-0.0043
7.9919,LMPC,-2.4081,8.6597,4.2791,3.1597,0.0154,-2.3931,8.6446,5.0,-0.0037
7.9966,LMPC,-2.4081,8.6597,4.2791,3.1597,0.0154,-2.3931,8.6446,5.0,-0.0037
8.0015,LMPC,-2.451,8.6587,4.2992,3.1604,0.0153,-2.4531,8.6433,5.0,-0.0029
8.0061,LMPC,-2.451,8.6587,4.2992,3.1604,0.0153,-2.4531,8.6433,5.0,-0.0029
8.0106,LMPC,-2.494,8.6577,4.3182,3.1616,0.0153,-2.4831,8.6426,5.0,-0.0017
8.016,LMPC,-2.494,8.6577,4.3182,3.1616,0.0153,-2.4831,8.6426,5.0,-0.0017
8.0211,LMPC,-2.5373,8.6567,4.3364,3.1628,0.0152,-2.5431,8.6413,5.0,-0.0005
8.0355,LMPC,-2.5807,8.6556,4.3537,3.1643,0.0151,-2.5731,8.6407,5.0,0.001
8.0405,LMPC,-2.6243,8.6545,4.3701,3.1658,0.0149,-2.6331,8.6394,5.0,0.0024
8.0452,LMPC,-2.6243,8.6545,4.3701,3.1658,0.0149,-2.6331,8.6394,5.0,0.0024
8.0498,LMPC,-2.6681,8.6534,4.3858,3.1675,0.0147,-2.6631,8.6387,5.0,0.0041
8.0544,LMPC,-2.6681,8.6534,4.3858,3.1675,0.0147,-2.6631,8.6387,5.0,0.0041
8.0593,LMPC,-2.712,8.6522,4.4008,3.169,0.0145,-2.7231,8.6374,5.0,0.0057
8.0653,LMPC,-2.712,8.6522,4.4008,3.169,0.0145,-2.7231,8.6374,5.0,0.0057
8.0698,LMPC,-2.7561,8.651,4.415,3.1708,0.0143,-2.7531,8.6368,5.0,0.0074
8.0738,LMPC,-2.7561,8.651,4.415,3.1708,0.0143,-2.7531,8.6368,5.0,0.0074
8.078,LMPC,-2.8003,8.6497,4.4285,3.1724,0.0139,-2.813,8.6355,5.0,0.0091
8.0821,LMPC,-2.8003,8.6497,4.4285,3.1724,0.0139,-2.813,8.6355,5.0,0.0091
8.0869,LMPC,-2.8003,8.6497,4.4285,3.1724,0.0139,-2.813,8.6355,5.0,0.0091
8.0906,LMPC,-2.8446,8.6484,4.4414,3.1743,0.0136,-2.843,8.6348,5.0,0.0109
8.0942,LMPC,-2.8446,8.6484,4.4414,3.1743,0.0136,-2.843,8.6348,5.0,0.0109
8.0982,LMPC,-2.8891,8.647,4.4537,3.1759,0.0132,-2.903,8.6335,5.0,0.0126
8.1018,LMPC,-2.8891,8.647,4.4537,3.1759,0.0132,-2.903,8.6335,5.0,0.0126
8.1055,LMPC,-2.8891,8.647,4.4537,3.1759,0.0132,-2.903,8.6335,5.0,0.0126
8.1092,LMPC,-2.9336,8.6455,4.4654,3.1778,0.0127,-2.933,8.6329,5.0,0.0144
8.1132,LMPC,-2.9336,8.6455,4.4654,3.1778,0.0127,-2.933,8.6329,5.0,0.0144
8.1179,LMPC,-2.9783,8.6441,4.4766,3.1791,0.0122,-2.993,8.6316,5.0,0.0158
8.1218,LMPC,-2.9783,8.6441,4.4766,3.1791,0.0122,-2.993,8.6316,5.0,0.0158
8.1255,LMPC,-2.9783,8.6441,4.4766,3.1791,0.0122,-2.993,8.6316,5.0,0.0158
8.1298,LMPC,-3.0231,8.6426,4.4872,3.1796,0.0117,-3.023,8.6309,5.0,0.0162
8.1339,LMPC,-3.0231,8.6426,4.4872,3.1796,0.0117,-3.023,8.6309,5.0,0.0162
8.138,LMPC,-3.068,8.6411,4.4973,3.1796,0.0112,-3.053,8.6302,5.0,0.0163
8.1419,LMPC,-3.068,8.6411,4.4973,3.1796,0.0112,-3.053,8.6302,5.0,0.0163
8.146,LMPC,-3.068,8.6411,4.4973,3.1796,0.0112,-3.053,8.6302,5.0,0.0163
8.1516,LMPC,-3.113,8.6397,4.507,3.1791,0.0107,-3.113,8.6289,5.0,0.0157
8.1553,LMPC,-3.113,8.6397,4.507,3.1791,0.0107,-3.113,8.6289,5.0,0.0157
8.1592,LMPC,-3.1581,8.6382,4.5162,3.1783,0.0103,-3.143,8.6283,5.0,0.0149
8.1637,LMPC,-3.1581,8.6382,4.5162,3.1783,0.0103,-3.143,8.6283,5.0,0.0149
8.1676,LMPC,-3.1581,8.6382,4.5162,3.1783,0.0103,-3.143,8.6283,5.0,0.0149
8.1713,LMPC,-3.2033,8.6368,4.5249,3.1771,0.0098,-3.2029,8.627,5.0,0.0137
8.1752,LMPC,-3.2033,8.6368,4.5249,3.1771,0.0098,-3.2029,8.627,5.0,0.0137
8.1795,LMPC,-3.2486,8.6354,4.5332,3.1758,0.0094,-3.2629,8.6257,5.0,0.0124
8.1843,LMPC,-3.2486,8.6354,4.5332,3.1758,0.0094,-3.2629,8.6257,5.0,0.0124
8.1883,LMPC,-3.2486,8.6354,4.5332,3.1758,0.0094,-3.2629,8.6257,5.0,0.0124
8.1924,LMPC,-3.2939,8.634,4.5412,3.1742,0.009,-3.2929,8.625,5.0,0.0109
8.1965,LMPC,-3.2939,8.634,4.5412,3.1742,0.009,-3.2929,8.625,5.0,0.0109
8.2009,LMPC,-3.3393,8.6327,4.5487,3.1727,0.0086,-3.3529,8.6237,5.0,0.0093
8.2049,LMPC,-3.3393,8.6327,4.5487,3.1727,0.0086,-3.3529,8.6237,5.0,0.0093
8.2091,LMPC,-3.3848,8.6313,4.5559,3.1709,0.0083,-3.3829,8.6231,5.0,0.0075
8.2133,LMPC,-3.3848,8.6313,4.5559,3.1709,0.0083,-3.3829,8.6231,5.0,0.0075
8.2183,LMPC,-3.4304,8.63,4.5628,3.1692,0.008,-3.4429,8.6218,5.0,0.0059
8.2222,LMPC,-3.4304,8.63,4.5628,3.1692,0.008,-3.4429,8.6218,5.0,0.0059
8.2263,LMPC,-3.4304,8.63,4.5628,3.1692,0.008,-3.4429,8.6218,5.0,0.0059
8.2303,LMPC,-3.4761,8.6288,4.5693,3.1673,0.0077,-3.4729,8.6211,5.0,0.004
8.2344,LMPC,-3.4761,8.6288,4.5693,3.1673,0.0077,-3.4729,8.6211,5.0,0.004
8.2386,LMPC,-3.5218,8.6276,4.5755,3.1656,0.0075,-3.5329,8.6198,5.0,0.0022
8.2426,LMPC,-3.5218,8.6276,4.5755,3.1656,0.0075,-3.5329,8.6198,5.0,0.0022
8.2466,LMPC,-3.5218,8.6276,4.5755,3.1656,0.0075,-3.5329,8.6198,5.0,0.0022
8.2511,LMPC,-3.5675,8.6264,4.5814,3.1636,0.0074,-3.5629,8.6192,5.0,0.0003
8.2553,LMPC,-3.5675,8.6264,4.5814,3.1636,0.0074,-3.5629,8.6192,5.0,0.0003
8.2596,LMPC,-3.6134,8.6253,4.5871,3.1618,0.0073,-3.6228,8.6179,5.0,-0.0015
8.2637,LMPC,-3.6134,8.6253,4.5871,3.1618,0.0073,-3.6228,8.6179,5.0,-0.0015
8.2687,LMPC,-3.6593,8.6243,4.5924,3.1599,0.0072,-3.6528,8.6172,5.0,-0.0035
8.2729,LMPC,-3.6593,8.6243,4.5924,3.1599,0.0072,-3.6528,8.6172,5.0,-0.0035
8.2774,LMPC,-3.7052,8.6233,4.5975,3.1581,0.0072,-3.7128,8.6159,5.0,-0.0053
8.2832,LMPC,-3.7052,8.6233,4.5975,3.1581,0.0072,-3.7128,8.6159,5.0,-0.0053
8.291,LMPC,-3.7512,8.6224,4.6024,3.1561,0.0073,-3.7428,8.6152,5.0,-0.0073
8.2957,LMPC,-3.7512,8.6224,4.6024,3.1561,0.0073,-3.7428,8.6152,5.0,-0.0073
8.2998,LMPC,-3.7972,8.6215,4.6071,3.1546,0.0075,-3.8028,8.6139,5.0,-0.0088
8.3041,LMPC,-3.7972,8.6215,4.6071,3.1546,0.0075,-3.8028,8.6139,5.0,-0.0088
8.3082,LMPC,-3.7972,8.6215,4.6071,3.1546,0.0075,-3.8028,8.6139,5.0,-0.0088
8.3122,LMPC,-3.8433,8.6206,4.6115,3.1541,0.0076,-3.8328,8.6133,5.0,-0.0093
8.3167,LMPC,-3.8433,8.6206,4.6115,3.1541,0.0076,-3.8328,8.6133,5.0,-0.0093
8.3213,LMPC,-3.8894,8.6197,4.6157,3.154,0.0077,-3.8928,8.612,5.0,-0.0094
8.3253,LMPC,-3.8894,8.6197,4.6157,3.154,0.0077,-3.8928,8.612,5.0,-0.0094
8.3292,LMPC,-3.9356,8.6188,4.6197,3.1545,0.0078,-3.9228,8.6113,5.0,-0.0088
8.333,LMPC,-3.9356,8.6188,4.6197,3.1545,0.0078,-3.9228,8.6113,5.0,-0.0088
8.3372,LMPC,-3.9818,8.6179,4.6235,3.1553,0.0079,-3.9828,8.61,5.0,-0.0081
8.3411,LMPC,-3.9818,8.6179,4.6235,3.1553,0.0079,-3.9828,8.61,5.0,-0.0081
8.3452,LMPC,-3.9818,8.6179,4.6235,3.1553,0.0079,-3.9828,8.61,5.0,-0.0081
8.3496,LMPC,-4.028,8.617,4.6271,3.1565,0.0079,-4.0427,8.6087,5.0,-0.0068
8.3536,LMPC,-4.028,8.617,4.6271,3.1565,0.0079,-4.0427,8.6087,5.0,-0.0068
8.3578,LMPC,-4.0743,8.6161,4.6306,3.1578,0.008,-4.0727,8.6081,5.0,-0.0056
8.362,LMPC,-4.0743,8.6161,4.6306,3.1578,0.008,-4.0727,8.6081,5.0,-0.0056
8.366,LMPC,-4.0743,8.6161,4.6306,3.1578,0.008,-4.0727,8.6081,5.0,-0.0056
8.3699,LMPC,-4.1206,8.6151,4.6339,3.1594,0.0081,-4.1327,8.6068,5.0,-0.004
8.3738,LMPC,-4.1206,8.6151,4.6339,3.1594,0.0081,-4.1327,8.6068,5.0,-0.004
8.3783,LMPC,-4.167,8.6141,4.6371,3.161,0.0081,-4.1627,8.6061,5.0,-0.0024
8.3828,LMPC,-4.167,8.6141,4.6371,3.161,0.0081,-4.1627,8.6061,5.0,-0.0024
8.3869,LMPC,-4.167,8.6141,4.6371,3.161,0.0081,-4.1627,8.6061,5.0,-0.0024
8.3991,LMPC,-4.2598,8.6121,4.6429,3.1646,0.008,-4.2527,8.6042,5.0,0.0012
8.4032,LMPC,-4.2598,8.6121,4.6429,3.1646,0.008,-4.2527,8.6042,5.0,0.0012
8.4073,LMPC,-4.2598,8.6121,4.6429,3.1646,0.008,-4.2527,8.6042,5.0,0.0012
8.4117,LMPC,-4.3062,8.6109,4.6456,3.1665,0.008,-4.3127,8.6029,5.0,0.0032
8.4164,LMPC,-4.3062,8.6109,4.6456,3.1665,0.008,-4.3127,8.6029,5.0,0.0032
8.421,LMPC,-4.3526,8.6098,4.6482,3.1684,0.0078,-4.3427,8.6022,5.0,0.005
8.4254,LMPC,-4.3526,8.6098,4.6482,3.1684,0.0078,-4.3427,8.6022,5.0,0.005
8.43,LMPC,-4.3991,8.6086,4.6507,3.1704,0.0076,-4.4027,8.6009,5.0,0.007
8.4346,LMPC,-4.3991,8.6086,4.6507,3.1704,0.0076,-4.4027,8.6009,5.0,0.007
8.4392,LMPC,-4.4456,8.6074,4.653,3.1722,0.0074,-4.4327,8.6002,5.0,0.0089
8.444,LMPC,-4.4456,8.6074,4.653,3.1722,0.0074,-4.4327,8.6002,5.0,0.0089
8.4489,LMPC,-4.4456,8.6074,4.653,3.1722,0.0074,-4.4327,8.6002,5.0,0.0089
8.4536,LMPC,-4.4922,8.606,4.6552,3.1743,0.0071,-4.4926,8.5989,5.0,0.0109
8.4582,LMPC,-4.5387,8.6047,4.6574,3.1758,0.0068,-4.5526,8.5976,5.0,0.0125
8.4629,LMPC,-4.5387,8.6047,4.6574,3.1758,0.0068,-4.5526,8.5976,5.0,0.0125
8.4674,LMPC,-4.5387,8.6047,4.6574,3.1758,0.0068,-4.5526,8.5976,5.0,0.0125
8.4719,LMPC,-4.5853,8.6034,4.6595,3.1764,0.0065,-4.5826,8.597,5.0,0.0131
8.4765,LMPC,-4.5853,8.6034,4.6595,3.1764,0.0065,-4.5826,8.597,5.0,0.0131
8.4816,LMPC,-4.6318,8.6021,4.6616,3.1766,0.0061,-4.6426,8.5957,5.0,0.0132
8.4863,LMPC,-4.6318,8.6021,4.6616,3.1766,0.0061,-4.6426,8.5957,5.0,0.0132
8.4908,LMPC,-4.6785,8.6007,4.6637,3.176,0.0059,-4.6726,8.595,5.0,0.0127
8.4953,LMPC,-4.6785,8.6007,4.6637,3.176,0.0059,-4.6726,8.595,5.0,0.0127
8.5002,LMPC,-4.7251,8.5994,4.6659,3.1753,0.0055,-4.7326,8.5937,5.0,0.0119
8.5046,LMPC,-4.7251,8.5994,4.6659,3.1753,0.0055,-4.7326,8.5937,5.0,0.0119
8.5092,LMPC,-4.7717,8.5981,4.668,3.1741,0.0053,-4.7626,8.5931,5.0,0.0107
8.5139,LMPC,-4.7717,8.5981,4.668,3.1741,0.0053,-4.7626,8.5931,5.0,0.0107
8.519,LMPC,-4.8184,8.5969,4.67,3.1728,0.005,-4.8226,8.5918,5.0,0.0095
8.5235,LMPC,-4.8184,8.5969,4.67,3.1728,0.005,-4.8226,8.5918,5.0,0.0095
8.5312,LMPC,-4.8651,8.5956,4.6721,3.1712,0.0048,-4.8526,8.5911,5.0,0.0079
8.5358,LMPC,-4.8651,8.5956,4.6721,3.1712,0.0048,-4.8526,8.5911,5.0,0.0079
8.5405,LMPC,-4.9118,8.5944,4.6742,3.1697,0.0045,-4.9125,8.5898,5.0,0.0063
8.5454,LMPC,-4.9118,8.5944,4.6742,3.1697,0.0045,-4.9125,8.5898,5.0,0.0063
8.5501,LMPC,-4.9586,8.5932,4.6762,3.1678,0.0044,-4.9725,8.5885,5.0,0.0045
8.5546,LMPC,-4.9586,8.5932,4.6762,3.1678,0.0044,-4.9725,8.5885,5.0,0.0045
8.5591,LMPC,-5.0053,8.592,4.6782,3.1661,0.0042,-5.0025,8.5878,5.0,0.0027
8.5638,LMPC,-5.0053,8.592,4.6782,3.1661,0.0042,-5.0025,8.5878,5.0,0.0027
8.5684,LMPC,-5.0053,8.592,4.6782,3.1661,0.0042,-5.0025,8.5878,5.0,0.0027
8.5731,LMPC,-5.0521,8.5909,4.6803,3.1641,0.0041,-5.0625,8.5865,5.0,0.0008
8.5779,LMPC,-5.0989,8.5898,4.6823,3.1623,0.004,-5.0925,8.5859,5.0,-0.0011
8.5828,LMPC,-5.0989,8.5898,4.6823,3.1623,0.004,-5.0925,8.5859,5.0,-0.0011
8.5875,LMPC,-5.0989,8.5898,4.6823,3.1623,0.004,-5.0925,8.5859,5.0,-0.0011
8.5918,LMPC,-5.1457,8.5888,4.6843,3.1603,0.004,-5.1525,8.5846,5.0,-0.0031
8.5961,LMPC,-5.1457,8.5888,4.6843,3.1603,0.004,-5.1525,8.5846,5.0,-0.0031
8.6085,LMPC,-5.1926,8.5878,4.6862,3.1584,0.0041,-5.1825,8.5839,5.0,-0.005
8.6129,LMPC,-5.2394,8.5869,4.6882,3.1563,0.0042,-5.2425,8.5826,5.0,-0.007
8.6179,LMPC,-5.2863,8.586,4.6902,3.1547,0.0043,-5.2725,8.582,5.0,-0.0086
8.6223,LMPC,-5.2863,8.586,4.6902,3.1547,0.0043,-5.2725,8.582,5.0,-0.0086
8.6267,LMPC,-5.2863,8.586,4.6902,3.1547,0.0043,-5.2725,8.582,5.0,-0.0086
8.631,LMPC,-5.3332,8.5851,4.6921,3.1541,0.0045,-5.3324,8.5807,5.0,-0.0092
8.6356,LMPC,-5.3332,8.5851,4.6921,3.1541,0.0045,-5.3324,8.5807,5.0,-0.0092
8.6404,LMPC,-5.3801,8.5842,4.694,3.154,0.0046,-5.3924,8.5794,5.0,-0.0094
