time_s,label,x,y,v,yaw,cte,ref_x,ref_y,ref_v,yaw_diff
0.3106,NMPC,0.0,0.0,0.0,0.0,0.0,0.0,0.0,7.4626,0.0
0.327,NMPC,0.0,0.0,0.0,0.0,0.0,0.0,0.0,7.4626,0.0
0.3423,NMPC,0.0,0.0,0.0,0.0,0.0,0.0,0.0,7.4626,0.0
0.357,NMPC,0.0,0.0,0.0,0.0,0.0,0.0,0.0,7.4626,0.0
0.3729,NMPC,0.0,0.0,0.0,0.0,0.0,0.0,0.0,7.4626,0.0
0.3883,NMPC,0.0003,0.0,0.0653,0.0,0.0,0.0,0.0,7.4626,0.0
0.4022,NMPC,0.0035,0.0,0.2555,0.0,0.0,0.0,0.0,7.4626,0.0
0.4147,NMPC,0.0066,0.0,0.3506,0.0,0.0,0.0,0.0,7.4626,0.0
0.4264,NMPC,0.0155,0.0,0.5408,0.0,0.0,0.03,0.0,7.4747,0.0
0.4552,NMPC,0.036,0.0,0.8261,0.0,0.0,0.03,0.0,7.4747,0.0
0.4716,NMPC,0.0447,0.0,0.9212,0.0,0.0,0.03,0.0,7.4747,0.0
0.4821,NMPC,0.0544,0.0,1.0163,0.0,0.0,0.06,0.0,7.4867,0.0
0.4939,NMPC,0.065,0.0,1.1114,0.0,0.0,0.06,0.0,7.4867,0.0
0.5074,NMPC,0.0892,0.0,1.3016,0.0,0.0,0.09,0.0,7.4987,0.0
0.5217,NMPC,0.1027,0.0,1.3967,0.0,0.0,0.09,0.0,7.4987,0.0
0.5359,NMPC,0.1171,0.0,1.4918,0.0,0.0,0.12,0.0,7.5107,0.0
0.5506,NMPC,0.1488,0.0,1.682,0.0,0.0,0.15,0.0,7.5227,0.0
0.5608,NMPC,0.1661,0.0,1.7771,0.0,0.0,0.18,0.0,7.5346,0.0
0.573,NMPC,0.2036,0.0,1.9673,0.0,0.0,0.21,0.0,7.5466,0.0
0.582,NMPC,0.2036,0.0,1.9673,0.0,0.0,0.21,0.0,7.5466,0.0
0.5914,NMPC,0.2237,0.0,2.0624,0.0,0.0,0.21,0.0,7.5466,0.0
0.6035,NMPC,0.2448,0.0,2.1575,0.0,0.0,0.24,0.0,7.5585,0.0
0.6127,NMPC,0.2899,0.0,2.3477,0.0,0.0,0.3,0.0,7.5823,0.0
0.6221,NMPC,0.2899,0.0,2.3477,0.0,0.0,0.3,0.0,7.5823,0.0
0.6335,NMPC,0.3138,0.0,2.4428,0.0,0.0,0.3,0.0,7.5823,0.0
0.6424,NMPC,0.3387,0.0,2.5379,0.0,0.0,0.33,0.0,7.5941,0.0
0.6515,NMPC,0.3646,0.0,2.633,0.0,0.0,0.36,0.0,7.606,0.0
0.6609,NMPC,0.3914,0.0,2.7281,0.0,0.0,0.39,0.0,7.6178,0.0
0.6716,NMPC,0.4191,0.0,2.8232,0.0,0.0,0.42,0.0,7.6296,0.0
0.6806,NMPC,0.4479,0.0,2.9183,0.0,0.0,0.45,0.0,7.6414,0.0
0.6896,NMPC,0.4775,0.0,3.0134,0.0,0.0,0.48,0.0,7.6532,0.0
0.6997,NMPC,0.5081,0.0,3.1085,0.0,0.0,0.51,0.0,7.6649,0.0
0.7088,NMPC,0.5397,0.0,3.2036,0.0,0.0,0.54,0.0,7.6766,0.0
0.7181,NMPC,0.5722,0.0,3.2987,0.0,0.0,0.57,0.0,7.6884,0.0
0.7276,NMPC,0.6057,0.0,3.3938,0.0,0.0,0.6,0.0,7.7,0.0
0.7376,NMPC,0.6401,0.0,3.4889,0.0,0.0,0.63,0.0,7.7117,0.0
0.7464,NMPC,0.6754,0.0,3.584,0.0,0.0,0.69,0.0,7.735,0.0
0.7553,NMPC,0.7117,0.0,3.6791,0.0,0.0,0.72,0.0,7.7467,0.0
0.7641,NMPC,0.749,0.0,3.7742,0.0,0.0,0.75,0.0,7.7583,0.0
0.7739,NMPC,0.7872,0.0,3.8693,0.0,0.0,0.78,0.0,7.7699,0.0
0.783,NMPC,0.7872,0.0,3.8693,0.0,0.0,0.78,0.0,7.7699,0.0
0.7917,NMPC,0.8264,0.0,3.9644,0.0,0.0,0.84,0.0,7.793,0.0
0.8004,NMPC,0.8665,0.0,4.0595,0.0,0.0,0.87,0.0,7.8045,0.0
0.8103,NMPC,0.9076,0.0,4.1546,0.0,0.0,0.9,0.0,7.8161,0.0
0.819,NMPC,0.9496,0.0,4.2497,0.0,0.0,0.96,0.0,7.8391,0.0
0.8277,NMPC,0.9926,0.0,4.3448,0.0,0.0,0.99,0.0,7.8505,0.0
0.8362,NMPC,1.0365,0.0,4.4399,0.0,0.0,1.05,0.0,7.8734,0.0
0.8474,NMPC,1.0814,0.0,4.535,0.0,0.0,1.08,0.0,7.8848,0.0
0.856,NMPC,1.1272,0.0,4.6301,0.0,0.0,1.14,0.0,7.9076,0.0
0.8648,NMPC,1.174,0.0,4.7252,0.0,0.0,1.17,0.0,7.919,0.0
0.8736,NMPC,1.2217,0.0,4.8203,0.0,0.0,1.23,0.0,7.9417,0.0
0.8828,NMPC,1.2217,0.0,4.8203,0.0,0.0,1.23,0.0,7.9417,0.0
0.8915,NMPC,1.2704,0.0,4.9154,0.0,0.0,1.26,0.0,7.953,0.0
0.9167,NMPC,1.4221,0.0,5.2007,0.0,0.0,1.41,0.0,8.0094,0.0
0.9252,NMPC,1.4746,0.0,5.2958,0.0,0.0,1.47,0.0,8.0319,0.0
0.9339,NMPC,1.528,0.0,5.3909,0.0,0.0,1.53,0.0,8.0542,0.0
0.9422,NMPC,1.528,0.0,5.3909,0.0,0.0,1.53,0.0,8.0542,0.0
0.9517,NMPC,1.5824,0.0,5.4836,0.0,0.0,1.59,0.0,8.0766,0.0
0.9597,NMPC,1.6377,0.0,5.572,0.0,0.0,1.65,0.0,8.0988,0.0
0.9681,NMPC,1.6938,0.0,5.6567,0.0,0.0,1.68,0.0,8.1099,0.0
0.9769,NMPC,1.7508,0.0,5.7411,0.0,0.0,1.74,0.0,8.1321,0.0
0.9852,NMPC,1.8086,0.0,5.8225,0.0,0.0,1.8,0.0,8.1542,0.0
0.9932,NMPC,1.8673,0.0,5.9001,0.0,0.0,1.86,0.0,8.1762,0.0
1.0013,NMPC,1.8673,0.0,5.9001,0.0,0.0,1.86,0.0,8.1762,0.0
1.0142,NMPC,1.9867,0.0,6.0475,0.0,0.0,1.98,0.0,8.2201,0.0
1.0223,NMPC,1.9867,0.0,6.0475,0.0,0.0,1.98,0.0,8.2201,0.0
1.0303,NMPC,2.0476,0.0,6.1181,0.0,0.0,2.04,0.0,8.242,0.0
1.0386,NMPC,2.1091,0.0,6.1864,0.0,0.0,2.1,0.0,8.2638,0.0
1.0471,NMPC,2.1713,0.0,6.2525,0.0,0.0,2.16,0.0,8.2856,0.0
1.0554,NMPC,2.2341,0.0,6.3154,0.0,0.0,2.22,0.0,8.3073,0.0
1.0638,NMPC,2.2341,0.0,6.3154,0.0,0.0,2.22,0.0,8.3073,0.0
1.072,NMPC,2.3617,0.0,6.4366,0.0,0.0,2.37,0.0,8.3613,0.0
1.0805,NMPC,2.3617,0.0,6.4366,0.0,0.0,2.37,0.0,8.3613,0.0
1.0888,NMPC,2.4263,0.0,6.4939,0.0,0.0,2.43,0.0,8.3828,0.0
1.0967,NMPC,2.4915,0.0,6.5495,0.0,0.0,2.49,0.0,8.4042,0.0
1.1046,NMPC,2.5573,0.0,6.6046,0.0,0.0,2.55,0.0,8.4256,0.0
1.113,NMPC,2.6236,0.0,6.657,0.0,0.0,2.61,0.0,8.4469,0.0
1.121,NMPC,2.6236,0.0,6.657,0.0,0.0,2.61,0.0,8.4469,0.0
1.1289,NMPC,2.6904,0.0,6.7095,0.0,0.0,2.7,0.0,8.4534,0.0
1.1371,NMPC,2.7578,0.0,6.7595,0.0,0.0,2.76,0.0,8.4321,0.0
1.1455,NMPC,2.8256,0.0,6.8092,0.0,0.0,2.82,0.0,8.4107,0.0
1.1538,NMPC,2.894,0.0,6.8575,0.0,0.0,2.88,0.0,8.3893,0.0
1.162,NMPC,2.894,0.0,6.8575,0.0,0.0,2.88,0.0,8.3893,0.0
1.1705,NMPC,2.9628,0.0,6.9046,0.0,0.0,2.97,0.0,8.357,0.0
1.1783,NMPC,3.032,0.0,6.9494,0.0,0.0,3.03,0.0,8.3355,0.0
1.1862,NMPC,3.1018,0.0,6.9924,0.0,0.0,3.09,0.0,8.3138,0.0
1.1936,NMPC,3.1719,0.0,7.0313,0.0,0.0,3.18,0.0,8.2813,0.0
1.2011,NMPC,3.1719,0.0,7.0313,0.0,0.0,3.18,0.0,8.2813,0.0
1.2091,NMPC,3.2424,0.0,7.0673,0.0,0.0,3.24,0.0,8.2595,0.0
1.2171,NMPC,3.3132,0.0,7.1017,0.0,0.0,3.3,0.0,8.2377,0.0
1.2246,NMPC,3.3844,0.0,7.1328,0.0,0.0,3.39,0.0,8.2049,0.0
1.2321,NMPC,3.4559,0.0,7.1604,0.0,0.0,3.45,0.0,8.1829,0.0
1.2397,NMPC,3.4559,0.0,7.1604,0.0,0.0,3.45,0.0,8.1829,0.0
1.2475,NMPC,3.5276,0.0,7.1852,0.0,0.0,3.54,0.0,8.1498,0.0
1.2554,NMPC,3.5995,0.0,7.2088,0.0,0.0,3.6,0.0,8.1277,0.0
1.2626,NMPC,3.5995,0.0,7.2088,0.0,0.0,3.6,0.0,8.1277,0.0
1.2703,NMPC,3.6717,0.0,7.2302,0.0,0.0,3.66,0.0,8.1056,0.0
1.2781,NMPC,3.7441,0.0,7.248,0.0,0.0,3.75,0.0,8.0722,0.0
1.2857,NMPC,3.8167,0.0,7.264,0.0,0.0,3.81,0.0,8.0498,0.0
1.2934,NMPC,3.8894,0.0,7.2791,0.0,0.0,3.9,0.0,8.0162,0.0
1.3006,NMPC,3.8894,0.0,7.2791,0.0,0.0,3.9,0.0,8.0162,0.0
1.3081,NMPC,3.9623,0.0,7.291,0.0,0.0,3.96,0.0,7.9937,0.0
1.3157,NMPC,4.0352,0.0,7.3022,0.0,0.0,4.05,0.0,7.9599,0.0
1.3231,NMPC,4.1083,0.0,7.3119,0.0,0.0,4.11,0.0,7.9373,0.0
1.3299,NMPC,4.1083,0.0,7.3119,0.0,0.0,4.11,0.0,7.9373,0.0
1.3371,NMPC,4.1814,0.0,7.3184,0.0,0.0,4.17,0.0,7.9145,0.0
1.3445,NMPC,4.2547,0.0,7.3231,0.0,0.0,4.26,0.0,7.8804,0.0
1.352,NMPC,4.3279,0.0,7.3275,0.0,0.0,4.32,0.0,7.8575,0.0
1.359,NMPC,4.3279,0.0,7.3275,0.0,0.0,4.32,0.0,7.8575,0.0
1.366,NMPC,4.4012,0.0,7.3291,0.0,0.0,4.41,0.0,7.823,0.0
1.3733,NMPC,4.4745,0.0,7.3295,0.0,0.0,4.47,0.0,7.8,0.0
1.3806,NMPC,4.4745,0.0,7.3295,0.0,0.0,4.47,0.0,7.8,0.0
1.3881,NMPC,4.5478,0.0,7.3266,0.0,0.0,4.56,0.0,7.7653,0.0
1.3952,NMPC,4.621,0.0,7.3178,0.0,0.0,4.62,0.0,7.7421,0.0
1.4021,NMPC,4.621,0.0,7.3178,0.0,0.0,4.62,0.0,7.7421,0.0
1.4096,NMPC,4.6941,0.0,7.3063,0.0,0.0,4.68,0.0,7.7188,0.0
1.4174,NMPC,4.7671,0.0,7.2905,0.0,0.0,4.77,0.0,7.6837,0.0
1.4248,NMPC,4.8399,0.0,7.2733,0.0,0.0,4.83,0.0,7.6603,0.0
1.4318,NMPC,4.9126,0.0,7.2593,0.0,0.0,4.92,0.0,7.625,0.0
1.4391,NMPC,4.9126,0.0,7.2593,0.0,0.0,4.92,0.0,7.625,0.0
1.447,NMPC,4.9851,0.0,7.237,0.0,0.0,4.98,0.0,7.6013,0.0
1.455,NMPC,5.0573,0.0,7.219,0.0,0.0,5.07,0.0,7.5657,0.0
1.4625,NMPC,5.0573,0.0,7.219,0.0,0.0,5.07,0.0,7.5657,0.0
1.4702,NMPC,5.1294,0.0,7.1999,0.0,0.0,5.13,0.0,7.5419,0.0
1.4782,NMPC,5.2013,0.0,7.1734,0.0,0.0,5.19,0.0,7.518,0.0
1.4865,NMPC,5.2729,0.0,7.1451,0.0,0.0,5.28,0.0,7.482,0.0
1.4943,NMPC,5.3442,0.0,7.1178,0.0,0.0,5.34,0.0,7.4579,0.0
1.5014,NMPC,5.3442,0.0,7.1178,0.0,0.0,5.34,0.0,7.4579,0.0
1.5128,NMPC,5.486,0.0,7.0654,0.0,0.0,5.49,0.0,7.3973,0.0
1.5209,NMPC,5.486,0.0,7.0654,0.0,0.0,5.49,0.0,7.3973,0.0
1.5286,NMPC,5.5565,0.0,7.0419,0.0,0.0,5.55,0.0,7.3729,0.0
1.5363,NMPC,5.6268,0.0,7.0115,0.0,0.0,5.64,0.0,7.3362,0.0
1.5448,NMPC,5.6968,0.0,6.9823,0.0,0.0,5.7,0.0,7.3116,0.0
1.5528,NMPC,5.7665,0.0,6.9586,0.0,0.0,5.76,0.0,7.287,0.0
1.5605,NMPC,5.7665,0.0,6.9586,0.0,0.0,5.76,0.0,7.287,0.0
1.568,NMPC,5.8359,0.0,6.9279,0.0,0.0,5.85,0.0,7.2498,0.0
1.5761,NMPC,5.9051,0.0,6.9031,0.0,0.0,5.91,0.0,7.225,0.0
1.5839,NMPC,5.9739,0.0,6.8714,0.0,0.0,5.97,0.0,7.2,0.0
1.5917,NMPC,6.0425,0.0,6.841,0.0,0.0,6.03,0.0,7.175,0.0
1.5992,NMPC,6.0425,0.0,6.841,0.0,0.0,6.03,0.0,7.175,0.0
1.6069,NMPC,6.1108,0.0,6.8117,0.0002,0.0,6.12,0.0,7.1372,0.0002
1.6149,NMPC,6.1788,0.0001,6.788,0.001,0.0001,6.18,0.0,7.112,0.001
1.6225,NMPC,6.1788,0.0001,6.788,0.001,0.0001,6.18,0.0,7.112,0.001
1.6302,NMPC,6.2465,0.0002,6.757,0.0021,0.0002,6.24,0.0,7.0866,0.0021
1.6379,NMPC,6.3139,0.0003,6.7271,0.0037,0.0003,6.3,0.0,7.0612,0.0037
1.6458,NMPC,6.381,0.0005,6.6982,0.0055,0.0005,6.39,0.0,7.0228,0.0055
1.6538,NMPC,6.4479,0.0008,6.6676,0.0076,0.0008,6.45,0.0,6.9971,0.0076
1.6614,NMPC,6.4479,0.0008,6.6676,0.0076,0.0008,6.45,0.0,6.9971,0.0076
1.6689,NMPC,6.5144,0.0011,6.638,0.0099,0.0011,6.51,0.0,6.9714,0.0099
1.6769,NMPC,6.5807,0.0015,6.614,0.0124,0.0015,6.57,0.0,6.9455,0.0124
1.6846,NMPC,6.6467,0.002,6.5898,0.015,0.002,6.66,0.0,6.9065,0.015
1.6926,NMPC,6.7124,0.0025,6.558,0.0179,0.0025,6.72,0.0,6.8804,0.0179
1.7001,NMPC,6.7124,0.0025,6.558,0.0179,0.0025,6.72,0.0,6.8804,0.0179
1.7078,NMPC,6.7778,0.0031,6.5274,0.0207,0.0031,6.78,0.0,6.8542,0.0207
1.7158,NMPC,6.843,0.0038,6.5026,0.0238,0.0038,6.84,0.0,6.8279,0.0238
1.7237,NMPC,6.9079,0.0046,6.4728,0.0268,0.0046,6.9,0.0,6.8015,0.0268
1.7316,NMPC,6.9724,0.0056,6.4419,0.0305,0.0056,6.96,0.0,6.775,0.0305
1.7395,NMPC,6.9724,0.0056,6.4419,0.0305,0.0056,6.96,0.0,6.775,0.0305
1.7476,NMPC,7.0367,0.0068,6.413,0.0354,0.0068,7.05,0.0,6.735,0.0354
1.7556,NMPC,7.1007,0.0082,6.3895,0.0409,0.0082,7.11,0.0,6.7082,0.0409
1.7636,NMPC,7.1644,0.0098,6.3588,0.0474,0.0098,7.17,0.0,6.6813,0.0474
1.7713,NMPC,7.1644,0.0098,6.3588,0.0474,0.0098,7.17,0.0,6.6813,0.0474
1.7797,NMPC,7.2278,0.0116,6.3289,0.0543,0.0116,7.23,0.0,6.6543,0.0543
1.7881,NMPC,7.2909,0.0137,6.2997,0.062,0.0137,7.29,0.0,6.6272,0.062
1.7961,NMPC,7.3538,0.016,6.276,0.0699,0.016,7.35,0.0,6.6,0.0699
1.8041,NMPC,7.4163,0.0186,6.247,0.0787,0.0186,7.41,0.0,6.5727,0.0787
1.8122,NMPC,7.4786,0.0217,6.2167,0.089,0.0217,7.47,0.0,6.5452,0.089
1.8203,NMPC,7.4786,0.0217,6.2167,0.089,0.0217,7.47,0.0,6.5452,0.089
1.8283,NMPC,7.5405,0.0251,6.1921,0.1001,0.0251,7.53,0.0,6.5177,0.1001
1.8363,NMPC,7.6022,0.0289,6.1681,0.1123,0.0289,7.59,0.0,6.49,0.1123
1.8444,NMPC,7.6636,0.0332,6.1381,0.1251,0.0332,7.65,0.0,6.4622,0.1251
1.866,NMPC,7.7854,0.0433,6.0872,0.1546,0.0433,7.8,0.0,6.3922,0.1546
1.8741,NMPC,7.8459,0.0493,6.0683,0.1711,0.0493,7.86,0.0,6.364,0.1711
1.8821,NMPC,7.8459,0.0493,6.0683,0.1711,0.0493,7.86,0.0,6.364,0.1711
1.8901,NMPC,7.9061,0.0559,6.0493,0.1888,0.0559,7.92,0.0,6.3356,0.1888
1.8978,NMPC,7.9661,0.0633,6.0339,0.2083,0.0633,7.98,0.0,6.3071,0.2083
1.9058,NMPC,8.0258,0.0714,6.0214,0.2287,0.0714,8.04,0.0,6.2785,0.2287
1.9141,NMPC,8.0853,0.0804,6.0123,0.2503,0.0804,8.1,0.0,6.2498,0.2503
1.922,NMPC,8.0853,0.0804,6.0123,0.2503,0.0804,8.1,0.0,6.2498,0.2503
1.9303,NMPC,8.1445,0.0904,6.0016,0.2736,0.0904,8.13,0.0,6.2354,0.2736
1.9385,NMPC,8.2035,0.1012,5.9929,0.2978,0.1012,8.19,0.0,6.2064,0.2978
1.9472,NMPC,8.2622,0.1132,5.9888,0.3234,0.1132,8.25,0.0,6.1774,0.3234
1.9556,NMPC,8.3206,0.1262,5.9857,0.3504,0.1262,8.31,0.0,6.1482,0.3504
1.9637,NMPC,8.3788,0.1404,5.9858,0.3781,0.1404,8.37,0.0,6.1188,0.3781
1.9717,NMPC,8.4366,0.1558,5.986,0.4067,0.1558,8.43,0.0,6.0893,0.4067
1.9797,NMPC,8.4366,0.1558,5.986,0.4067,0.1558,8.43,0.0,6.0893,0.4067
1.9879,NMPC,8.4942,0.1723,5.9862,0.4355,0.1718,8.49,0.0005,6.0597,0.4325
1.996,NMPC,8.5513,0.1902,5.9865,0.4652,0.189,8.55,0.0012,6.0299,0.4587
2.004,NMPC,8.608,0.2095,5.986,0.4962,0.2076,8.61,0.0018,6.0,0.4862
2.0159,NMPC,8.6642,0.2301,5.9872,0.5279,0.21,8.7269,0.025,6.0299,0.4353
2.0241,NMPC,8.7199,0.2521,5.9884,0.5604,0.2185,8.7848,0.0408,6.015,0.4119
2.0324,NMPC,8.775,0.2755,5.9895,0.5932,0.2214,8.8694,0.0703,6.0,0.3606
2.0404,NMPC,8.775,0.2755,5.9895,0.5932,0.2214,8.8694,0.0703,6.0,0.3606
2.0488,NMPC,8.8295,0.3004,5.9915,0.6265,0.2217,8.9232,0.097,6.0299,0.3375
2.0571,NMPC,8.8833,0.3267,5.9942,0.6598,0.2228,8.9769,0.1236,6.015,0.3145
2.0653,NMPC,8.9364,0.3546,5.9979,0.6936,0.212,9.0776,0.1879,6.0189,0.2356
2.0733,NMPC,8.9887,0.384,6.0025,0.7284,0.2062,9.1253,0.2243,6.0299,0.214
2.0816,NMPC,8.9887,0.384,6.0025,0.7284,0.2062,9.1253,0.2243,6.0299,0.214
2.09,NMPC,9.0402,0.4149,6.0077,0.7635,0.2015,9.173,0.2607,6.0,0.1927
2.0981,NMPC,9.0907,0.4474,6.0125,0.7991,0.1845,9.235,0.3256,6.0299,0.1438
2.1063,NMPC,9.1403,0.4815,6.0175,0.8349,0.172,9.2748,0.3705,6.0299,0.1233
2.1143,NMPC,9.1888,0.5171,6.0268,0.8709,0.1606,9.3147,0.4153,6.0,0.1029
2.1228,NMPC,9.1888,0.5171,6.0268,0.8709,0.1606,9.3147,0.4153,6.0,0.1029
2.1316,NMPC,9.2364,0.5543,6.0377,0.906,0.1362,9.3624,0.4914,6.0299,0.0535
2.1403,NMPC,9.2828,0.5929,6.0482,0.9399,0.1174,9.3929,0.5431,6.015,0.031
2.1488,NMPC,9.3282,0.633,6.0592,0.9729,0.1024,9.4081,0.5689,6.0,0.0358
2.1577,NMPC,9.3723,0.6746,6.0727,1.0048,0.0741,9.4447,0.6507,6.015,-0.0168
2.1662,NMPC,9.4153,0.7176,6.0867,1.0359,0.0484,9.4648,0.7073,6.0299,-0.0421
2.175,NMPC,9.4571,0.7619,6.1,1.0658,0.0244,9.4849,0.7638,6.0,-0.0685
2.1836,NMPC,9.4571,0.7619,6.1,1.0658,0.0244,9.4849,0.7638,6.0,-0.0685
2.1929,NMPC,9.537,0.8545,6.1297,1.1212,0.0297,9.5041,0.8513,6.015,-0.0977
2.2014,NMPC,9.537,0.8545,6.1297,1.1212,0.0297,9.5041,0.8513,6.015,-0.0977
2.2102,NMPC,9.575,0.9027,6.144,1.1471,0.0616,9.5131,0.9107,6.0448,-0.1281
2.2191,NMPC,9.6117,0.952,6.1614,1.1723,0.0914,9.522,0.97,6.015,-0.1592
2.2277,NMPC,9.6472,1.0025,6.1789,1.1962,0.1179,9.526,0.9997,6.0,-0.1623
2.236,NMPC,9.6814,1.0541,6.1957,1.2185,0.1527,9.5273,1.0597,6.0299,-0.1774
2.2444,NMPC,9.7143,1.1066,6.2126,1.2398,0.1857,9.5287,1.1197,6.0597,-0.1935
2.2528,NMPC,9.746,1.1602,6.2288,1.2601,0.2169,9.53,1.1797,6.0893,-0.2106
2.2612,NMPC,9.746,1.1602,6.2288,1.2601,0.2169,9.53,1.1797,6.0893,-0.2106
2.2693,NMPC,9.7764,1.2146,6.2452,1.28,0.2438,9.5339,1.2395,6.1188,-0.2038
2.2773,NMPC,9.8056,1.27,6.2629,1.2988,0.268,9.5391,1.2993,6.1482,-0.185
2.286,NMPC,9.8336,1.3261,6.2803,1.3163,0.291,9.5443,1.359,6.1774,-0.1675
2.2943,NMPC,9.8604,1.383,6.2975,1.333,0.3127,9.5496,1.4188,6.2064,-0.1508
2.3025,NMPC,9.8604,1.383,6.2975,1.333,0.3127,9.5496,1.4188,6.2064,-0.1508
2.3107,NMPC,9.886,1.4406,6.3149,1.3488,0.3333,9.5548,1.4786,6.2354,-0.135
2.3192,NMPC,9.9104,1.4989,6.3315,1.3642,0.3525,9.56,1.5384,6.2642,-0.1195
2.3272,NMPC,9.9338,1.5579,6.3478,1.3789,0.3706,9.5652,1.5981,6.2929,-0.1049
2.3355,NMPC,9.956,1.6174,6.3646,1.3924,0.3876,9.5704,1.6579,6.3214,-0.0914
2.3435,NMPC,9.9772,1.6775,6.3812,1.4052,0.4035,9.5757,1.7177,6.3498,-0.0786
2.3525,NMPC,9.9974,1.7381,6.3969,1.4173,0.4184,9.5809,1.7775,6.3781,-0.0665
2.3603,NMPC,9.9974,1.7381,6.3969,1.4173,0.4184,9.5809,1.7775,6.3781,-0.0665
2.3684,NMPC,10.0166,1.7992,6.4133,1.4291,0.4321,9.5861,1.8372,6.4062,-0.0547
2.3761,NMPC,10.0347,1.8608,6.4294,1.4404,0.4449,9.5913,1.897,6.4343,-0.0433
2.3846,NMPC,10.0519,1.9229,6.4459,1.4517,0.4566,9.5965,1.9568,6.4622,-0.032
2.4063,NMPC,10.0836,2.0482,6.4788,1.4721,0.4772,9.607,2.0763,6.5177,-0.0117
2.4144,NMPC,10.0981,2.1114,6.4943,1.4813,0.4862,9.6148,2.166,6.559,-0.0025
2.4225,NMPC,10.0981,2.1114,6.4943,1.4813,0.4862,9.6148,2.166,6.559,-0.0025
2.4304,NMPC,10.1118,2.1749,6.5102,1.4899,0.4944,9.62,2.2257,6.5863,0.0061
2.4383,NMPC,10.1247,2.2388,6.5252,1.4982,0.5017,9.6252,2.2855,6.6136,0.0145
2.4461,NMPC,10.1368,2.303,6.5396,1.5062,0.5082,9.6304,2.3453,6.6408,0.0225
2.4543,NMPC,10.1482,2.3675,6.5554,1.5142,0.5138,9.6357,2.4051,6.6678,0.0305
2.4618,NMPC,10.1482,2.3675,6.5554,1.5142,0.5138,9.6357,2.4051,6.6678,0.0305
2.4698,NMPC,10.1588,2.4323,6.5714,1.522,0.5188,9.6409,2.4648,6.6948,0.0382
2.4774,NMPC,10.1686,2.4973,6.5866,1.5298,0.5229,9.6487,2.5545,6.735,0.046
2.4855,NMPC,10.1778,2.5626,6.6002,1.5375,0.5264,9.6539,2.6143,6.7617,0.0537
2.4934,NMPC,10.1862,2.6281,6.6116,1.5455,0.5291,9.6591,2.674,6.7882,0.0617
2.5014,NMPC,10.1862,2.6281,6.6116,1.5455,0.5291,9.6591,2.674,6.7882,0.0617
2.5128,NMPC,10.2012,2.7597,6.6309,1.5603,0.5325,9.6696,2.7936,6.8411,0.0765
2.5208,NMPC,10.2012,2.7597,6.6309,1.5603,0.5325,9.6696,2.7936,6.8411,0.0765
2.5288,NMPC,10.2077,2.8257,6.6389,1.5671,0.5333,9.6774,2.8832,6.8804,0.0833
2.5368,NMPC,10.2137,2.8919,6.6445,1.5734,0.5335,9.6826,2.943,6.9065,0.0896
2.5446,NMPC,10.2191,2.9581,6.6489,1.5797,0.5331,9.6878,3.0028,6.9325,0.0959
2.5528,NMPC,10.2239,3.0245,6.6531,1.5857,0.5321,9.6931,3.0626,6.9584,0.102
2.5606,NMPC,10.2239,3.0245,6.6531,1.5857,0.5321,9.6931,3.0626,6.9584,0.102
2.5685,NMPC,10.2282,3.0909,6.655,1.5919,0.5306,9.6983,3.1223,6.9843,0.1081
2.576,NMPC,10.2319,3.1573,6.6569,1.5979,0.5285,9.7061,3.212,7.0228,0.1142
2.5842,NMPC,10.2351,3.2238,6.6555,1.6042,0.5259,9.7113,3.2718,7.0484,0.1204
2.5921,NMPC,10.2377,3.2903,6.6501,1.6105,0.5228,9.7166,3.3315,7.0739,0.1267
2.6,NMPC,10.2377,3.2903,6.6501,1.6105,0.5228,9.7166,3.3315,7.0739,0.1267
2.6076,NMPC,10.2398,3.3567,6.6414,1.6172,0.5191,9.7218,3.3913,7.0993,0.1334
2.6155,NMPC,10.2415,3.4231,6.6343,1.6237,0.515,9.7296,3.481,7.0993,0.1399
2.6235,NMPC,10.2427,3.4893,6.62,1.6293,0.5104,9.7348,3.5407,7.0739,0.1455
2.6311,NMPC,10.2435,3.5555,6.6044,1.6348,0.5054,9.74,3.6005,7.0484,0.151
2.6389,NMPC,10.2435,3.5555,6.6044,1.6348,0.5054,9.74,3.6005,7.0484,0.151
2.6468,NMPC,10.2438,3.6214,6.5891,1.6397,0.5001,9.7453,3.6603,7.0228,0.1559
2.6553,NMPC,10.2438,3.6872,6.5768,1.6444,0.4943,9.7505,3.7201,6.9971,0.1606
2.6627,NMPC,10.2438,3.6872,6.5768,1.6444,0.4943,9.7505,3.7201,6.9971,0.1606
2.6707,NMPC,10.2433,3.7529,6.5626,1.6487,0.4881,9.7583,3.8097,6.9584,0.1649
2.6784,NMPC,10.2425,3.8185,6.5483,1.6529,0.4816,9.7635,3.8695,6.9325,0.1692
2.6868,NMPC,10.2413,3.8839,6.5339,1.6568,0.4747,9.7687,3.9293,6.9065,0.173
2.6946,NMPC,10.2396,3.9491,6.5183,1.6607,0.4674,9.774,3.989,6.8804,0.177
2.7024,NMPC,10.2396,3.9491,6.5183,1.6607,0.4674,9.774,3.989,6.8804,0.177
2.7102,NMPC,10.2377,4.0142,6.5028,1.6644,0.4598,9.7792,4.0488,6.8542,0.1806
2.7185,NMPC,10.2353,4.0791,6.4903,1.668,0.4518,9.7844,4.1086,6.8279,0.1843
2.7264,NMPC,10.2327,4.1439,6.4785,1.6714,0.4435,9.7896,4.1684,6.8015,0.1876
2.7341,NMPC,10.2297,4.2086,6.4632,1.6748,0.4349,9.7974,4.258,6.7617,0.1911
2.7418,NMPC,10.2297,4.2086,6.4632,1.6748,0.4349,9.7974,4.258,6.7617,0.1911
2.7498,NMPC,10.2264,4.273,6.4452,1.6781,0.426,9.8027,4.3178,6.735,0.1943
2.7694,NMPC,10.2188,4.4014,6.4161,1.6846,0.4073,9.8131,4.4373,6.6813,0.2009
2.7773,NMPC,10.2146,4.4653,6.3977,1.688,0.3975,9.8183,4.4971,6.6543,0.2042
2.7855,NMPC,10.2101,4.5291,6.3783,1.6912,0.3875,9.8235,4.5569,6.6272,0.2074
2.7931,NMPC,10.2053,4.5926,6.3625,1.6945,0.3772,9.8287,4.6167,6.6,0.2107
2.8009,NMPC,10.2053,4.5926,6.3625,1.6945,0.3772,9.8287,4.6167,6.6,0.2107
2.8086,NMPC,10.2002,4.6559,6.3497,1.6976,0.3666,9.834,4.6764,6.5727,0.2139
2.8167,NMPC,10.1949,4.7191,6.3344,1.7009,0.3558,9.8392,4.7362,6.5452,0.2171
2.8246,NMPC,10.1893,4.7821,6.3126,1.704,0.3448,9.847,4.8259,6.5038,0.2202
2.8321,NMPC,10.1835,4.8448,6.2852,1.7074,0.3336,9.8522,4.8856,6.4761,0.2236
2.8398,NMPC,10.1835,4.8448,6.2852,1.7074,0.3336,9.8522,4.8856,6.4761,0.2236
2.8477,NMPC,10.1775,4.9073,6.2565,1.7107,0.3221,9.8575,4.9454,6.4483,0.227
2.8558,NMPC,10.1712,4.9694,6.2333,1.7144,0.3104,9.8627,5.0052,6.4203,0.2306
2.8634,NMPC,10.1647,5.0313,6.2166,1.7178,0.2986,9.8679,5.0649,6.3922,0.234
2.8713,NMPC,10.1647,5.0313,6.2166,1.7178,0.2986,9.8679,5.0649,6.3922,0.234
2.8788,NMPC,10.1579,5.0931,6.2081,1.7212,0.2865,9.8731,5.1247,6.364,0.2374
2.8869,NMPC,10.1509,5.1547,6.1995,1.7243,0.2742,9.8783,5.1845,6.3356,0.2406
2.8947,NMPC,10.1437,5.2162,6.1925,1.7275,0.2616,9.8835,5.2443,6.3071,0.2437
2.9031,NMPC,10.1437,5.2162,6.1925,1.7275,0.2616,9.8835,5.2443,6.3071,0.2437
2.9108,NMPC,10.1363,5.2777,6.19,1.7303,0.25,9.8876,5.3041,6.2785,0.2411
2.919,NMPC,10.1286,5.3391,6.1881,1.7331,0.2393,9.8883,5.3341,6.2642,0.2354
2.9269,NMPC,10.1207,5.4005,6.1865,1.7357,0.2302,9.8897,5.3941,6.2354,0.2209
2.9343,NMPC,10.1125,5.4618,6.1878,1.7382,0.2209,9.8912,5.4541,6.2064,0.2064
2.9421,NMPC,10.1125,5.4618,6.1878,1.7382,0.2209,9.8912,5.4541,6.2064,0.2064
2.9502,NMPC,10.1042,5.5231,6.1896,1.7405,0.2111,9.8936,5.544,6.1628,0.1986
2.9585,NMPC,10.0956,5.5844,6.1913,1.7428,0.2008,9.8953,5.604,6.1335,0.2008
2.9665,NMPC,10.0868,5.6457,6.1936,1.7449,0.1903,9.897,5.664,6.1041,0.2029
2.9746,NMPC,10.0778,5.707,6.1966,1.7471,0.1795,9.8979,5.694,6.0893,0.205
2.9825,NMPC,10.0778,5.707,6.1966,1.7471,0.1795,9.8979,5.694,6.0893,0.205
2.9917,NMPC,10.0687,5.7683,6.1999,1.7491,0.171,9.8974,5.754,6.0597,0.1958
2.9994,NMPC,10.0593,5.8296,6.2031,1.7512,0.1623,9.8969,5.814,6.0299,0.1866
3.0109,NMPC,10.0497,5.8909,6.2062,1.7531,0.1534,9.8964,5.874,6.0,0.1772
3.0187,NMPC,10.04,5.9522,6.2074,1.7552,0.1498,9.8906,5.9335,6.015,0.1583
3.0274,NMPC,10.0301,6.0135,6.2075,1.7571,0.1499,9.8811,5.9927,6.0448,0.1324
3.0353,NMPC,10.02,6.0748,6.2076,1.7592,0.1499,9.8715,6.052,6.0745,0.1067
3.0434,NMPC,10.02,6.0748,6.2076,1.7592,0.1499,9.8715,6.052,6.0745,0.1067
3.0517,NMPC,10.0098,6.136,6.2046,1.7611,0.1491,9.8625,6.1113,6.1041,0.0857
3.0603,NMPC,9.9994,6.1971,6.1991,1.7637,0.1451,9.8562,6.1709,6.1335,0.0882
3.0682,NMPC,9.9887,6.2581,6.1899,1.7673,0.1409,9.8499,6.2306,6.1628,0.0918
3.0765,NMPC,9.9778,6.319,6.1792,1.7716,0.1364,9.8436,6.2903,6.1919,0.0961
3.0847,NMPC,9.9667,6.3797,6.1628,1.7772,0.1317,9.8342,6.3798,6.2354,0.1017
3.0936,NMPC,9.9552,6.4402,6.1495,1.7844,0.1267,9.828,6.4395,6.2642,0.109
3.1014,NMPC,9.9552,6.4402,6.1495,1.7844,0.1267,9.828,6.4395,6.2642,0.109
3.1094,NMPC,9.9435,6.5005,6.1344,1.7928,0.1213,9.8217,6.4991,6.2929,0.1173
3.1178,NMPC,9.9314,6.5606,6.119,1.8024,0.1156,9.8154,6.5588,6.3214,0.1269
3.1265,NMPC,9.9191,6.6204,6.0975,1.8127,0.1095,9.8091,6.6185,6.3498,0.1372
3.1348,NMPC,9.9063,6.6799,6.0854,1.8243,0.103,9.8029,6.6782,6.3781,0.1489
3.1426,NMPC,9.9063,6.6799,6.0854,1.8243,0.103,9.8029,6.6782,6.3781,0.1489
3.1514,NMPC,9.893,6.7393,6.0735,1.8375,0.096,9.7966,6.7378,6.3781,0.1621
3.1597,NMPC,9.8793,6.7984,6.0639,1.8517,0.0886,9.7903,6.7975,6.3498,0.1762
3.1678,NMPC,9.865,6.8573,6.0533,1.8669,0.0805,9.7841,6.8572,6.3214,0.1914
3.1756,NMPC,9.8503,6.9159,6.0494,1.8826,0.072,9.7778,6.9168,6.2929,0.2071
3.1843,NMPC,9.8503,6.9159,6.0494,1.8826,0.072,9.7778,6.9168,6.2929,0.2071
3.1923,NMPC,9.8187,7.0327,6.0402,1.9172,0.0528,9.7652,7.0362,6.2354,0.2417
3.2003,NMPC,9.8187,7.0327,6.0402,1.9172,0.0528,9.7652,7.0362,6.2354,0.2417
3.2083,NMPC,9.8019,7.0906,6.0329,1.936,0.0422,9.759,7.0959,6.2064,0.2605
3.2167,NMPC,9.7844,7.1483,6.0281,1.9562,0.0307,9.7527,7.1555,6.1774,0.2807
3.2255,NMPC,9.766,7.2057,6.0216,1.978,0.0184,9.7464,7.2152,6.1482,0.3026
3.2336,NMPC,9.7467,7.2627,6.0163,2.001,0.0052,9.7402,7.2749,6.1188,0.3255
3.2414,NMPC,9.7467,7.2627,6.0163,2.001,0.0052,9.7402,7.2749,6.1188,0.3255
3.2498,NMPC,9.7264,7.3194,6.0164,2.0252,0.009,9.7339,7.3345,6.0893,0.3498
3.2586,NMPC,9.7052,7.3756,6.0165,2.0511,0.0242,9.7308,7.3644,6.0745,0.3756
3.2668,NMPC,9.6829,7.4315,6.0165,2.0778,0.0406,9.7245,7.424,6.0448,0.4023
3.2747,NMPC,9.6595,7.487,6.0177,2.1059,0.0581,9.7182,7.4837,6.015,0.4304
3.2829,NMPC,9.6595,7.487,6.0177,2.1059,0.0581,9.7182,7.4837,6.015,0.4304
3.2922,NMPC,9.6349,7.5419,6.0194,2.1356,0.0712,9.7027,7.5722,6.015,0.4338
3.3005,NMPC,9.6091,7.5963,6.0209,2.1662,0.0839,9.6884,7.6304,6.0299,0.4296
3.3096,NMPC,9.582,7.6501,6.022,2.198,0.0993,9.6813,7.6596,6.015,0.444
3.3182,NMPC,9.5537,7.7032,6.024,2.2303,0.1084,9.655,7.7452,6.0,0.4164
3.3269,NMPC,9.5241,7.7557,6.0263,2.2633,0.1112,9.6272,7.7984,6.0299,0.393
3.3348,NMPC,9.4931,7.8074,6.0286,2.2964,0.1151,9.5995,7.8516,6.015,0.3698
3.3429,NMPC,9.4931,7.8074,6.0286,2.2964,0.1151,9.5995,7.8516,6.015,0.3698
3.3509,NMPC,9.4609,7.8583,6.0309,2.3301,0.1138,9.5536,7.9286,6.0,0.3189
3.3598,NMPC,9.4273,7.9084,6.0344,2.3636,0.1101,9.5162,7.9755,6.0299,0.2961
3.3679,NMPC,9.3923,7.9576,6.0377,2.3974,0.1076,9.4788,8.0224,6.015,0.2735
3.3763,NMPC,9.356,8.0059,6.0443,2.4308,0.0992,9.4183,8.0885,6.0,0.2224
3.3844,NMPC,9.3183,8.0532,6.0512,2.4641,0.0893,9.3726,8.1274,6.0299,0.1993
3.396,NMPC,9.2792,8.0995,6.0577,2.497,0.0805,9.327,8.1663,6.015,0.1758
3.4086,NMPC,9.2388,8.1446,6.0637,2.5297,0.0718,9.2805,8.2041,6.0,0.1523
3.4193,NMPC,9.197,8.1886,6.0688,2.5621,0.0544,9.2282,8.2336,6.0299,0.1282
3.4285,NMPC,9.154,8.2315,6.0731,2.5938,0.0384,9.1759,8.263,6.0299,0.1036
3.4363,NMPC,9.1098,8.2731,6.0779,2.6246,0.0238,9.1237,8.2925,6.0,0.078
3.4442,NMPC,9.0644,8.3135,6.0826,2.6548,0.0027,9.0681,8.3145,6.015,0.0519
3.4523,NMPC,9.0178,8.3527,6.088,2.6843,0.0201,9.0112,8.3334,6.0448,0.025
3.4606,NMPC,9.0178,8.3527,6.088,2.6843,0.0201,9.0112,8.3334,6.0448,0.025
3.4687,NMPC,8.9701,8.3905,6.0943,2.7133,0.0413,8.9542,8.3524,6.015,-0.0023
3.4767,NMPC,8.9212,8.427,6.1013,2.7417,0.0636,8.8966,8.3683,6.0,-0.0283
3.4847,NMPC,8.8713,8.4621,6.1107,2.7696,0.0855,8.8669,8.3728,6.015,-0.0253
3.4929,NMPC,8.8203,8.4959,6.1206,2.7964,0.1129,8.8076,8.3817,6.0448,-0.0482
3.5007,NMPC,8.8203,8.4959,6.1206,2.7964,0.1129,8.8076,8.3817,6.0448,-0.0482
3.5129,NMPC,8.7154,8.5594,6.141,2.846,0.1602,8.6892,8.4011,6.1041,-0.0788
3.5219,NMPC,8.7154,8.5594,6.141,2.846,0.1602,8.6892,8.4011,6.1041,-0.0788
3.5296,NMPC,8.6616,8.5892,6.1524,2.8689,0.1777,8.6306,8.414,6.1335,-0.0559
3.5376,NMPC,8.607,8.6177,6.1633,2.89,0.1938,8.572,8.427,6.1188,-0.0348
3.5451,NMPC,8.5517,8.6448,6.1747,2.91,0.2084,8.5134,8.4399,6.0893,-0.0148
3.5532,NMPC,8.4955,8.6707,6.1855,2.9288,0.2238,8.4544,8.4507,6.0597,-0.0069
3.5615,NMPC,8.4955,8.6707,6.1855,2.9288,0.2238,8.4544,8.4507,6.0597,-0.0069
3.5693,NMPC,8.4387,8.6953,6.1979,2.947,0.2378,8.3954,8.4614,6.0299,-0.0001
3.5771,NMPC,8.3812,8.7186,6.2096,2.9639,0.2504,8.3364,8.4722,6.0,0.0055
3.5849,NMPC,8.3231,8.7407,6.2228,2.9794,0.2626,8.3068,8.4769,6.0,0.0138
3.5936,NMPC,8.2645,8.7617,6.2374,2.9938,0.2796,8.2768,8.4766,6.0,0.0102
3.6012,NMPC,8.2645,8.7617,6.2374,2.9938,0.2796,8.2768,8.4766,6.0,0.0102
3.609,NMPC,8.2053,8.7815,6.2523,3.007,0.3017,8.2168,8.4761,6.0299,-0.0126
3.6167,NMPC,8.1455,8.8003,6.2665,3.0197,0.3224,8.1568,8.4757,6.0597,-0.036
3.6258,NMPC,8.0853,8.8179,6.2821,3.0313,0.341,8.0668,8.4774,6.1041,-0.055
3.6336,NMPC,8.0247,8.8346,6.2968,3.0415,0.3543,8.0069,8.4807,6.1335,-0.0447
3.6413,NMPC,8.0247,8.8346,6.2968,3.0415,0.3543,8.0069,8.4807,6.1335,-0.0447
3.6487,NMPC,7.9636,8.8502,6.3115,3.051,0.3665,7.947,8.484,6.1628,-0.0353
3.6568,NMPC,7.9022,8.865,6.3255,3.0596,0.3779,7.8871,8.4874,6.1919,-0.0267
3.6648,NMPC,7.8404,8.8788,6.3408,3.0678,0.3883,7.8272,8.4907,6.2209,-0.0185
3.6729,NMPC,7.7782,8.8917,6.3574,3.0754,0.3978,7.7673,8.494,6.2498,-0.0109
3.6805,NMPC,7.7782,8.8917,6.3574,3.0754,0.3978,7.7673,8.494,6.2498,-0.0109
3.6886,NMPC,7.7157,8.9038,6.3741,3.0828,0.4064,7.7074,8.4973,6.2785,-0.0035
3.6968,NMPC,7.6529,8.9151,6.3901,3.0899,0.4142,7.6175,8.5023,6.3214,0.0036
3.7049,NMPC,7.5898,8.9256,6.4082,3.0969,0.4212,7.5576,8.5056,6.3498,0.0106
3.7124,NMPC,7.5263,8.9354,6.4264,3.1037,0.4274,7.4977,8.5089,6.3781,0.0174
3.7204,NMPC,7.5263,8.9354,6.4264,3.1037,0.4274,7.4977,8.5089,6.3781,0.0174
3.7286,NMPC,7.4626,8.9444,6.4447,3.1106,0.4329,7.4378,8.5122,6.4062,0.0243
3.7375,NMPC,7.3986,8.9527,6.4622,3.1171,0.4376,7.3779,8.5156,6.4343,0.0308
3.7593,NMPC,7.2698,8.9675,6.5013,3.1277,0.4453,7.2581,8.5222,6.49,0.0414
3.7675,NMPC,7.2051,8.9741,6.5203,3.1322,0.4483,7.1682,8.5272,6.5315,0.0459
3.7758,NMPC,7.14,8.98,6.5383,3.1366,0.4506,7.1083,8.5305,6.559,0.0503
3.7836,NMPC,7.0748,8.9855,6.5561,3.1405,0.4525,7.0484,8.5338,6.5863,0.0543
3.7917,NMPC,7.0748,8.9855,6.5561,3.1405,0.4525,7.0484,8.5338,6.5863,0.0543
3.7997,NMPC,7.0093,8.9904,6.5729,3.1446,0.4538,6.9885,8.5371,6.6136,0.0583
3.8077,NMPC,6.9437,8.9949,6.5903,3.1484,0.4546,6.9286,8.5405,6.6408,0.0621
3.8154,NMPC,6.8778,8.9988,6.6079,3.1524,0.4549,6.8387,8.5454,6.6813,0.0661
3.8231,NMPC,6.8778,8.9988,6.6079,3.1524,0.4549,6.8387,8.5454,6.6813,0.0661
3.8311,NMPC,6.8117,9.0023,6.6267,3.1562,0.4547,6.7788,8.5487,6.7082,0.07
3.8395,NMPC,6.7454,9.0054,6.6452,3.1602,0.4541,6.7189,8.5521,6.735,0.074
3.847,NMPC,6.6789,9.008,6.6628,3.1642,0.453,6.659,8.5554,6.7617,0.0779
3.8557,NMPC,6.6123,9.0102,6.68,3.1683,0.4515,6.5991,8.5587,6.7882,0.0821
3.8639,NMPC,6.5454,9.012,6.6988,3.1725,0.4496,6.5092,8.5637,6.8279,0.0862
3.8725,NMPC,6.4783,9.0133,6.7167,3.1768,0.4473,6.4493,8.567,6.8542,0.0905
3.8801,NMPC,6.4783,9.0133,6.7167,3.1768,0.4473,6.4493,8.567,6.8542,0.0905
3.8882,NMPC,6.4111,9.0144,6.7342,3.1808,0.4446,6.3894,8.5703,6.8804,0.0946
3.8965,NMPC,6.3437,9.0151,6.7513,3.184,0.4416,6.3295,8.5736,6.9065,0.0977
3.9047,NMPC,6.2761,9.0155,6.7688,3.1868,0.4382,6.2396,8.5786,6.9455,0.1005
3.9125,NMPC,6.2083,9.0156,6.7867,3.1889,0.4346,6.1797,8.5819,6.9714,0.1026
3.9201,NMPC,6.2083,9.0156,6.7867,3.1889,0.4346,6.1797,8.5819,6.9714,0.1026
3.9283,NMPC,6.1403,9.0154,6.8041,3.1909,0.4306,6.1198,8.5853,6.9971,0.1046
3.9371,NMPC,6.0722,9.015,6.8206,3.1924,0.4264,6.0599,8.5886,7.0228,0.1061
3.9449,NMPC,6.0039,9.0142,6.8349,3.1938,0.4219,5.9701,8.5935,7.0612,0.1076
3.9527,NMPC,5.9355,9.0133,6.8476,3.195,0.4172,5.9102,8.5969,7.0866,0.1088
3.9606,NMPC,5.9355,9.0133,6.8476,3.195,0.4172,5.9102,8.5969,7.0866,0.1088
3.9687,NMPC,5.867,9.012,6.8587,3.1963,0.4122,5.8502,8.6002,7.112,0.1101
3.9767,NMPC,5.7984,9.0106,6.8692,3.1975,0.4069,5.7903,8.6035,7.1372,0.1112
3.9846,NMPC,5.7297,9.009,6.8783,3.1988,0.4015,5.7005,8.6085,7.175,0.1125
3.993,NMPC,5.6609,9.0071,6.886,3.2,0.3958,5.6406,8.6118,7.2,0.1137
4.0009,NMPC,5.6609,9.0071,6.886,3.2,0.3958,5.6406,8.6118,7.2,0.1137
4.0126,NMPC,5.5231,9.0028,6.8991,3.2027,0.3839,5.4908,8.6201,7.2622,0.1164
4.0203,NMPC,5.5231,9.0028,6.8991,3.2027,0.3839,5.4908,8.6201,7.2622,0.1164
4.0287,NMPC,5.4541,9.0003,6.904,3.2043,0.3776,5.4309,8.6234,7.287,0.118
4.0364,NMPC,5.3851,8.9977,6.9084,3.2057,0.3712,5.371,8.6267,7.3116,0.1195
4.0443,NMPC,5.3161,8.9949,6.912,3.2075,0.3646,5.2811,8.6317,7.3485,0.1212
4.0519,NMPC,5.247,8.992,6.9153,3.2091,0.3578,5.2212,8.635,7.3729,0.1228
4.0597,NMPC,5.247,8.992,6.9153,3.2091,0.3578,5.2212,8.635,7.3729,0.1228
4.0674,NMPC,5.1779,8.9888,6.9176,3.211,0.3509,5.1613,8.6384,7.3973,0.1247
4.0754,NMPC,5.1088,8.9856,6.9198,3.2127,0.3438,5.1014,8.6417,7.4069,0.1265
4.0831,NMPC,5.1088,8.9856,6.9198,3.2127,0.3438,5.1014,8.6417,7.4069,0.1265
4.0913,NMPC,5.0397,8.9821,6.9209,3.2148,0.3365,5.0115,8.6466,7.3703,0.1285
4.0994,NMPC,4.9706,8.9785,6.9213,3.2167,0.3291,4.9516,8.65,7.3458,0.1304
4.1069,NMPC,4.9015,8.9747,6.9188,3.2188,0.3215,4.8917,8.6533,7.3213,0.1326
4.1147,NMPC,4.8324,8.9708,6.9167,3.2209,0.3138,4.8019,8.6583,7.2843,0.1346
4.1225,NMPC,4.8324,8.9708,6.9167,3.2209,0.3138,4.8019,8.6583,7.2843,0.1346
4.1309,NMPC,4.7634,8.9668,6.9063,3.2232,0.3059,4.7419,8.6616,7.2596,0.137
4.1383,NMPC,4.6945,8.9626,6.8978,3.2255,0.2979,4.682,8.6649,7.2347,0.1392
4.1458,NMPC,4.6257,8.9582,6.8868,3.2281,0.2897,4.6221,8.6682,7.2098,0.1418
4.1532,NMPC,4.5571,8.9537,6.8689,3.2302,0.2814,4.5323,8.6732,7.1723,0.1439
4.161,NMPC,4.5571,8.9537,6.8689,3.2302,0.2814,4.5323,8.6732,7.1723,0.1439
4.1686,NMPC,4.4886,8.9492,6.8502,3.2313,0.2731,4.4724,8.6765,7.1471,0.1451
4.1757,NMPC,4.4204,8.9446,6.8351,3.232,0.2648,4.4124,8.6798,7.1219,0.1457
4.1828,NMPC,4.4204,8.9446,6.8351,3.232,0.2648,4.4124,8.6798,7.1219,0.1457
4.1905,NMPC,4.3523,8.9399,6.8181,3.2319,0.2564,4.3525,8.6832,7.0966,0.1456
4.1989,NMPC,4.2843,8.9352,6.7976,3.2315,0.2479,4.2627,8.6881,7.0584,0.1452
4.2064,NMPC,4.2166,8.9304,6.7855,3.2304,0.2394,4.2028,8.6915,7.0329,0.1442
4.2135,NMPC,4.149,8.9256,6.7757,3.2292,0.2308,4.1429,8.6948,7.0072,0.1429
4.2211,NMPC,4.149,8.9256,6.7757,3.2292,0.2308,4.1429,8.6948,7.0072,0.1429
4.2288,NMPC,4.0814,8.9208,6.77,3.2275,0.2223,4.083,8.6981,6.9815,0.1412
4.2371,NMPC,4.0139,8.9159,6.7654,3.2257,0.2137,3.9931,8.7031,6.9427,0.1394
4.2447,NMPC,3.9464,8.911,6.761,3.2235,0.2051,3.9332,8.7064,6.9168,0.1372
4.2527,NMPC,3.879,8.9061,6.7615,3.2213,0.1964,3.8733,8.7097,6.8907,0.135
4.2762,NMPC,3.7441,8.8964,6.7631,3.2163,0.1792,3.7235,8.718,6.8251,0.13
4.284,NMPC,3.6767,8.8915,6.7652,3.2135,0.1707,3.6636,8.7213,6.7986,0.1273
4.2918,NMPC,3.6092,8.8867,6.7676,3.2109,0.1621,3.6037,8.7246,6.7721,0.1246
4.2997,NMPC,3.6092,8.8867,6.7676,3.2109,0.1621,3.6037,8.7246,6.7721,0.1246
4.3072,NMPC,3.5416,8.882,6.7699,3.2081,0.1536,3.5438,8.728,6.7455,0.1218
4.3146,NMPC,3.4741,8.8772,6.772,3.2054,0.1452,3.4539,8.7329,6.7053,0.1191
4.3222,NMPC,3.4741,8.8772,6.772,3.2054,0.1452,3.4539,8.7329,6.7053,0.1191
4.33,NMPC,3.4065,8.8726,6.7707,3.2026,0.1369,3.394,8.7363,6.6784,0.1163
4.3382,NMPC,3.339,8.868,6.7654,3.2002,0.1285,3.3341,8.7396,6.6514,0.1139
4.3457,NMPC,3.2716,8.8635,6.7567,3.1988,0.1219,3.2742,8.7413,6.6514,0.1048
4.3539,NMPC,3.2042,8.8589,6.7452,3.198,0.1181,3.2142,8.7405,6.6784,0.0844
4.362,NMPC,3.2042,8.8589,6.7452,3.198,0.1181,3.2142,8.7405,6.6784,0.0844
4.3703,NMPC,3.137,8.8544,6.7319,3.198,0.1149,3.1242,8.7394,6.7187,0.055
4.3779,NMPC,3.0699,8.8498,6.721,3.1984,0.1121,3.0642,8.7376,6.7455,0.0425
4.3858,NMPC,3.0029,8.8453,6.7078,3.1993,0.1105,3.0043,8.7349,6.7721,0.0377
4.3939,NMPC,2.936,8.8409,6.6879,3.2004,0.109,2.9443,8.7321,6.7986,0.033
4.4017,NMPC,2.936,8.8409,6.6879,3.2004,0.109,2.9443,8.7321,6.7986,0.033
4.4098,NMPC,2.8694,8.8364,6.6668,3.2021,0.1074,2.8844,8.7294,6.8251,0.0293
4.4174,NMPC,2.803,8.8319,6.6498,3.2038,0.105,2.7944,8.7266,6.8645,0.031
4.4254,NMPC,2.7367,8.8275,6.6315,3.2059,0.1026,2.7345,8.7247,6.8907,0.0332
4.4336,NMPC,2.6707,8.823,6.611,3.208,0.1002,2.6745,8.7229,6.9168,0.0353
4.4412,NMPC,2.6707,8.823,6.611,3.208,0.1002,2.6745,8.7229,6.9168,0.0353
4.4485,NMPC,2.6048,8.8185,6.5914,3.2105,0.0977,2.6145,8.721,6.9427,0.0377
4.457,NMPC,2.5391,8.8139,6.5756,3.2129,0.0952,2.5546,8.7191,6.9686,0.0402
4.4711,NMPC,2.4736,8.8094,6.5571,3.2156,0.0927,2.4646,8.7163,6.9325,0.0429
4.48,NMPC,2.4083,8.8048,6.5374,3.2179,0.0901,2.4046,8.7145,6.9065,0.0452
4.4876,NMPC,2.3432,8.8002,6.5184,3.2191,0.0876,2.3447,8.7126,6.8804,0.0464
4.4959,NMPC,2.2782,8.7957,6.5031,3.2199,0.0851,2.2847,8.7107,6.8542,0.0471
4.5039,NMPC,2.2135,8.7911,6.4866,3.2198,0.0826,2.2247,8.7089,6.8279,0.0471
4.5153,NMPC,2.1488,8.7866,6.4704,3.2194,0.0801,2.1647,8.707,6.8015,0.0467
4.5232,NMPC,2.1488,8.7866,6.4704,3.2194,0.0801,2.1647,8.707,6.8015,0.0467
4.5322,NMPC,2.0844,8.7821,6.4554,3.2184,0.0776,2.0748,8.7042,6.7617,0.0457
4.5402,NMPC,2.02,8.7776,6.4403,3.2173,0.0751,2.0148,8.7023,6.735,0.0445
4.548,NMPC,1.9559,8.7731,6.4195,3.2156,0.0726,1.9548,8.7005,6.7082,0.0429
4.5565,NMPC,1.8919,8.7687,6.3998,3.2139,0.0701,1.8949,8.6986,6.6813,0.0412
4.5653,NMPC,1.8282,8.7643,6.3809,3.2118,0.0677,1.8349,8.6967,6.6543,0.039
4.5739,NMPC,1.7646,8.76,6.3656,3.2097,0.0654,1.7749,8.6949,6.6272,0.0369
4.5815,NMPC,1.7646,8.76,6.3656,3.2097,0.0654,1.7749,8.6949,6.6272,0.0369
4.5905,NMPC,1.7012,8.7557,6.3514,3.2073,0.0631,1.715,8.693,6.6,0.0345
4.5995,NMPC,1.6379,8.7514,6.3358,3.2049,0.0608,1.625,8.6902,6.559,0.0322
4.6075,NMPC,1.5747,8.7473,6.3172,3.2022,0.0586,1.565,8.6884,6.5315,0.0295
4.6155,NMPC,1.5118,8.7432,6.2991,3.1997,0.0565,1.5051,8.6865,6.5038,0.0269
4.6235,NMPC,1.5118,8.7432,6.2991,3.1997,0.0565,1.5051,8.6865,6.5038,0.0269
4.632,NMPC,1.3865,8.7353,6.2624,3.1942,0.0525,1.3851,8.6828,6.4483,0.0214
4.6532,NMPC,1.2617,8.7278,6.241,3.1885,0.0488,1.2652,8.679,6.3922,0.0158
4.6615,NMPC,1.2617,8.7278,6.241,3.1885,0.0488,1.2652,8.679,6.3922,0.0158
4.6696,NMPC,1.1994,8.7242,6.2396,3.1856,0.0472,1.2052,8.6772,6.364,0.0129
4.6776,NMPC,1.1371,8.7207,6.2385,3.183,0.0456,1.1452,8.6753,6.3356,0.0102
4.6855,NMPC,1.0748,8.7173,6.2376,3.1802,0.0442,1.0853,8.6734,6.3071,0.0074
4.6939,NMPC,1.0125,8.7141,6.2392,3.1776,0.0429,1.0253,8.6716,6.2785,0.0049
4.7018,NMPC,1.0125,8.7141,6.2392,3.1776,0.0429,1.0253,8.6716,6.2785,0.0049
4.7102,NMPC,0.9502,8.711,6.2426,3.1749,0.0417,0.9653,8.6697,6.2498,0.0022
4.7181,NMPC,0.8878,8.7079,6.2458,3.1725,0.0406,0.8754,8.6669,6.2064,-0.0002
4.7265,NMPC,0.8254,8.7051,6.2498,3.1699,0.0397,0.8154,8.665,6.1774,-0.0028
4.7346,NMPC,0.7629,8.7023,6.2555,3.1676,0.0389,0.7554,8.6632,6.1482,-0.0051
4.7418,NMPC,0.7629,8.7023,6.2555,3.1676,0.0389,0.7554,8.6632,6.1482,-0.0051
4.7495,NMPC,0.7004,8.6997,6.2619,3.1652,0.0382,0.6955,8.6613,6.1188,-0.0076
4.7574,NMPC,0.6378,8.6972,6.2681,3.1629,0.0377,0.6355,8.6594,6.0893,-0.0098
4.7656,NMPC,0.5751,8.6948,6.2748,3.1606,0.0373,0.5755,8.6576,6.0597,-0.0121
4.7734,NMPC,0.5124,8.6926,6.2843,3.1585,0.037,0.5155,8.6557,6.0299,-0.0143
4.7812,NMPC,0.5124,8.6926,6.2843,3.1585,0.037,0.5155,8.6557,6.0299,-0.0143
4.7893,NMPC,0.4495,8.6905,6.2942,3.1562,0.0368,0.4556,8.6538,6.0,-0.0165
4.7976,NMPC,0.3866,8.6885,6.3037,3.1542,0.0318,0.3957,8.6568,6.0299,-0.0004
4.8053,NMPC,0.3235,8.6867,6.3136,3.152,0.0264,0.3358,8.6602,6.0597,0.0173
4.8132,NMPC,0.2603,8.685,6.325,3.15,0.0201,0.2459,8.6653,6.1041,0.045
4.8211,NMPC,0.2603,8.685,6.325,3.15,0.0201,0.2459,8.6653,6.1041,0.045
4.8303,NMPC,0.197,8.6834,6.3368,3.148,0.0163,0.1859,8.6675,6.1335,0.0429
4.8381,NMPC,0.1336,8.682,6.3481,3.1461,0.0125,0.126,8.6697,6.1628,0.041
4.8463,NMPC,0.0701,8.6806,6.3597,3.144,0.0089,0.066,8.6719,6.1919,0.039
4.8544,NMPC,0.0065,8.6794,6.3737,3.1425,0.0053,0.0061,8.6741,6.2209,0.0374
4.8627,NMPC,0.0065,8.6794,6.3737,3.1425,0.0053,0.0061,8.6741,6.2209,0.0374
4.8709,NMPC,-0.0573,8.6783,6.389,3.1419,0.0018,-0.0539,8.6763,6.2498,0.0369
4.8789,NMPC,-0.1213,8.6771,6.4036,3.1419,0.0017,-0.1139,8.6785,6.2785,0.0368
4.8869,NMPC,-0.1854,8.6761,6.4184,3.1426,0.0051,-0.1738,8.6807,6.3071,0.0375
4.8967,NMPC,-0.2497,8.675,6.4344,3.1436,0.0085,-0.2638,8.684,6.3498,0.0386
4.9055,NMPC,-0.3141,8.674,6.4505,3.1452,0.0118,-0.3237,8.6862,6.3781,0.0401
4.9134,NMPC,-0.3786,8.6731,6.4659,3.1469,0.0142,-0.3837,8.6875,6.4062,0.0368
4.9214,NMPC,-0.3786,8.6731,6.4659,3.1469,0.0142,-0.3837,8.6875,6.4062,0.0368
4.9305,NMPC,-0.4434,8.6721,6.4821,3.1489,0.0157,-0.4437,8.6877,6.4343,0.029
4.9388,NMPC,-0.5083,8.6711,6.4994,3.1511,0.017,-0.5037,8.688,6.4622,0.0212
4.9466,NMPC,-0.5734,8.6701,6.5158,3.1534,0.018,-0.5637,8.6881,6.49,0.0139
4.9551,NMPC,-0.6386,8.6691,6.5353,3.1558,0.0155,-0.6536,8.6845,6.5315,0.0055
4.9637,NMPC,-0.6386,8.6691,6.5353,3.1558,0.0155,-0.6536,8.6845,6.5315,0.0055
4.9726,NMPC,-0.7697,8.6669,6.5733,3.1607,0.013,-0.7735,8.6798,6.5863,-0.0026
4.9809,NMPC,-0.7697,8.6669,6.5733,3.1607,0.013,-0.7735,8.6798,6.5863,-0.0026
4.9896,NMPC,-0.8355,8.6658,6.5918,3.1633,0.0127,-0.8335,8.6785,6.6136,-0.0001
4.9988,NMPC,-0.9015,8.6645,6.6112,3.1657,0.0125,-0.8935,8.6772,6.6408,0.0024
5.0116,NMPC,-0.9677,8.6632,6.6322,3.1683,0.0124,-0.9535,8.6759,6.6678,0.0049
5.0207,NMPC,-1.0341,8.6619,6.6523,3.1706,0.0123,-1.0435,8.674,6.7082,0.0072
5.0303,NMPC,-1.1007,8.6604,6.6731,3.1731,0.0123,-1.1034,8.6726,6.735,0.0097
5.0395,NMPC,-1.1675,8.6589,6.6929,3.175,0.0124,-1.1634,8.6713,6.7617,0.0117
5.0489,NMPC,-1.2345,8.6573,6.7126,3.176,0.0124,-1.2234,8.67,6.7882,0.0127
5.0582,NMPC,-1.3017,8.6558,6.7333,3.1765,0.0126,-1.3134,8.6681,6.8279,0.0131
5.0684,NMPC,-1.3692,8.6542,6.7538,3.1761,0.0127,-1.3734,8.6668,6.8542,0.0128
5.0775,NMPC,-1.4368,8.6525,6.7752,3.1755,0.0129,-1.4334,8.6655,6.8804,0.0121
5.0869,NMPC,-1.5046,8.6509,6.7964,3.1742,0.013,-1.4934,8.6642,6.9065,0.0109
5.0966,NMPC,-1.5727,8.6492,6.818,3.1728,0.0132,-1.5833,8.6622,6.9455,0.0094
5.1059,NMPC,-1.6409,8.6476,6.8395,3.171,0.0134,-1.6433,8.6609,6.9714,0.0076
5.1147,NMPC,-1.7094,8.646,6.8617,3.1691,0.0135,-1.7033,8.6596,6.9971,0.0057
5.1235,NMPC,-1.7094,8.646,6.8617,3.1691,0.0135,-1.7033,8.6596,6.9971,0.0057
5.1327,NMPC,-1.8471,8.6427,6.9082,3.1647,0.0138,-1.8533,8.6563,7.0612,0.0014
5.1413,NMPC,-1.8471,8.6427,6.9082,3.1647,0.0138,-1.8533,8.6563,7.0612,0.0014
5.1498,NMPC,-1.9163,8.6412,6.9324,3.1623,0.0138,-1.9133,8.655,7.0866,-0.001
5.1586,NMPC,-1.9857,8.6396,6.9565,3.1601,0.0138,-1.9732,8.6537,7.112,-0.0033
5.1674,NMPC,-2.0554,8.6382,6.9805,3.1576,0.0138,-2.0632,8.6518,7.1498,-0.0058
5.1759,NMPC,-2.1253,8.6367,7.0034,3.1553,0.0137,-2.1232,8.6505,7.175,-0.0081
5.1841,NMPC,-2.1954,8.6354,7.0274,3.1528,0.0135,-2.1832,8.6492,7.2,-0.0105
5.1924,NMPC,-2.2658,8.6341,7.0502,3.1506,0.0132,-2.2732,8.6472,7.2374,-0.0128
5.2022,NMPC,-2.2658,8.6341,7.0502,3.1506,0.0132,-2.2732,8.6472,7.2374,-0.0128
5.211,NMPC,-2.3364,8.633,7.0732,3.1482,0.0129,-2.3332,8.6459,7.2622,-0.0152
5.2191,NMPC,-2.4072,8.6319,7.0962,3.1459,0.0124,-2.3931,8.6446,7.287,-0.0174
5.2275,NMPC,-2.4783,8.6309,7.1203,3.1436,0.0119,-2.4831,8.6426,7.3239,-0.0197
5.2374,NMPC,-2.5496,8.6299,7.1444,3.1418,0.0113,-2.5431,8.6413,7.3485,-0.0216
5.2457,NMPC,-2.6212,8.629,7.1684,3.1409,0.0106,-2.6331,8.6394,7.3851,-0.0224
5.2546,NMPC,-2.693,8.6281,7.1913,3.1406,0.0099,-2.6931,8.6381,7.4095,-0.0227
5.2634,NMPC,-2.693,8.6281,7.1913,3.1406,0.0099,-2.6931,8.6381,7.4095,-0.0227
5.2723,NMPC,-2.8373,8.6265,7.2372,3.1419,0.0085,-2.843,8.6348,7.4699,-0.0215
5.2803,NMPC,-2.8373,8.6265,7.2372,3.1419,0.0085,-2.843,8.6348,7.4699,-0.0215
5.2891,NMPC,-2.9097,8.6256,7.2601,3.1433,0.0077,-2.903,8.6335,7.494,-0.0201
5.2986,NMPC,-2.9825,8.6248,7.2843,3.1448,0.0069,-2.993,8.6316,7.5299,-0.0185
5.3071,NMPC,-3.0554,8.624,7.3084,3.1468,0.0062,-3.053,8.6302,7.5538,-0.0165
5.3153,NMPC,-3.1286,8.6232,7.3314,3.1489,0.0054,-3.143,8.6283,7.5895,-0.0145
5.3236,NMPC,-3.1286,8.6232,7.3314,3.1489,0.0054,-3.143,8.6283,7.5895,-0.0145
5.3322,NMPC,-3.202,8.6224,7.3554,3.1512,0.0046,-3.2029,8.627,7.6131,-0.0122
5.3408,NMPC,-3.2757,8.6215,7.3783,3.1535,0.0039,-3.2629,8.6257,7.6368,-0.0098
5.3506,NMPC,-3.3496,8.6206,7.4013,3.1561,0.0032,-3.3529,8.6237,7.672,-0.0073
5.3587,NMPC,-3.4237,8.6196,7.4242,3.1585,0.0026,-3.4129,8.6224,7.6955,-0.0048
5.3674,NMPC,-3.4981,8.6186,7.4483,3.1611,0.002,-3.5029,8.6205,7.7305,-0.0022
5.3765,NMPC,-3.5727,8.6175,7.4713,3.1636,0.0015,-3.5629,8.6192,7.7537,0.0002
5.3851,NMPC,-3.6475,8.6163,7.4943,3.1662,0.001,-3.6528,8.6172,7.7885,0.0028
5.3941,NMPC,-3.7225,8.615,7.5173,3.1686,0.0007,-3.7128,8.6159,7.8115,0.0052
5.4051,NMPC,-3.7225,8.615,7.5173,3.1686,0.0007,-3.7128,8.6159,7.8115,0.0052
5.4139,NMPC,-3.8733,8.6122,7.5634,3.1735,0.0002,-3.8628,8.6126,7.8689,0.0101
5.4227,NMPC,-3.8733,8.6122,7.5634,3.1735,0.0002,-3.8628,8.6126,7.8689,0.0101
5.4321,NMPC,-3.949,8.6106,7.5875,3.1759,0.0002,-3.9528,8.6107,7.9032,0.0125
5.4422,NMPC,-4.025,8.6089,7.6116,3.1778,0.0002,-4.0128,8.6094,7.9259,0.0145
5.4515,NMPC,-4.1012,8.6072,7.6357,3.1788,0.0002,-4.1027,8.6074,7.9599,0.0154
5.4608,NMPC,-4.1777,8.6055,7.6586,3.1791,0.0003,-4.1627,8.6061,7.9825,0.0158
5.4713,NMPC,-4.2544,8.6037,7.6826,3.1787,0.0004,-4.2527,8.6042,8.0162,0.0153
5.4797,NMPC,-4.3313,8.6018,7.7054,3.1779,0.0006,-4.3427,8.6022,8.0498,0.0145
5.4882,NMPC,-4.4084,8.6,7.7284,3.1765,0.0008,-4.4027,8.6009,8.0722,0.0131
5.4964,NMPC,-4.4858,8.5981,7.7513,3.1749,0.001,-4.4926,8.5989,8.1056,0.0115
5.5049,NMPC,-4.5634,8.5962,7.7744,3.1728,0.0012,-4.5526,8.5976,8.1277,0.0095
5.5165,NMPC,-4.6413,8.5943,7.7974,3.1707,0.0014,-4.6426,8.5957,8.1609,0.0074
5.5246,NMPC,-4.7193,8.5924,7.8205,3.1683,0.0016,-4.7326,8.5937,8.1939,0.0049
5.5328,NMPC,-4.7976,8.5905,7.8435,3.1658,0.0018,-4.7926,8.5924,8.2158,0.0025
5.5413,NMPC,-4.7976,8.5905,7.8435,3.1658,0.0018,-4.7926,8.5924,8.2158,0.0025
5.5493,NMPC,-4.8762,8.5887,7.8671,3.1632,0.0019,-4.8826,8.5905,8.2486,-0.0002
5.5569,NMPC,-4.9549,8.5869,7.8898,3.1606,0.002,-4.9425,8.5892,8.2704,-0.0028
5.565,NMPC,-5.0339,8.5852,7.9109,3.1578,0.002,-5.0325,8.5872,8.303,-0.0055
5.5742,NMPC,-5.1131,8.5835,7.9304,3.1552,0.0019,-5.1225,8.5852,8.3355,-0.0082
5.5821,NMPC,-5.1131,8.5835,7.9304,3.1552,0.0019,-5.1225,8.5852,8.3355,-0.0082
5.5906,NMPC,-5.1925,8.5819,7.9479,3.1524,0.0018,-5.1825,8.5839,8.357,-0.0109
5.5988,NMPC,-5.272,8.5804,7.9646,3.1498,0.0016,-5.2725,8.582,8.3893,-0.0135
5.6078,NMPC,-5.3517,8.579,7.9791,3.1471,0.0013,-5.3624,8.58,8.4214,-0.0163
5.6161,NMPC,-5.4316,8.5776,7.9921,3.1448,0.0009,-5.4224,8.5787,8.4427,-0.0186
5.6242,NMPC,-5.5115,8.5763,8.0037,3.1436,0.0005,-5.5124,8.5768,8.4747,-0.0198
5.6326,NMPC,-5.5916,8.575,8.0146,3.1429,0.0,-5.6024,8.5748,8.5065,-0.0205
5.6406,NMPC,-5.5916,8.575,8.0146,3.1429,0.0,-5.6024,8.5748,8.5065,-0.0205
5.6487,NMPC,-5.6718,8.5738,8.024,3.143,0.0005,-5.6624,8.5735,8.5276,-0.0204
5.6571,NMPC,-5.7521,8.5725,8.0323,3.1435,0.001,-5.7523,8.5715,8.5592,-0.0199
5.6655,NMPC,-5.8324,8.5714,8.0381,3.1447,0.0016,-5.8423,8.5696,8.5907,-0.0187
5.6876,NMPC,-5.9932,8.569,8.0462,3.1479,0.0027,-5.9923,8.5663,8.6429,-0.0155
5.6953,NMPC,-6.0737,8.5679,8.0495,3.1499,0.0033,-6.0823,8.5644,8.6741,-0.0135
5.7034,NMPC,-6.0737,8.5679,8.0495,3.1499,0.0033,-6.0823,8.5644,8.6741,-0.0135
5.7111,NMPC,-6.1542,8.5667,8.0511,3.1523,0.0039,-6.1423,8.5631,8.6637,-0.0111
5.719,NMPC,-6.2347,8.5655,8.0525,3.1547,0.0044,-6.2322,8.5611,8.6325,-0.0087
5.7265,NMPC,-6.3152,8.5643,8.0539,3.1574,0.005,-6.3222,8.5591,8.6012,-0.006
5.7351,NMPC,-6.3958,8.563,8.0542,3.1601,0.0055,-6.3822,8.5578,8.5802,-0.0033
5.7426,NMPC,-6.3958,8.563,8.0542,3.1601,0.0055,-6.3822,8.5578,8.5802,-0.0033
5.7504,NMPC,-6.4763,8.5617,8.0551,3.163,0.0059,-6.4722,8.5559,8.5487,-0.0004
5.7583,NMPC,-6.5569,8.5603,8.056,3.1659,0.0062,-6.5622,8.5539,8.517,0.0025
5.7664,NMPC,-6.6374,8.5588,8.0564,3.1689,0.0065,-6.6521,8.552,8.4853,0.0056
5.7745,NMPC,-6.7179,8.5573,8.0459,3.1719,0.0067,-6.7121,8.5507,8.464,0.0085
5.7819,NMPC,-6.7179,8.5573,8.0459,3.1719,0.0067,-6.7121,8.5507,8.464,0.0085
5.7908,NMPC,-6.7983,8.5556,8.0334,3.1751,0.0068,-6.8021,8.5487,8.4321,0.0118
5.799,NMPC,-6.8785,8.5539,8.0233,3.1783,0.0068,-6.8921,8.5468,8.4,0.0149
5.8071,NMPC,-6.9587,8.552,8.0091,3.1816,0.0067,-6.9521,8.5454,8.3785,0.0183
5.8151,NMPC,-7.0386,8.55,7.9855,3.1846,0.0065,-7.042,8.5435,8.3463,0.0212
5.8234,NMPC,-7.0386,8.55,7.9855,3.1846,0.0065,-7.042,8.5435,8.3463,0.0212
5.8321,NMPC,-7.1184,8.548,7.9624,3.1865,0.0062,-7.132,8.5415,8.3138,0.0231
5.8405,NMPC,-7.1979,8.546,7.9437,3.1878,0.0059,-7.192,8.5402,8.2922,0.0244
5.8489,NMPC,-7.2772,8.5439,7.9225,3.1883,0.0055,-7.282,8.5383,8.2595,0.0249
5.8575,NMPC,-7.3562,8.5417,7.8992,3.1884,0.0051,-7.342,8.537,8.2377,0.025
5.8662,NMPC,-7.4351,8.5396,7.8701,3.1878,0.0046,-7.4319,8.535,8.2049,0.0245
5.8755,NMPC,-7.5136,8.5373,7.8465,3.1871,0.0041,-7.5219,8.5331,8.1719,0.0237
5.884,NMPC,-7.5919,8.5351,7.8213,3.1857,0.0035,-7.5819,8.5317,8.1498,0.0224
5.8929,NMPC,-7.67,8.5327,7.7967,3.1843,0.0029,-7.6719,8.5298,8.1166,0.0209
5.9012,NMPC,-7.67,8.5327,7.7967,3.1843,0.0029,-7.6719,8.5298,8.1166,0.0209
5.9108,NMPC,-7.7478,8.5304,7.7706,3.1823,0.0023,-7.7619,8.5278,8.0833,0.019
5.9199,NMPC,-7.8253,8.5281,7.7391,3.1803,0.0017,-7.8219,8.5265,8.061,0.017
5.9286,NMPC,-7.9025,8.5258,7.7073,3.1779,0.001,-7.9118,8.5246,8.0275,0.0146
5.9376,NMPC,-7.9794,8.5235,7.6774,3.1755,0.0004,-7.9718,8.5233,8.005,0.0122
5.9463,NMPC,-8.056,8.5213,7.6468,3.1728,0.0002,-8.0618,8.5213,7.9712,0.0094
5.9548,NMPC,-8.1323,8.519,7.622,3.17,0.0007,-8.1218,8.52,7.9486,0.0066
5.9627,NMPC,-8.1323,8.519,7.622,3.17,0.0007,-8.1218,8.52,7.9486,0.0066
5.972,NMPC,-8.2083,8.5169,7.5957,3.1669,0.0012,-8.2118,8.518,7.9145,0.0036
5.9806,NMPC,-8.2841,8.5148,7.57,3.1639,0.0017,-8.2717,8.5167,7.8918,0.0005
5.9887,NMPC,-8.3597,8.5128,7.5429,3.1606,0.0021,-8.3617,8.5148,7.8575,-0.0028
5.9974,NMPC,-8.4349,8.5108,7.5103,3.1573,0.0024,-8.4217,8.5135,7.8345,-0.006
6.0066,NMPC,-8.5098,8.509,7.4795,3.1537,0.0026,-8.5117,8.5115,7.8,-0.0096
6.0188,NMPC,-8.5845,8.5073,7.4546,3.1503,0.0027,-8.5717,8.5102,7.7769,-0.0131
6.0288,NMPC,-8.6589,8.5057,7.428,3.1465,0.0027,-8.6617,8.5083,7.7421,-0.0168
6.0383,NMPC,-8.733,8.5042,7.4021,3.1429,0.0025,-8.7216,8.507,7.7188,-0.0204
6.0473,NMPC,-8.8069,8.5028,7.3746,3.1391,0.0023,-8.8116,8.505,7.6837,-0.0243
6.0559,NMPC,-8.8805,8.5016,7.3414,3.1357,0.0019,-8.8716,8.5037,7.6603,-0.0277
6.0648,NMPC,-8.9537,8.5005,7.3145,3.1334,0.0015,-8.9616,8.5017,7.625,-0.03
6.0744,NMPC,-9.0267,8.4994,7.2883,3.1317,0.0009,-9.0216,8.5004,7.6013,-0.0317
6.0834,NMPC,-9.0267,8.4994,7.2883,3.1317,0.0009,-9.0216,8.5004,7.6013,-0.0317
6.0923,NMPC,-9.0995,8.4984,7.2605,3.1309,0.0004,-9.1116,8.4985,7.5657,-0.0325
6.1015,NMPC,-9.1719,8.4975,7.2335,3.1304,0.0003,-9.1715,8.4972,7.5419,-0.0329
6.111,NMPC,-9.2441,8.4966,7.2006,3.1307,0.001,-9.2315,8.4959,7.518,-0.0327
6.1198,NMPC,-9.3159,8.4959,7.1672,3.1311,0.0018,-9.3215,8.4939,7.482,-0.0323
6.1292,NMPC,-9.3874,8.4951,7.1356,3.1321,0.0027,-9.3815,8.4926,7.4579,-0.0312
6.139,NMPC,-9.4587,8.4945,7.1101,3.1333,0.0036,-9.4715,8.4907,7.4216,-0.0301
6.1501,NMPC,-9.5296,8.4939,7.0826,3.1349,0.0045,-9.5315,8.4893,7.3973,-0.0285
6.1594,NMPC,-9.6003,8.4933,7.0559,3.1366,0.0055,-9.5914,8.488,7.3729,-0.0268
6.1688,NMPC,-9.6707,8.4928,7.0296,3.1387,0.0065,-9.6814,8.4861,7.3362,-0.0247
6.1791,NMPC,-9.7409,8.4923,7.0016,3.1408,0.0075,-9.7414,8.4848,7.3116,-0.0226
6.1875,NMPC,-9.8108,8.4917,6.9742,3.1433,0.0085,-9.8014,8.4835,7.287,-0.0201
6.1968,NMPC,-9.8804,8.4912,6.9452,3.1457,0.0094,-9.8914,8.4815,7.2498,-0.0177
6.2061,NMPC,-9.9497,8.4906,6.9171,3.1485,0.0104,-9.9514,8.4802,7.225,-0.0149
6.2164,NMPC,-10.0187,8.4901,6.8896,3.1512,0.0113,-10.0113,8.4789,7.2,-0.0122
6.2247,NMPC,-10.0875,8.4894,6.8605,3.1542,0.0121,-10.1013,8.477,7.1624,-0.0092
6.2351,NMPC,-10.1559,8.4887,6.8322,3.1571,0.0129,-10.1613,8.4757,7.1372,-0.0063
6.2632,NMPC,-10.2919,8.4871,6.7647,3.1635,0.0143,-10.2813,8.473,7.0866,0.0001
6.2727,NMPC,-10.3594,8.4862,6.7333,3.1669,0.0149,-10.3713,8.4711,7.0484,0.0035
6.2811,NMPC,-10.4265,8.4852,6.7008,3.1702,0.0153,-10.4312,8.4698,7.0228,0.0068
6.2898,NMPC,-10.4934,8.4841,6.6745,3.1737,0.0156,-10.4912,8.4685,6.9971,0.0104
6.2983,NMPC,-10.56,8.4828,6.6532,3.1771,0.0159,-10.5512,8.4672,6.9714,0.0137
6.308,NMPC,-10.6264,8.4815,6.6311,3.1807,0.0159,-10.6112,8.4659,6.9455,0.0173
6.317,NMPC,-10.6926,8.48,6.6036,3.1841,0.0159,-10.7012,8.4639,6.9065,0.0207
6.3258,NMPC,-10.7584,8.4784,6.5741,3.1877,0.0157,-10.7612,8.4626,6.8804,0.0244
6.3349,NMPC,-10.824,8.4766,6.5453,3.1913,0.0154,-10.8211,8.4613,6.8542,0.0279
6.3435,NMPC,-10.824,8.4766,6.5453,3.1913,0.0154,-10.8211,8.4613,6.8542,0.0279
6.3522,NMPC,-10.9543,8.4727,6.4894,3.1986,0.0143,-10.9411,8.4587,6.8015,0.0352
6.3609,NMPC,-10.9543,8.4727,6.4894,3.1986,0.0143,-10.9411,8.4587,6.8015,0.0352
6.3702,NMPC,-11.019,8.4704,6.4565,3.2028,0.0134,-11.0311,8.4567,6.7617,0.0394
6.3797,NMPC,-11.0834,8.4679,6.4253,3.2082,0.0123,-11.0911,8.4554,6.735,0.0449
6.3885,NMPC,-11.1474,8.4652,6.3952,3.2143,0.0109,-11.1511,8.4541,6.7082,0.051
6.3976,NMPC,-11.2112,8.4621,6.3708,3.2213,0.0093,-11.2111,8.4528,6.6813,0.0579
6.4069,NMPC,-11.2746,8.4588,6.3388,3.2286,0.0074,-11.271,8.4515,6.6543,0.0653
6.4161,NMPC,-11.3378,8.4553,6.3129,3.2367,0.0052,-11.331,8.4502,6.6272,0.0733
6.4248,NMPC,-11.4007,8.4514,6.2885,3.2449,0.0027,-11.391,8.4489,6.6,0.0815
6.4338,NMPC,-11.4633,8.4472,6.2631,3.2536,0.0001,-11.451,8.4476,6.5727,0.0902
6.4429,NMPC,-11.4633,8.4472,6.2631,3.2536,0.0001,-11.451,8.4476,6.5727,0.0902
6.4522,NMPC,-11.5256,8.4427,6.2368,3.2624,0.0033,-11.511,8.4463,6.5452,0.099
6.4611,NMPC,-11.5877,8.4378,6.2088,3.272,0.0069,-11.601,8.4443,6.5038,0.1086
6.471,NMPC,-11.6493,8.4324,6.1767,3.283,0.0109,-11.6609,8.443,6.4761,0.1196
6.4805,NMPC,-11.7107,8.4266,6.1453,3.2949,0.0153,-11.7209,8.4417,6.4483,0.1316
6.4895,NMPC,-11.7717,8.4203,6.1167,3.3079,0.0203,-11.7809,8.4404,6.4203,0.1446
6.4981,NMPC,-11.8323,8.4136,6.0935,3.3213,0.0257,-11.8409,8.4391,6.3922,0.158
6.511,NMPC,-11.8928,8.4063,6.076,3.3356,0.0317,-11.9009,8.4378,6.364,0.1723
6.52,NMPC,-11.9529,8.3983,6.0603,3.3512,0.0384,-11.9609,8.4365,6.3356,0.1878
6.5286,NMPC,-12.0128,8.3897,6.0444,3.3674,0.0457,-12.0209,8.4352,6.3071,0.204
6.538,NMPC,-12.0725,8.3804,6.0284,3.3849,0.0537,-12.0808,8.4339,6.2785,0.2215
6.547,NMPC,-12.1318,8.3703,6.0186,3.4039,0.0625,-12.1408,8.4326,6.2498,0.2405
6.5559,NMPC,-12.191,8.3594,6.0079,3.4237,0.0721,-12.2008,8.4313,6.2209,0.2603
6.5647,NMPC,-12.2498,8.3476,5.9967,3.4448,0.0826,-12.2608,8.43,6.1919,0.2815
6.5737,NMPC,-12.3084,8.3349,5.9876,3.4677,0.0941,-12.3208,8.4287,6.1628,0.3044
6.5824,NMPC,-12.3084,8.3349,5.9876,3.4677,0.0941,-12.3208,8.4287,6.1628,0.3044
6.5912,NMPC,-12.3666,8.3212,5.9827,3.4915,0.1065,-12.3808,8.4274,6.1335,0.3281
6.5999,NMPC,-12.4246,8.3064,5.9795,3.5165,0.12,-12.4408,8.4261,6.1041,0.3531
6.6089,NMPC,-12.4823,8.2906,5.98,3.5432,0.1346,-12.4708,8.4254,6.0893,0.3798
6.6178,NMPC,-12.5396,8.2734,5.9795,3.5718,0.1505,-12.5307,8.4241,6.0597,0.4084
6.6264,NMPC,-12.5964,8.2551,5.9777,3.6018,0.1676,-12.5907,8.4228,6.0299,0.4383
6.6354,NMPC,-12.6529,8.2354,5.9762,3.6332,0.186,-12.6507,8.4215,6.0,0.4696
6.644,NMPC,-12.6529,8.2354,5.9762,3.6332,0.186,-12.6507,8.4215,6.0,0.4696
6.6528,NMPC,-12.7643,8.1921,5.9787,3.6985,0.1998,-12.8263,8.385,6.015,0.4108
6.6751,NMPC,-12.8734,8.1431,5.982,3.7686,0.2056,-12.9652,8.3306,6.0299,0.345
6.6835,NMPC,-12.8734,8.1431,5.982,3.7686,0.2056,-12.9652,8.3306,6.0299,0.345
6.6916,NMPC,-12.9269,8.1164,5.9847,3.8049,0.2079,-13.0191,8.3043,6.015,0.325
6.7001,NMPC,-12.9797,8.0881,5.9874,3.8416,0.2036,-13.0964,8.2588,6.0,0.2772
6.7091,NMPC,-13.0316,8.0583,5.9899,3.8789,0.1978,-13.1443,8.2227,6.0299,0.2581
6.7178,NMPC,-13.0827,8.027,5.9945,3.9162,0.1931,-13.1922,8.1866,6.015,0.239
6.7263,NMPC,-13.1328,7.994,5.9987,3.954,0.1809,-13.2586,8.1265,6.015,0.1923
6.7352,NMPC,-13.1819,7.9595,6.0026,3.9928,0.1686,-13.2987,8.0819,6.0448,0.1748
6.7438,NMPC,-13.1819,7.9595,6.0026,3.9928,0.1686,-13.2987,8.0819,6.0448,0.1748
6.7524,NMPC,-13.2766,7.8856,6.0111,4.0722,0.1383,-13.3917,7.9649,6.015,0.1133
6.7605,NMPC,-13.2766,7.8856,6.0111,4.0722,0.1383,-13.3917,7.9649,6.015,0.1133
6.7693,NMPC,-13.322,7.8463,6.0152,4.1124,0.1203,-13.4226,7.9135,6.0448,0.0971
6.7783,NMPC,-13.3662,7.8054,6.0213,4.1522,0.1038,-13.4534,7.862,6.015,0.0805
6.7868,NMPC,-13.4091,7.763,6.0286,4.1909,0.0785,-13.4906,7.7805,6.015,0.0348
6.7954,NMPC,-13.4505,7.7192,6.0355,4.2292,0.0602,-13.5009,7.7523,6.0299,0.0448
6.8038,NMPC,-13.4505,7.7192,6.0355,4.2292,0.0602,-13.5009,7.7523,6.0299,0.0448
6.8124,NMPC,-13.529,7.6273,6.0522,4.3017,0.0166,-13.5418,7.6395,6.0,0.0046
6.8202,NMPC,-13.529,7.6273,6.0522,4.3017,0.0166,-13.5418,7.6395,6.0,0.0046
6.8288,NMPC,-13.566,7.5794,6.0608,4.336,0.0133,-13.5515,7.5803,6.015,-0.0174
6.8377,NMPC,-13.6014,7.5301,6.0709,4.369,0.0415,-13.5608,7.521,6.0299,-0.0408
6.8468,NMPC,-13.6353,7.4797,6.0804,4.4004,0.0677,-13.5701,7.4618,6.0,-0.0658
6.8552,NMPC,-13.6677,7.4282,6.0895,4.4301,0.0905,-13.5741,7.4321,6.0,-0.0642
6.8636,NMPC,-13.6677,7.4282,6.0895,4.4301,0.0905,-13.5741,7.4321,6.0,-0.0642
6.8726,NMPC,-13.6984,7.3755,6.0998,4.4588,0.1254,-13.5719,7.3721,6.015,-0.0919
6.8815,NMPC,-13.7275,7.3219,6.1096,4.4862,0.1526,-13.5708,7.3422,6.0299,-0.0926
6.89,NMPC,-13.755,7.2673,6.1198,4.513,0.1847,-13.5686,7.2822,6.015,-0.1222
6.8986,NMPC,-13.7809,7.2118,6.129,4.5387,0.2153,-13.5653,7.2224,6.0,-0.1504
6.9076,NMPC,-13.8052,7.1555,6.1368,4.5628,0.2448,-13.5603,7.1928,6.015,-0.1457
6.9162,NMPC,-13.8281,7.0985,6.1443,4.585,0.2789,-13.5502,7.1336,6.0448,-0.1622
6.9246,NMPC,-13.8494,7.0408,6.1507,4.6061,0.3072,-13.5452,7.1041,6.0597,-0.1605
6.9331,NMPC,-13.8693,6.9826,6.1561,4.6261,0.3399,-13.5309,7.0152,6.1041,-0.1899
6.942,NMPC,-13.8693,6.9826,6.1561,4.6261,0.3399,-13.5309,7.0152,6.1041,-0.1899
6.9508,NMPC,-13.8876,6.9238,6.1604,4.6456,0.3642,-13.5247,6.9555,6.1335,-0.1704
6.959,NMPC,-13.9045,6.8646,6.1639,4.6641,0.3872,-13.5185,6.8959,6.1628,-0.1518
6.9677,NMPC,-13.9201,6.8049,6.1658,4.6815,0.4088,-13.5123,6.8362,6.1919,-0.1345
6.9767,NMPC,-13.9342,6.7449,6.1668,4.6983,0.4291,-13.5061,6.7765,6.2209,-0.1177
6.9853,NMPC,-13.9471,6.6846,6.1671,4.714,0.4481,-13.4999,6.7168,6.2498,-0.102
6.9931,NMPC,-13.9588,6.624,6.1673,4.7283,0.466,-13.4968,6.687,6.2642,-0.0876
7.001,NMPC,-13.9588,6.624,6.1673,4.7283,0.466,-13.4968,6.687,6.2642,-0.0876
7.0133,NMPC,-13.9784,6.5023,6.1558,4.7548,0.4981,-13.4844,6.5676,6.3214,-0.0611
7.0216,NMPC,-13.9784,6.5023,6.1558,4.7548,0.4981,-13.4844,6.5676,6.3214,-0.0611
7.03,NMPC,-13.9865,6.4414,6.1466,4.7669,0.5124,-13.4782,6.5079,6.3498,-0.0491
7.0384,NMPC,-13.9936,6.3804,6.1344,4.778,0.5258,-13.472,6.4483,6.3781,-0.038
7.0471,NMPC,-13.9996,6.3194,6.12,4.7887,0.5381,-13.4658,6.3886,6.4062,-0.0272
7.0557,NMPC,-14.0046,6.2585,6.1083,4.7989,0.5494,-13.4596,6.3289,6.3812,-0.0171
7.0638,NMPC,-14.0046,6.2585,6.1083,4.7989,0.5494,-13.4596,6.3289,6.3812,-0.0171
7.0725,NMPC,-14.0118,6.1367,6.0888,4.8176,0.5645,-13.4466,6.1495,6.296,0.0277
7.0812,NMPC,-14.0118,6.1367,6.0888,4.8176,0.5645,-13.4466,6.1495,6.296,0.0277
7.0896,NMPC,-14.0142,6.0759,6.0802,4.8249,0.5696,-13.4444,6.0895,6.2673,0.0538
7.0978,NMPC,-14.0157,6.0152,6.075,4.8313,0.5736,-13.4422,6.0296,6.2386,0.079
7.1063,NMPC,-14.0165,5.9544,6.0743,4.8361,0.5764,-13.4402,5.9696,6.2096,0.0851
7.115,NMPC,-14.0166,5.8937,6.0737,4.8389,0.5786,-13.4382,5.9096,6.1806,0.089
7.1233,NMPC,-14.0166,5.8937,6.0737,4.8389,0.5786,-13.4382,5.9096,6.1806,0.089
7.1313,NMPC,-14.0162,5.8329,6.0768,4.8403,0.5801,-13.4363,5.8497,6.1514,0.0916
7.1397,NMPC,-14.0152,5.7722,6.0798,4.8402,0.5812,-13.4342,5.7897,6.1221,0.092
7.1484,NMPC,-14.0136,5.7114,6.083,4.8393,0.5818,-13.4321,5.7297,6.0926,0.091
7.1568,NMPC,-14.0116,5.6506,6.087,4.837,0.5821,-13.4299,5.6698,6.063,0.0888
7.1646,NMPC,-14.0093,5.5897,6.0917,4.8331,0.5775,-13.4315,5.5499,6.0597,0.1123
7.1732,NMPC,-14.0067,5.5288,6.0962,4.8282,0.5728,-13.4345,5.49,6.0299,0.1311
7.1815,NMPC,-14.0067,5.5288,6.0962,4.8282,0.5728,-13.4345,5.49,6.0299,0.1311
7.1902,NMPC,-14.0039,5.4679,6.1012,4.8222,0.5535,-13.465,5.3135,6.0448,0.2299
7.1983,NMPC,-14.0008,5.4069,6.1066,4.8156,0.5382,-13.4803,5.2555,6.0745,0.2662
7.2068,NMPC,-13.9977,5.3459,6.11,4.808,0.5229,-13.488,5.2265,6.0893,0.2801
7.2155,NMPC,-13.9945,5.2849,6.1129,4.7991,0.5077,-13.4943,5.1972,6.1041,0.278
7.2238,NMPC,-13.9945,5.2849,6.1129,4.7991,0.5077,-13.4943,5.1972,6.1041,0.278
7.2318,NMPC,-13.9881,5.1628,6.1168,4.7804,0.4783,-13.5171,5.0794,6.1628,0.2593
7.2403,NMPC,-13.9881,5.1628,6.1168,4.7804,0.4783,-13.5171,5.0794,6.1628,0.2593
7.2489,NMPC,-13.985,5.1017,6.1186,4.7712,0.4636,-13.5285,5.0205,6.1919,0.25
7.2575,NMPC,-13.9819,5.0406,6.1189,4.7622,0.4489,-13.5399,4.9616,6.2209,0.2411
7.2656,NMPC,-13.979,4.9795,6.1163,4.7532,0.4344,-13.5513,4.9027,6.2498,0.2321
7.2744,NMPC,-13.9762,4.9184,6.1143,4.7445,0.4201,-13.5627,4.8438,6.2785,0.2234
7.2826,NMPC,-13.9762,4.9184,6.1143,4.7445,0.4201,-13.5627,4.8438,6.2785,0.2234
7.2914,NMPC,-13.9736,4.8573,6.1076,4.7357,0.406,-13.5742,4.7849,6.3071,0.2146
7.2995,NMPC,-13.9713,4.7963,6.1023,4.7272,0.392,-13.5856,4.726,6.3356,0.2061
7.3082,NMPC,-13.9692,4.7354,6.0954,4.7186,0.3784,-13.597,4.6671,6.364,0.1975
7.3168,NMPC,-13.9673,4.6744,6.0946,4.7103,0.365,-13.6084,4.6082,6.3781,0.1892
7.3254,NMPC,-13.9658,4.6135,6.0913,4.7019,0.3519,-13.6198,4.5493,6.3498,0.1808
7.3335,NMPC,-13.9645,4.5526,6.0887,4.6939,0.3391,-13.6312,4.4903,6.3214,0.1728
7.3416,NMPC,-13.9645,4.5526,6.0887,4.6939,0.3391,-13.6312,4.4903,6.3214,0.1728
7.3503,NMPC,-13.9636,4.4918,6.0887,4.6858,0.3266,-13.6426,4.4314,6.2929,0.1647
7.3586,NMPC,-13.9629,4.4309,6.0897,4.6783,0.3144,-13.654,4.3725,6.2642,0.1572
7.3667,NMPC,-13.9626,4.37,6.0898,4.672,0.3024,-13.6654,4.3136,6.2354,0.1509
7.3755,NMPC,-13.9625,4.3091,6.0909,4.6664,0.2908,-13.6768,4.2547,6.2064,0.1453
7.3843,NMPC,-13.9627,4.2482,6.0922,4.6616,0.2794,-13.6882,4.1958,6.1774,0.1405
7.3929,NMPC,-13.9631,4.1872,6.0934,4.6573,0.2682,-13.6997,4.1369,6.1482,0.1362
7.4003,NMPC,-13.9631,4.1872,6.0934,4.6573,0.2682,-13.6997,4.1369,6.1482,0.1362
7.4089,NMPC,-13.9639,4.1263,6.0938,4.6536,0.2574,-13.7111,4.078,6.1188,0.1325
7.4174,NMPC,-13.9649,4.0654,6.0951,4.6501,0.2468,-13.7225,4.0191,6.0893,0.129
7.4261,NMPC,-13.9662,4.0044,6.0953,4.6475,0.2365,-13.7339,3.9602,6.0597,0.1264
7.4343,NMPC,-13.9676,3.9435,6.0952,4.6461,0.2263,-13.7453,3.9013,6.0299,0.125
7.4429,NMPC,-13.9676,3.9435,6.0952,4.6461,0.2263,-13.7453,3.9013,6.0299,0.125
7.4516,NMPC,-13.9692,3.8826,6.0958,4.6454,0.2128,-13.7662,3.8139,6.015,0.1412
7.4602,NMPC,-13.971,3.8216,6.0963,4.6456,0.196,-13.7851,3.757,6.0448,0.1749
7.4683,NMPC,-13.9729,3.7607,6.0975,4.6463,0.179,-13.804,3.7,6.015,0.209
7.4774,NMPC,-13.975,3.6997,6.0997,4.648,0.1573,-13.8369,3.6165,6.015,0.2574
7.4859,NMPC,-13.977,3.6388,6.1024,4.6511,0.136,-13.8501,3.5896,6.0299,0.2743
7.4946,NMPC,-13.9791,3.5778,6.105,4.655,0.1108,-13.8765,3.5357,6.0299,0.306
7.5025,NMPC,-13.9791,3.5778,6.105,4.655,0.1108,-13.8765,3.5357,6.0299,0.306
7.5159,NMPC,-13.9832,3.4556,6.113,4.6653,0.0681,-13.9221,3.4252,6.015,0.3293
7.5246,NMPC,-13.9852,3.3945,6.1176,4.6714,0.0535,-13.9381,3.3673,6.0448,0.302
7.5335,NMPC,-13.9872,3.3333,6.123,4.6777,0.0387,-13.9541,3.3095,6.015,0.2748
7.542,NMPC,-13.9872,3.3333,6.123,4.6777,0.0387,-13.9541,3.3095,6.015,0.2748
7.5519,NMPC,-13.989,3.2721,6.1287,4.6844,0.0232,-13.9621,3.2806,6.0,0.2649
7.5605,NMPC,-13.9907,3.2108,6.1342,4.6913,0.0208,-13.9667,3.2211,6.015,0.22
7.5694,NMPC,-13.9922,3.1495,6.1407,4.6984,0.0212,-13.9685,3.1611,6.0448,0.1708
7.5788,NMPC,-13.9935,3.088,6.148,4.7055,0.0215,-13.9702,3.1011,6.015,0.1215
7.5885,NMPC,-13.9947,3.0265,6.1554,4.7127,0.0242,-13.9692,3.0412,6.015,0.0808
7.5971,NMPC,-13.9957,2.965,6.1625,4.7199,0.0309,-13.964,2.9814,6.0448,0.0533
7.6059,NMPC,-13.9963,2.9033,6.169,4.7272,0.0401,-13.9562,2.8918,6.0893,0.0086
7.6154,NMPC,-13.9968,2.8416,6.1748,4.7343,0.0438,-13.9527,2.8319,6.1188,-0.0025
7.6239,NMPC,-13.9968,2.8416,6.1748,4.7343,0.0438,-13.9527,2.8319,6.1188,-0.0025
7.6326,NMPC,-13.9969,2.718,6.1835,4.7486,0.0469,-13.9498,2.7119,6.1774,0.0118
7.6412,NMPC,-13.9969,2.718,6.1835,4.7486,0.0469,-13.9498,2.7119,6.1774,0.0118
7.6502,NMPC,-13.9965,2.6561,6.1863,4.7559,0.048,-13.9483,2.652,6.2064,0.0191
7.6592,NMPC,-13.9958,2.5943,6.1872,4.7629,0.0488,-13.9469,2.592,6.2354,0.0261
7.668,NMPC,-13.9948,2.5324,6.1872,4.7702,0.0493,-13.9454,2.532,6.2642,0.0334
7.6774,NMPC,-13.9934,2.4706,6.1872,4.7773,0.0495,-13.9439,2.472,6.2929,0.0405
7.6866,NMPC,-13.9917,2.4088,6.1793,4.7847,0.0493,-13.9425,2.412,6.3214,0.0479
7.7095,NMPC,-13.9873,2.2854,6.1638,4.7999,0.0478,-13.9396,2.2921,6.3781,0.0631
7.7187,NMPC,-13.9844,2.2239,6.1533,4.809,0.0465,-13.9381,2.2321,6.4062,0.0722
7.7276,NMPC,-13.9811,2.1625,6.1403,4.8188,0.0446,-13.9366,2.1721,6.4343,0.082
7.7367,NMPC,-13.9773,2.1013,6.1254,4.8296,0.0424,-13.9352,2.1121,6.4622,0.0928
7.7461,NMPC,-13.973,2.0402,6.1134,4.8409,0.0396,-13.9337,2.0521,6.4761,0.1041
7.7548,NMPC,-13.9683,1.9794,6.0997,4.8528,0.0363,-13.9322,1.9922,6.4483,0.116
7.7634,NMPC,-13.9683,1.9794,6.0997,4.8528,0.0363,-13.9322,1.9922,6.4483,0.116
7.7722,NMPC,-13.963,1.9187,6.0799,4.865,0.0326,-13.9308,1.9322,6.4203,0.1282
7.7817,NMPC,-13.9572,1.8582,6.0651,4.8782,0.0282,-13.9293,1.8722,6.3922,0.1414
7.7905,NMPC,-13.9507,1.798,6.0528,4.8931,0.0233,-13.9278,1.8122,6.364,0.1563
7.7995,NMPC,-13.9435,1.738,6.0401,4.91,0.0175,-13.9264,1.7522,6.3356,0.1732
7.8087,NMPC,-13.9356,1.6781,6.032,4.9281,0.0111,-13.9249,1.6922,6.3071,0.1913
7.8183,NMPC,-13.9269,1.6185,6.0254,4.9474,0.0038,-13.9234,1.6323,6.2785,0.2106
7.8275,NMPC,-13.9174,1.559,6.0241,4.9672,0.0043,-13.922,1.5723,6.2498,0.2304
7.837,NMPC,-13.907,1.4997,6.0182,4.988,0.0132,-13.9205,1.5123,6.2209,0.2512
7.8465,NMPC,-13.8957,1.4406,6.0129,5.0103,0.0231,-13.919,1.4523,6.1919,0.2735
7.8558,NMPC,-13.8834,1.3817,6.013,5.0334,0.0339,-13.9176,1.3923,6.1628,0.2966
7.8649,NMPC,-13.8701,1.3231,6.013,5.0577,0.0458,-13.9161,1.3324,6.1335,0.3209
7.8745,NMPC,-13.8557,1.2647,6.0129,5.0834,0.0588,-13.9147,1.2724,6.1041,0.3466
7.8839,NMPC,-13.8557,1.2647,6.0129,5.0834,0.0588,-13.9147,1.2724,6.1041,0.3466
7.8929,NMPC,-13.8233,1.1489,6.0135,5.138,0.0883,-13.9117,1.1524,6.0448,0.4012
7.9019,NMPC,-13.8233,1.1489,6.0135,5.138,0.0883,-13.9117,1.1524,6.0448,0.4012
7.9114,NMPC,-13.8053,1.0915,6.0135,5.1677,0.1049,-13.9103,1.0924,6.015,0.4309
7.9208,NMPC,-13.7859,1.0346,6.0144,5.1983,0.1168,-13.9012,1.0032,6.015,0.4339
7.9306,NMPC,-13.7653,0.9781,6.0149,5.2301,0.1265,-13.8891,0.9445,6.0448,0.4227
7.9399,NMPC,-13.7432,0.9221,6.0153,5.2625,0.1375,-13.877,0.8857,6.015,0.412
7.9492,NMPC,-13.7198,0.8667,6.0157,5.2957,0.1405,-13.8493,0.8007,6.015,0.3707
7.9585,NMPC,-13.695,0.8119,6.016,5.3291,0.1421,-13.8243,0.7461,6.0448,0.3478
7.9681,NMPC,-13.6688,0.7578,6.0167,5.3631,0.1449,-13.7994,0.6915,6.015,0.3254
7.9781,NMPC,-13.6411,0.7043,6.0171,5.3971,0.1391,-13.7538,0.6144,6.015,0.2749
7.9883,NMPC,-13.612,0.6517,6.0185,5.4317,0.1342,-13.7189,0.5656,6.0299,0.2531
7.9978,NMPC,-13.5812,0.5999,6.0211,5.4674,0.1305,-13.684,0.5168,6.0,0.2324
8.0118,NMPC,-13.549,0.5491,6.0258,5.5033,0.1175,-13.6236,0.4506,6.015,0.1838
8.0222,NMPC,-13.5152,0.4992,6.0315,5.5396,0.1064,-13.5801,0.4093,6.0299,0.1638
8.032,NMPC,-13.4798,0.4502,6.0381,5.5759,0.0997,-13.5583,0.3887,6.015,0.1718
8.0422,NMPC,-13.4429,0.4024,6.0466,5.6121,0.0828,-13.4893,0.3314,6.0,0.1236
8.0523,NMPC,-13.4045,0.3557,6.0558,5.6477,0.0647,-13.4387,0.2993,6.0299,0.1028
8.0623,NMPC,-13.3646,0.31,6.0656,5.6819,0.0481,-13.388,0.2671,6.015,0.0807
8.0723,NMPC,-13.3233,0.2656,6.0758,5.7153,0.032,-13.3369,0.236,6.0,0.0577
8.0827,NMPC,-13.2805,0.2224,6.0846,5.7478,0.0073,-13.281,0.2141,6.015,0.0339
8.093,NMPC,-13.2363,0.1805,6.092,5.78,0.0157,-13.2251,0.1922,6.0299,0.0097
8.1029,NMPC,-13.1909,0.1399,6.098,5.8114,0.0368,-13.1693,0.1703,6.0,-0.0153
8.1132,NMPC,-13.1442,0.1006,6.1028,5.8417,0.0567,-13.1407,0.1614,6.0,-0.0132
8.1234,NMPC,-13.0963,0.0628,6.1063,5.8715,0.0871,-13.0817,0.1506,6.0299,-0.0397
8.1332,NMPC,-12.9972,-0.0087,6.1109,5.9299,0.1417,-12.9637,0.129,6.0893,-0.094
8.1429,NMPC,-12.9972,-0.0087,6.1109,5.9299,0.1417,-12.9637,0.129,6.0893,-0.094
8.1528,NMPC,-12.9461,-0.0422,6.1115,5.9585,0.1652,-12.934,0.1249,6.1041,-0.0854
8.1627,NMPC,-12.8941,-0.0743,6.1097,5.9861,0.1928,-12.8743,0.1187,6.1335,-0.0842
8.1724,NMPC,-12.8412,-0.1048,6.1063,6.0135,0.2186,-12.8146,0.1126,6.1628,-0.0833
8.1825,NMPC,-12.7875,-0.1339,6.1057,6.0402,0.2425,-12.7549,0.1065,6.1919,-0.0829
8.1928,NMPC,-12.733,-0.1614,6.1077,6.0666,0.2616,-12.6956,0.0976,6.2209,-0.0602
8.2023,NMPC,-12.6777,-0.1874,6.1096,6.0921,0.2787,-12.6363,0.0882,6.2498,-0.0347
8.2127,NMPC,-12.6217,-0.2118,6.1113,6.1174,0.2941,-12.5771,0.0789,6.2785,-0.0094
8.2226,NMPC,-12.5651,-0.2348,6.1135,6.1418,0.308,-12.5178,0.0695,6.2642,0.015
8.2319,NMPC,-12.5078,-0.2563,6.1161,6.1648,0.3203,-12.4585,0.0602,6.2354,0.038
8.2421,NMPC,-12.45,-0.2763,6.1191,6.187,0.3311,-12.3993,0.0509,6.2064,0.0602
8.2515,NMPC,-12.3917,-0.2948,6.1227,6.2081,0.3403,-12.34,0.0415,6.1774,0.0813
8.2609,NMPC,-12.3329,-0.3119,6.1271,6.2287,0.348,-12.2807,0.0322,6.1482,0.1019
8.2701,NMPC,-12.2736,-0.3276,6.1321,6.2481,0.3543,-12.2215,0.0228,6.1188,0.1213
8.28,NMPC,-12.214,-0.3419,6.1373,6.266,0.3591,-12.1622,0.0135,6.0893,0.1392
8.2896,NMPC,-12.154,-0.3549,6.1416,6.2829,0.3628,-12.1029,0.0043,6.0597,0.1552
8.2986,NMPC,-12.0937,-0.3666,6.1448,6.2986,0.3652,-12.0436,-0.0048,6.0299,0.1697
8.3079,NMPC,-12.0331,-0.3771,6.1467,6.3128,0.3663,-11.9843,-0.014,6.0,0.1827
8.3316,NMPC,-11.9114,-0.3946,6.145,6.3382,0.3731,-11.9248,-0.0166,6.0,0.1834
8.341,NMPC,-11.8504,-0.4017,6.1385,6.3489,0.3813,-11.8949,-0.0139,6.015,0.1671
8.3502,NMPC,-11.7894,-0.4078,6.1298,6.3591,0.3968,-11.8352,-0.0084,6.0448,0.123
8.3594,NMPC,-11.7283,-0.4128,6.1202,6.3685,0.4103,-11.7754,-0.0029,6.0745,0.0782
8.3679,NMPC,-11.6673,-0.4169,6.1124,6.3776,0.4218,-11.7158,0.0033,6.1041,0.0547
8.3771,NMPC,-11.6063,-0.4201,6.1035,6.3861,0.4323,-11.6561,0.0101,6.1335,0.0492
8.3861,NMPC,-11.5454,-0.4224,6.091,6.3946,0.4418,-11.5965,0.0169,6.1628,0.0436
8.3949,NMPC,-11.4846,-0.4238,6.0788,6.4025,0.4501,-11.507,0.0259,6.2064,0.0392
8.4029,NMPC,-11.4846,-0.4238,6.0788,6.4025,0.4501,-11.507,0.0259,6.2064,0.0392
8.4127,NMPC,-11.4238,-0.4245,6.0729,6.4091,0.4556,-11.4472,0.0307,6.2354,0.0458
8.4225,NMPC,-11.3631,-0.4244,6.07,6.4148,0.4604,-11.3874,0.0355,6.2642,0.0515
8.4318,NMPC,-11.3024,-0.4237,6.0696,6.419,0.4646,-11.3276,0.0403,6.2785,0.0557
8.4409,NMPC,-11.2418,-0.4224,6.0601,6.4214,0.4681,-11.2678,0.0451,6.2498,0.0581
8.4508,NMPC,-11.1812,-0.4206,6.0506,6.423,0.4712,-11.208,0.0499,6.2209,0.0597
8.4594,NMPC,-11.1208,-0.4183,6.0428,6.4234,0.4737,-11.1482,0.0547,6.1919,0.0601
8.4687,NMPC,-11.0605,-0.4155,6.0378,6.4232,0.4757,-11.0883,0.0595,6.1628,0.0599
8.4783,NMPC,-11.0002,-0.4123,6.0379,6.422,0.4773,-11.0285,0.0643,6.1335,0.0587
8.4883,NMPC,-10.9399,-0.4087,6.0389,6.4203,0.4786,-10.9687,0.0691,6.1041,0.057
8.4971,NMPC,-10.8796,-0.4047,6.0409,6.4177,0.4792,-10.9089,0.0736,6.0745,0.0561
8.5058,NMPC,-10.8194,-0.4006,6.0437,6.4136,0.4791,-10.849,0.0776,6.0448,0.0565
8.5194,NMPC,-10.7591,-0.3963,6.0459,6.4086,0.4787,-10.7892,0.0815,6.015,0.0562
8.528,NMPC,-10.6988,-0.3918,6.0472,6.4028,0.4672,-10.6398,0.0766,6.0299,0.1014
8.537,NMPC,-10.6385,-0.3872,6.048,6.3964,0.4583,-10.5801,0.0704,6.0597,0.1268
8.5464,NMPC,-10.5782,-0.3825,6.0481,6.3895,0.449,-10.5204,0.0644,6.0893,0.1501
8.5561,NMPC,-10.5179,-0.3779,6.0486,6.3823,0.4417,-10.4904,0.063,6.0745,0.143
8.5652,NMPC,-10.4576,-0.3732,6.0492,6.3748,0.4344,-10.4305,0.0604,6.0448,0.1355
8.5739,NMPC,-10.3972,-0.3686,6.0507,6.3672,0.4271,-10.3705,0.0578,6.015,0.1279
8.5834,NMPC,-10.3972,-0.3686,6.0507,6.3672,0.4271,-10.3705,0.0578,6.015,0.1279
8.5921,NMPC,-10.3369,-0.3641,6.0565,6.3594,0.4058,-10.2237,0.0307,6.0448,0.2009
8.601,NMPC,-10.2764,-0.3596,6.0622,6.352,0.3909,-10.1946,0.0234,6.0597,0.2171
8.6096,NMPC,-10.216,-0.3552,6.0661,6.3456,0.3725,-10.1364,0.0087,6.0893,0.2578
8.619,NMPC,-10.1554,-0.3509,6.0693,6.3397,0.3539,-10.0781,-0.0055,6.1188,0.2656
8.6275,NMPC,-10.0949,-0.3468,6.0717,6.3346,0.3355,-10.0198,-0.0198,6.1482,0.2663
8.6362,NMPC,-10.0343,-0.3427,6.0739,6.3299,0.3172,-9.9615,-0.034,6.1188,0.2673
8.6453,NMPC,-9.9736,-0.3388,6.0787,6.3257,0.2993,-9.9032,-0.0478,6.0893,0.2666
8.6544,NMPC,-9.9129,-0.335,6.0833,6.3218,0.2822,-9.8447,-0.0612,6.0597,0.2627
8.6628,NMPC,-9.9129,-0.335,6.0833,6.3218,0.2822,-9.8447,-0.0612,6.0597,0.2627
8.6713,NMPC,-9.8522,-0.3314,6.0886,6.3184,0.2652,-9.7862,-0.0745,6.0299,0.2593
8.6803,NMPC,-9.7914,-0.328,6.0948,6.3151,0.2488,-9.7276,-0.0874,6.0,0.2539
8.6895,NMPC,-9.7305,-0.3247,6.1027,6.3122,0.2362,-9.6977,-0.0902,6.015,0.2346
8.6983,NMPC,-9.6695,-0.3216,6.1119,6.3094,0.2276,-9.638,-0.096,6.0448,0.1988
8.707,NMPC,-9.6084,-0.3186,6.1216,6.3072,0.2189,-9.5783,-0.1017,6.0745,0.1636
8.7164,NMPC,-9.5472,-0.3157,6.131,6.3062,0.2101,-9.5186,-0.1075,6.1041,0.1345
8.725,NMPC,-9.4859,-0.3128,6.1408,6.3058,0.2017,-9.4588,-0.1129,6.1335,0.1306
8.7471,NMPC,-9.363,-0.3074,6.1611,6.3071,0.1851,-9.3393,-0.1238,6.1041,0.1249
8.7562,NMPC,-9.3014,-0.3047,6.1726,6.3085,0.1764,-9.2796,-0.1296,6.0745,0.1254
8.765,NMPC,-9.2397,-0.3022,6.1845,6.3101,0.1677,-9.2199,-0.1356,6.0448,0.1271
8.7734,NMPC,-9.1778,-0.2996,6.1958,6.3122,0.1589,-9.1602,-0.1416,6.015,0.1291
8.7817,NMPC,-9.1778,-0.2996,6.1958,6.3122,0.1589,-9.1602,-0.1416,6.015,0.1291
8.7908,NMPC,-9.1158,-0.2971,6.2066,6.3142,0.1524,-9.1004,-0.1455,6.015,0.1229
8.7993,NMPC,-9.0538,-0.2945,6.2176,6.3166,0.1488,-9.0404,-0.1463,6.0448,0.1054
8.8077,NMPC,-8.9916,-0.292,6.2306,6.3187,0.1453,-8.9804,-0.1471,6.0745,0.0876
8.8164,NMPC,-8.9293,-0.2896,6.2435,6.3198,0.1418,-8.9204,-0.1479,6.1041,0.069
8.8249,NMPC,-8.8668,-0.2871,6.2564,6.3205,0.1374,-8.8604,-0.1499,6.1335,0.0697
8.8329,NMPC,-8.8042,-0.2848,6.2687,6.3205,0.133,-8.8004,-0.1518,6.1628,0.0697
8.8414,NMPC,-8.8042,-0.2848,6.2687,6.3205,0.133,-8.8004,-0.1518,6.1628,0.0697
8.8503,NMPC,-8.7415,-0.2824,6.2809,6.3202,0.1286,-8.7405,-0.1538,6.1919,0.0694
8.8592,NMPC,-8.6787,-0.2801,6.2931,6.3194,0.1243,-8.6805,-0.1557,6.2209,0.0686
8.8671,NMPC,-8.6157,-0.2779,6.3063,6.3184,0.12,-8.6205,-0.1577,6.2498,0.0676
8.8759,NMPC,-8.5527,-0.2756,6.3193,6.317,0.1157,-8.5606,-0.1596,6.2785,0.0662
8.8847,NMPC,-8.4894,-0.2734,6.3323,6.3155,0.1115,-8.5006,-0.1615,6.3071,0.0648
8.8937,NMPC,-8.4261,-0.2713,6.3446,6.3137,0.1073,-8.4106,-0.1645,6.3498,0.063
8.9014,NMPC,-8.4261,-0.2713,6.3446,6.3137,0.1073,-8.4106,-0.1645,6.3498,0.063
8.9101,NMPC,-8.3626,-0.2692,6.3569,6.312,0.1031,-8.3507,-0.1664,6.3781,0.0612
8.919,NMPC,-8.299,-0.2672,6.3704,6.31,0.0991,-8.2907,-0.1683,6.4062,0.0592
8.9277,NMPC,-8.2353,-0.2652,6.3838,6.308,0.095,-8.2307,-0.1703,6.4343,0.0573
8.9359,NMPC,-8.1714,-0.2633,6.3971,6.3059,0.091,-8.1708,-0.1722,6.4622,0.0551
8.9447,NMPC,-8.1074,-0.2615,6.411,6.3038,0.0871,-8.1108,-0.1742,6.49,0.053
8.9537,NMPC,-8.0432,-0.2597,6.4242,6.3016,0.0833,-8.0508,-0.1761,6.5177,0.0508
8.9624,NMPC,-8.0432,-0.2597,6.4242,6.3016,0.0833,-8.0508,-0.1761,6.5177,0.0508
8.9715,NMPC,-7.9789,-0.258,6.4373,6.2995,0.0795,-7.9909,-0.1781,6.5452,0.0487
8.9811,NMPC,-7.9145,-0.2565,6.4492,6.2972,0.0759,-7.9009,-0.181,6.5863,0.0465
8.9906,NMPC,-7.85,-0.255,6.459,6.2951,0.0723,-7.8409,-0.1829,6.6136,0.0443
8.9994,NMPC,-7.7854,-0.2536,6.4674,6.2928,0.0688,-7.781,-0.1849,6.6408,0.0421
9.0124,NMPC,-7.7207,-0.2522,6.4745,6.2907,0.0654,-7.721,-0.1868,6.6678,0.0399
9.0214,NMPC,-7.6559,-0.2511,6.4812,6.2884,0.0621,-7.661,-0.1888,6.6948,0.0376
9.0308,NMPC,-7.5911,-0.25,6.4866,6.2862,0.0589,-7.6011,-0.1907,6.7216,0.0354
9.0401,NMPC,-7.5262,-0.249,6.4908,6.2838,0.0558,-7.5111,-0.1936,6.7617,0.033
9.0494,NMPC,-7.4613,-0.2481,6.4938,6.2816,0.0528,-7.4511,-0.1956,6.7882,0.0308
9.0585,NMPC,-7.3964,-0.2474,6.4957,6.2792,0.05,-7.3912,-0.1975,6.8147,0.0284
9.067,NMPC,-7.3314,-0.2467,6.4965,6.277,0.0472,-7.3312,-0.1995,6.8411,0.0262
9.0761,NMPC,-7.2664,-0.2462,6.4952,6.2745,0.0446,-7.2712,-0.2014,6.8673,0.0238
9.0855,NMPC,-7.2015,-0.2458,6.491,6.2722,0.0421,-7.2113,-0.2033,6.8935,0.0215
9.0944,NMPC,-7.1366,-0.2456,6.4854,6.2697,0.0398,-7.1213,-0.2063,6.9325,0.0189
9.1029,NMPC,-7.1366,-0.2456,6.4854,6.2697,0.0398,-7.1213,-0.2063,6.9325,0.0189
9.1118,NMPC,-7.0718,-0.2454,6.4785,6.2673,0.0375,-7.0614,-0.2082,6.9455,0.0165
9.121,NMPC,-7.0071,-0.2454,6.468,6.2647,0.0354,-7.0014,-0.2102,6.9195,0.0139
9.1297,NMPC,-6.9425,-0.2455,6.457,6.2625,0.0334,-6.9414,-0.2121,6.8935,0.0117
9.1387,NMPC,-6.8779,-0.2456,6.4455,6.2614,0.0315,-6.8814,-0.214,6.8673,0.0106
9.1481,NMPC,-6.8135,-0.2459,6.4347,6.2608,0.0296,-6.8215,-0.216,6.8411,0.01
9.1581,NMPC,-6.7492,-0.2461,6.426,6.2609,0.0278,-6.7615,-0.2179,6.8147,0.0102
9.1673,NMPC,-6.685,-0.2464,6.4162,6.2614,0.026,-6.6716,-0.2208,6.775,0.0107
9.1771,NMPC,-6.6209,-0.2468,6.4056,6.2625,0.0243,-6.6116,-0.2228,6.7483,0.0118
9.1869,NMPC,-6.5569,-0.2472,6.3942,6.2638,0.0226,-6.5516,-0.2247,6.7216,0.013
9.1965,NMPC,-6.493,-0.2476,6.3812,6.2655,0.0209,-6.4917,-0.2267,6.6948,0.0148
9.2062,NMPC,-6.4293,-0.248,6.3678,6.2673,0.0193,-6.4317,-0.2286,6.6678,0.0166
9.2158,NMPC,-6.3657,-0.2484,6.3543,6.2695,0.0176,-6.3717,-0.2306,6.6408,0.0187
9.2253,NMPC,-6.3022,-0.2488,6.3416,6.2716,0.016,-6.3117,-0.2325,6.6136,0.0209
9.2352,NMPC,-6.2389,-0.2492,6.3285,6.2741,0.0143,-6.2518,-0.2345,6.5863,0.0233
9.2441,NMPC,-6.2389,-0.2492,6.3285,6.2741,0.0143,-6.2518,-0.2345,6.5863,0.0233
9.2538,NMPC,-6.1126,-0.2499,6.2935,6.2792,0.011,-6.1019,-0.2393,6.5177,0.0284
9.2623,NMPC,-6.1126,-0.2499,6.2935,6.2792,0.011,-6.1019,-0.2393,6.5177,0.0284
9.2717,NMPC,-6.0498,-0.2502,6.2754,6.2817,0.0092,-6.0419,-0.2413,6.49,0.031
9.2807,NMPC,-5.9871,-0.2504,6.2579,6.2846,0.0074,-5.9819,-0.2432,6.4622,0.0338
9.2896,NMPC,-5.9246,-0.2506,6.244,6.2872,0.0055,-5.922,-0.2452,6.4343,0.0365
9.2977,NMPC,-5.8622,-0.2507,6.2329,6.2901,0.0036,-5.862,-0.2471,6.4062,0.0394
9.3057,NMPC,-5.7999,-0.2507,6.231,6.2928,0.0016,-5.802,-0.249,6.3781,0.0421
9.3149,NMPC,-5.7376,-0.2506,6.2295,6.2957,0.0005,-5.742,-0.251,6.3498,0.0449
9.3239,NMPC,-5.7376,-0.2506,6.2295,6.2957,0.0005,-5.742,-0.251,6.3498,0.0449
9.3327,NMPC,-5.613,-0.2501,6.2316,6.3011,0.005,-5.6221,-0.2549,6.2929,0.0503
9.3404,NMPC,-5.613,-0.2501,6.2316,6.3011,0.005,-5.6221,-0.2549,6.2929,0.0503
9.3494,NMPC,-5.5507,-0.2498,6.2339,6.3036,0.0074,-5.5621,-0.2568,6.2642,0.0529
9.358,NMPC,-5.4883,-0.2492,6.238,6.3063,0.01,-5.5022,-0.2588,6.2354,0.0555
9.3666,NMPC,-5.4259,-0.2486,6.2428,6.3087,0.0126,-5.4122,-0.2617,6.1919,0.058
9.3746,NMPC,-5.3635,-0.2479,6.2474,6.3113,0.0154,-5.3523,-0.2636,6.1628,0.0605
9.3832,NMPC,-5.3635,-0.2479,6.2474,6.3113,0.0154,-5.3523,-0.2636,6.1628,0.0605
9.3926,NMPC,-5.301,-0.247,6.2537,6.3136,0.0183,-5.2923,-0.2656,6.1335,0.0628
9.4014,NMPC,-5.2384,-0.246,6.2597,6.3161,0.0213,-5.2323,-0.2675,6.1041,0.0653
9.41,NMPC,-5.1758,-0.2449,6.2664,6.3183,0.0244,-5.1723,-0.2695,6.0745,0.0675
9.4192,NMPC,-5.1131,-0.2436,6.2758,6.3207,0.0277,-5.1124,-0.2714,6.0448,0.0699
9.428,NMPC,-5.0503,-0.2423,6.2856,6.3228,0.0311,-5.0524,-0.2733,6.015,0.072
9.437,NMPC,-4.9874,-0.2408,6.295,6.3251,0.0314,-4.9925,-0.2722,6.015,0.0419
9.4455,NMPC,-4.9244,-0.2391,6.3049,6.3271,0.0298,-4.9326,-0.2689,6.0448,0.0439
9.4547,NMPC,-4.8614,-0.2373,6.3153,6.3293,0.0283,-4.8727,-0.2657,6.0745,0.0461
9.463,NMPC,-4.8614,-0.2373,6.3153,6.3293,0.0283,-4.8727,-0.2657,6.0745,0.0461
9.4715,NMPC,-4.7982,-0.2355,6.3262,6.331,0.0253,-4.7828,-0.2608,6.1188,0.0478
9.4804,NMPC,-4.7349,-0.2335,6.3375,6.3317,0.024,-4.7229,-0.2575,6.1482,0.0485
9.4896,NMPC,-4.6715,-0.2315,6.3501,6.3318,0.0227,-4.663,-0.2542,6.1774,0.0486
9.4986,NMPC,-4.6079,-0.2295,6.3641,6.3312,0.0215,-4.6031,-0.251,6.2064,0.048
9.5104,NMPC,-4.5443,-0.2274,6.3784,6.3302,0.0203,-4.5431,-0.2477,6.2354,0.047
9.5197,NMPC,-4.4805,-0.2253,6.392,6.3287,0.0191,-4.4832,-0.2444,6.2642,0.0456
9.5292,NMPC,-4.4165,-0.2231,6.4069,6.3271,0.018,-4.4233,-0.2412,6.2929,0.0439
9.5379,NMPC,-4.3524,-0.221,6.4221,6.3251,0.0169,-4.3634,-0.2379,6.3214,0.0419
9.5474,NMPC,-4.2881,-0.2188,6.4374,6.323,0.0142,-4.2735,-0.233,6.364,0.0398
9.5568,NMPC,-4.2237,-0.2166,6.453,6.3206,0.0131,-4.2136,-0.2297,6.3922,0.0375
9.5661,NMPC,-4.1591,-0.2145,6.4694,6.3183,0.012,-4.1537,-0.2265,6.4203,0.0352
9.5746,NMPC,-4.0944,-0.2123,6.4859,6.3158,0.0109,-4.0938,-0.2232,6.4483,0.0326
9.5834,NMPC,-4.0944,-0.2123,6.4859,6.3158,0.0109,-4.0938,-0.2232,6.4483,0.0326
9.5927,NMPC,-4.0295,-0.2102,6.5025,6.3134,0.0097,-4.0339,-0.2199,6.4761,0.0302
9.6019,NMPC,-3.9644,-0.2082,6.5193,6.3108,0.0085,-3.974,-0.2167,6.5038,0.0277
9.611,NMPC,-3.8991,-0.2062,6.5391,6.3087,0.0056,-3.8841,-0.2118,6.5452,0.0255
9.6207,NMPC,-3.8337,-0.2041,6.5588,6.3076,0.0044,-3.8242,-0.2085,6.5727,0.0244
9.6295,NMPC,-3.768,-0.2021,6.5785,6.307,0.0031,-3.7643,-0.2052,6.6,0.0238
9.6388,NMPC,-3.7022,-0.2,6.5973,6.3071,0.0019,-3.7044,-0.202,6.6272,0.0239
9.648,NMPC,-3.6362,-0.198,6.616,6.3076,0.0007,-3.6445,-0.1987,6.6543,0.0244
9.6578,NMPC,-3.5699,-0.1959,6.6347,6.3086,0.0005,-3.5846,-0.1954,6.6813,0.0254
9.6665,NMPC,-3.5035,-0.1938,6.6551,6.3098,0.0033,-3.4947,-0.1905,6.7216,0.0266
9.6759,NMPC,-3.4369,-0.1917,6.6754,6.3114,0.0045,-3.4348,-0.1873,6.7483,0.0283
9.6858,NMPC,-3.3701,-0.1896,6.6956,6.3131,0.0056,-3.3749,-0.184,6.775,0.0299
9.6961,NMPC,-3.3031,-0.1874,6.7157,6.3151,0.0067,-3.315,-0.1807,6.8015,0.032
9.706,NMPC,-3.2358,-0.1852,6.7366,6.3171,0.0094,-3.2251,-0.1758,6.8411,0.0339
9.7159,NMPC,-3.1684,-0.183,6.7593,6.3194,0.0104,-3.1652,-0.1726,6.8673,0.0362
9.7267,NMPC,-3.1007,-0.1807,6.7823,6.3215,0.0113,-3.1053,-0.1693,6.8935,0.0383
9.7366,NMPC,-3.0328,-0.1783,6.8051,6.3238,0.0122,-3.0454,-0.166,6.9195,0.0406
9.7461,NMPC,-2.9647,-0.1758,6.8276,6.326,0.0147,-2.9555,-0.1611,6.9584,0.0428
9.7564,NMPC,-2.8964,-0.1732,6.8509,6.3283,0.0154,-2.8956,-0.1579,6.9843,0.0452
9.7668,NMPC,-2.8278,-0.1706,6.8748,6.3305,0.016,-2.8357,-0.1546,7.01,0.0473
9.7757,NMPC,-2.759,-0.1679,6.8984,6.3328,0.0182,-2.7458,-0.1497,7.0484,0.0496
9.7854,NMPC,-2.6899,-0.165,6.9218,6.3349,0.0186,-2.6859,-0.1464,7.0739,0.0518
9.7948,NMPC,-2.6206,-0.1621,6.9459,6.3372,0.0189,-2.626,-0.1432,7.0993,0.054
9.8037,NMPC,-2.6206,-0.1621,6.9459,6.3372,0.0189,-2.626,-0.1432,7.0993,0.054
9.8129,NMPC,-2.5511,-0.1591,6.9699,6.3392,0.0192,-2.5661,-0.1399,7.1246,0.056
9.8369,NMPC,-2.3413,-0.1492,7.0337,6.3455,0.0208,-2.3564,-0.1285,7.2125,0.0623
9.847,NMPC,-2.2709,-0.1458,7.0538,6.3471,0.0222,-2.2665,-0.1236,7.2498,0.064
9.8567,NMPC,-2.2004,-0.1423,7.0729,6.3478,0.0219,-2.2066,-0.1203,7.2746,0.0646
9.866,NMPC,-2.1296,-0.1387,7.0912,6.348,0.0233,-2.1167,-0.1154,7.3116,0.0648
9.8758,NMPC,-2.0587,-0.1351,7.1086,6.3474,0.0229,-2.0568,-0.1121,7.3362,0.0642
9.8852,NMPC,-1.9877,-0.1314,7.1259,6.3465,0.0225,-1.9969,-0.1089,7.3607,0.0633
9.8957,NMPC,-1.9164,-0.1277,7.1462,6.345,0.0237,-1.9071,-0.104,7.3973,0.0618
9.9054,NMPC,-1.8449,-0.124,7.169,6.3434,0.0233,-1.8471,-0.1007,7.4216,0.0602
9.9151,NMPC,-1.7732,-0.1203,7.1923,6.3413,0.0228,-1.7872,-0.0974,7.4458,0.0581
9.9244,NMPC,-1.7732,-0.1203,7.1923,6.3413,0.0228,-1.7872,-0.0974,7.4458,0.0581
9.9353,NMPC,-1.6291,-0.1128,7.2384,6.3368,0.0236,-1.6375,-0.0893,7.506,0.0536
9.9453,NMPC,-1.6291,-0.1128,7.2384,6.3368,0.0236,-1.6375,-0.0893,7.506,0.0536
9.9561,NMPC,-1.484,-0.1055,7.2854,6.3319,0.0243,-1.4877,-0.0811,7.5657,0.0487
9.9651,NMPC,-1.4112,-0.1018,7.3083,6.3294,0.0256,-1.3978,-0.0762,7.6013,0.0462
9.9737,NMPC,-1.3381,-0.0982,7.33,6.3268,0.0253,-1.3379,-0.0729,7.625,0.0436
9.9821,NMPC,-1.3381,-0.0982,7.33,6.3268,0.0253,-1.3379,-0.0729,7.625,0.0436
9.9912,NMPC,-1.2647,-0.0947,7.3541,6.3243,0.025,-1.278,-0.0697,7.6485,0.0411
10.0,NMPC,-1.1912,-0.0912,7.3769,6.3217,0.0264,-1.1881,-0.0648,7.6837,0.0385
10.0124,NMPC,-1.0434,-0.0845,7.408,6.3167,0.0279,-1.0383,-0.0566,7.7421,0.0335
10.0214,NMPC,-1.0434,-0.0845,7.408,6.3167,0.0279,-1.0383,-0.0566,7.7421,0.0335
10.0297,NMPC,-0.9693,-0.0813,7.4153,6.3143,0.0279,-0.9784,-0.0533,7.7653,0.0311
10.0387,NMPC,-0.8952,-0.0782,7.4222,6.3117,0.0297,-0.8886,-0.0484,7.8,0.0285
10.0473,NMPC,-0.821,-0.0751,7.4304,6.3092,0.03,-0.8287,-0.0452,7.823,0.026
10.0565,NMPC,-0.7467,-0.0722,7.4399,6.3066,0.032,-0.7388,-0.0403,7.8575,0.0234
10.0651,NMPC,-0.6723,-0.0694,7.4513,6.3042,0.0324,-0.6789,-0.037,7.8804,0.021
10.0743,NMPC,-0.5978,-0.0668,7.462,6.3016,0.0347,-0.589,-0.0321,7.9145,0.0184
10.0832,NMPC,-0.5978,-0.0668,7.462,6.3016,0.0347,-0.589,-0.0321,7.9145,0.0184
10.0924,NMPC,-0.5232,-0.0642,7.4729,6.2992,0.0354,-0.5291,-0.0288,7.9373,0.016
10.101,NMPC,-0.4484,-0.0618,7.4848,6.2967,0.0379,-0.4392,-0.0239,7.9712,0.0136
10.11,NMPC,-0.3735,-0.0595,7.4989,6.2945,0.0388,-0.3793,-0.0207,7.9937,0.0113
10.119,NMPC,-0.2985,-0.0574,7.513,6.2921,0.0416,-0.2895,-0.0158,8.0275,0.0089
10.1282,NMPC,-0.2233,-0.0553,7.5279,6.2902,0.0428,-0.2295,-0.0125,8.0498,0.007
10.1373,NMPC,-0.148,-0.0533,7.5421,6.2893,0.0457,-0.1397,-0.0076,8.0833,0.0062
10.1463,NMPC,-0.0725,-0.0514,7.5563,6.2891,0.0471,-0.0798,-0.0043,8.1056,0.0059
10.1557,NMPC,0.0031,-0.0496,7.5713,6.2896,0.0496,0.0,0.0,7.4626,0.0064
10.1648,NMPC,0.0789,-0.0477,7.5861,6.2905,0.0477,0.09,0.0,7.4987,0.0073
10.1738,NMPC,0.1548,-0.046,7.6024,6.292,0.046,0.15,0.0,7.5227,0.0089
10.182,NMPC,0.1548,-0.046,7.6024,6.292,0.046,0.15,0.0,7.5227,0.0089
10.191,NMPC,0.2309,-0.0442,7.6182,6.2938,0.0442,0.24,0.0,7.5585,0.0106
10.2,NMPC,0.3071,-0.0425,7.6344,6.296,0.0425,0.3,0.0,7.5823,0.0128
10.2081,NMPC,0.3835,-0.0408,7.6501,6.2982,0.0408,0.39,0.0,7.6178,0.015
10.2168,NMPC,0.4601,-0.0391,7.6665,6.3008,0.0391,0.45,0.0,7.6414,0.0176
10.2257,NMPC,0.5368,-0.0373,7.6823,6.3034,0.0373,0.54,0.0,7.6766,0.0202
10.2348,NMPC,0.6137,-0.0355,7.6974,6.3062,0.0355,0.6,0.0,7.7,0.0231
10.2429,NMPC,0.6137,-0.0355,7.6974,6.3062,0.0355,0.6,0.0,7.7,0.0231
10.252,NMPC,0.6907,-0.0337,7.7127,6.309,0.0337,0.69,0.0,7.735,0.0258
10.2611,NMPC,0.7679,-0.0318,7.7276,6.3119,0.0318,0.78,0.0,7.7699,0.0287
10.2703,NMPC,0.8452,-0.0299,7.7436,6.3144,0.0299,0.84,0.0,7.793,0.0312
10.2791,NMPC,0.9227,-0.028,7.7598,6.3159,0.028,0.93,0.0,7.8276,0.0327
10.2894,NMPC,1.0004,-0.0261,7.7755,6.3168,0.0261,0.99,0.0,7.8505,0.0336
10.2985,NMPC,1.0782,-0.0242,7.7904,6.3169,0.0242,1.08,0.0,7.8848,0.0337
10.3072,NMPC,1.1561,-0.0222,7.8055,6.3167,0.0222,1.17,0.0,7.919,0.0335
10.3161,NMPC,1.2342,-0.0203,7.8213,6.3158,0.0203,1.23,0.0,7.9417,0.0326
10.3254,NMPC,1.3125,-0.0183,7.8365,6.3146,0.0183,1.32,0.0,7.9756,0.0314
10.3345,NMPC,1.3909,-0.0164,7.852,6.313,0.0164,1.38,0.0,7.9982,0.0298
10.3425,NMPC,1.3909,-0.0164,7.852,6.313,0.0164,1.38,0.0,7.9982,0.0298
10.3515,NMPC,1.4695,-0.0144,7.8668,6.3113,0.0144,1.47,0.0,8.0319,0.0281
10.3609,NMPC,1.5482,-0.0125,7.8818,6.3091,0.0125,1.56,0.0,8.0654,0.0259
10.3701,NMPC,1.6271,-0.0106,7.8955,6.307,0.0106,1.62,0.0,8.0877,0.0238
10.3786,NMPC,1.7061,-0.0087,7.9076,6.3045,0.0087,1.71,0.0,8.121,0.0213
10.388,NMPC,1.7852,-0.0069,7.9181,6.3021,0.0069,1.8,0.0,8.1542,0.0189
10.3973,NMPC,1.8644,-0.0052,7.9281,6.2995,0.0052,1.86,0.0,8.1762,0.0163
10.4064,NMPC,1.9437,-0.0035,7.9367,6.2969,0.0035,1.95,0.0,8.2092,0.0137
10.433,NMPC,2.1821,0.001,7.9559,6.2886,0.001,2.19,0.0,8.2964,0.0054
10.4412,NMPC,2.1821,0.001,7.9559,6.2886,0.001,2.19,0.0,8.2964,0.0054
10.4496,NMPC,2.2616,0.0024,7.9598,6.2859,0.0024,2.25,0.0,8.3181,0.0027
10.4588,NMPC,2.3412,0.0036,7.9624,6.283,0.0036,2.34,0.0,8.3505,-0.0002
10.4684,NMPC,2.4209,0.0047,7.9649,6.2802,0.0047,2.43,0.0,8.3828,-0.003
10.477,NMPC,2.5005,0.0056,7.9664,6.2773,0.0056,2.49,0.0,8.4042,-0.0059
10.4857,NMPC,2.5801,0.0065,7.9599,6.2745,0.0065,2.58,0.0,8.4363,-0.0087
10.4948,NMPC,2.6597,0.0072,7.9547,6.2715,0.0072,2.67,0.0,8.464,-0.0117
10.5036,NMPC,2.6597,0.0072,7.9547,6.2715,0.0072,2.67,0.0,8.464,-0.0117
10.5159,NMPC,2.8186,0.0081,7.9346,6.2655,0.0081,2.82,0.0,8.4107,-0.0177
10.5261,NMPC,2.8979,0.0084,7.9167,6.2628,0.0084,2.91,0.0,8.3785,-0.0204
10.5353,NMPC,2.977,0.0086,7.9014,6.2611,0.0086,2.97,0.0,8.357,-0.0221
10.5448,NMPC,2.977,0.0086,7.9014,6.2611,0.0086,2.97,0.0,8.357,-0.0221
10.5544,NMPC,3.1348,0.0088,7.8885,6.2598,0.0088,3.12,0.0,8.303,-0.0234
10.5636,NMPC,3.1348,0.0088,7.8885,6.2598,0.0088,3.12,0.0,8.303,-0.0234
10.5731,NMPC,3.2923,0.0086,7.8556,6.2608,0.0086,3.3,0.0,8.2377,-0.0224
10.582,NMPC,3.2923,0.0086,7.8556,6.2608,0.0086,3.3,0.0,8.2377,-0.0224
10.592,NMPC,3.3708,0.0084,7.8369,6.2618,0.0084,3.36,0.0,8.2158,-0.0214
10.6023,NMPC,3.4491,0.0082,7.8217,6.2634,0.0082,3.45,0.0,8.1829,-0.0198
10.6118,NMPC,3.5272,0.0079,7.7991,6.2651,0.0079,3.54,0.0,8.1498,-0.0181
10.6219,NMPC,3.6051,0.0076,7.7808,6.2672,0.0076,3.6,0.0,8.1277,-0.016
10.6315,NMPC,3.6827,0.0073,7.7536,6.2694,0.0073,3.69,0.0,8.0944,-0.0138
10.6412,NMPC,3.7602,0.007,7.7316,6.2719,0.007,3.75,0.0,8.0722,-0.0112
10.6509,NMPC,3.8374,0.0067,7.7096,6.2745,0.0067,3.84,0.0,8.0387,-0.0087
10.661,NMPC,3.9143,0.0064,7.6855,6.2774,0.0064,3.9,0.0,8.0162,-0.0058
10.671,NMPC,3.9911,0.0061,7.6597,6.2802,0.0061,3.99,0.0,7.9825,-0.003
10.6807,NMPC,4.0675,0.0059,7.6346,6.2834,0.0059,4.08,0.0,7.9486,0.0002
10.6909,NMPC,4.1437,0.0057,7.6079,6.2865,0.0057,4.14,0.0,7.9259,0.0033
10.7015,NMPC,4.2197,0.0056,7.5821,6.2899,0.0056,4.23,0.0,7.8918,0.0067
10.7114,NMPC,4.2954,0.0056,7.5548,6.2932,0.0056,4.29,0.0,7.8689,0.01
10.7217,NMPC,4.3708,0.0057,7.5285,6.2967,0.0057,4.38,0.0,7.8345,0.0136
10.7321,NMPC,4.4459,0.0059,7.5007,6.3002,0.0059,4.44,0.0,7.8115,0.017
10.7421,NMPC,4.5208,0.0062,7.4718,6.304,0.0062,4.53,0.0,7.7769,0.0208
10.7519,NMPC,4.5954,0.0066,7.444,6.3073,0.0066,4.59,0.0,7.7537,0.0241
10.7624,NMPC,4.6697,0.007,7.4151,6.3095,0.007,4.68,0.0,7.7188,0.0263
10.772,NMPC,4.7437,0.0075,7.3873,6.3111,0.0075,4.74,0.0,7.6955,0.0279
10.7826,NMPC,4.8174,0.008,7.3582,6.3118,0.008,4.83,0.0,7.6603,0.0286
10.7931,NMPC,4.8909,0.0086,7.3303,6.3122,0.0086,4.89,0.0,7.6368,0.029
10.8025,NMPC,4.964,0.0093,7.3011,6.3119,0.0093,4.95,0.0,7.6131,0.0287
10.812,NMPC,5.0369,0.01,7.2731,6.3113,0.01,5.04,0.0,7.5776,0.0281
10.8216,NMPC,5.1095,0.0108,7.2438,6.3102,0.0108,5.1,0.0,7.5538,0.027
10.8319,NMPC,5.1817,0.0116,7.2155,6.309,0.0116,5.19,0.0,7.518,0.0258
10.8414,NMPC,5.2537,0.0124,7.186,6.3072,0.0124,5.25,0.0,7.494,0.024
10.8517,NMPC,5.3255,0.0132,7.1576,6.3054,0.0132,5.34,0.0,7.4579,0.0223
10.8762,NMPC,5.5389,0.0157,7.0731,6.2985,0.0157,5.55,0.0,7.3729,0.0153
10.8857,NMPC,5.6095,0.0165,7.0436,6.296,0.0165,5.61,0.0,7.3485,0.0128
10.8955,NMPC,5.6798,0.0173,7.0151,6.2931,0.0173,5.67,0.0,7.3239,0.0099
10.9044,NMPC,5.6798,0.0173,7.0151,6.2931,0.0173,5.67,0.0,7.3239,0.0099
10.9139,NMPC,5.8196,0.0186,6.9666,6.2872,0.0186,5.82,0.0,7.2622,0.004
10.9229,NMPC,5.8196,0.0186,6.9666,6.2872,0.0186,5.82,0.0,7.2622,0.004
10.9328,NMPC,5.8891,0.0192,6.9297,6.2842,0.0192,5.88,0.0,7.2374,0.001
10.9412,NMPC,5.9582,0.0197,6.8953,6.2809,0.0197,5.97,0.0,7.2,-0.0023
10.9504,NMPC,6.027,0.0201,6.8627,6.2777,0.0201,6.03,0.0,7.175,-0.0055
10.96,NMPC,6.0955,0.0204,6.8363,6.2742,0.0204,6.09,0.0,7.1498,-0.009
10.9694,NMPC,6.1637,0.0206,6.8032,6.2708,0.0206,6.15,0.0,7.1246,-0.0124
10.9787,NMPC,6.2316,0.0207,6.7764,6.2671,0.0207,6.24,0.0,7.0866,-0.016
10.9882,NMPC,6.2992,0.0207,6.7499,6.2637,0.0207,6.3,0.0,7.0612,-0.0195
10.9986,NMPC,6.3666,0.0205,6.7214,6.2599,0.0205,6.36,0.0,7.0356,-0.0232
11.0113,NMPC,6.4336,0.0202,6.6936,6.2567,0.0202,6.42,0.0,7.01,-0.0265
11.0207,NMPC,6.5004,0.0199,6.6662,6.2546,0.0199,6.51,0.0,6.9714,-0.0285
11.0311,NMPC,6.567,0.0194,6.6393,6.2531,0.0194,6.57,0.0,6.9455,-0.03
11.0401,NMPC,6.6332,0.019,6.6102,6.2525,0.019,6.63,0.0,6.9195,-0.0307
11.0493,NMPC,6.6992,0.0184,6.5819,6.2522,0.0184,6.69,0.0,6.8935,-0.031
11.0585,NMPC,6.7649,0.0178,6.5541,6.2526,0.0178,6.75,0.0,6.8673,-0.0306
11.0678,NMPC,6.8303,0.0171,6.5267,6.2532,0.0171,6.84,0.0,6.8279,-0.03
11.0763,NMPC,6.8954,0.0164,6.4977,6.2547,0.0164,6.9,0.0,6.8015,-0.0285
11.0854,NMPC,6.9602,0.0158,6.4691,6.2577,0.0158,6.96,0.0,6.775,-0.0255
11.0951,NMPC,7.0248,0.0152,6.441,6.2615,0.0152,7.02,0.0,6.7483,-0.0217
11.104,NMPC,7.0248,0.0152,6.441,6.2615,0.0152,7.02,0.0,6.7483,-0.0217
11.1132,NMPC,7.153,0.0142,6.3879,6.2719,0.0142,7.14,0.0,6.6948,-0.0112
11.122,NMPC,7.153,0.0142,6.3879,6.2719,0.0142,7.14,0.0,6.6948,-0.0112
11.1318,NMPC,7.2167,0.0139,6.3548,6.2787,0.0139,7.23,0.0,6.6543,-0.0045
11.1409,NMPC,7.2801,0.0139,6.3242,6.2871,0.0139,7.29,0.0,6.6272,0.004
11.1504,NMPC,7.3432,0.014,6.2945,6.2967,0.014,7.35,0.0,6.6,0.0136
11.1601,NMPC,7.4061,0.0145,6.2705,6.3076,0.0145,7.41,0.0,6.5727,0.0244
11.17,NMPC,7.4686,0.0152,6.2409,6.3191,0.0152,7.47,0.0,6.5452,0.036
11.1792,NMPC,7.5309,0.0163,6.2169,6.332,0.0163,7.53,0.0,6.5177,0.0488
11.1888,NMPC,7.5929,0.0178,6.1918,6.3466,0.0178,7.59,0.0,6.49,0.0634
11.1986,NMPC,7.6547,0.0198,6.1663,6.3624,0.0198,7.65,0.0,6.4622,0.0792
11.2082,NMPC,7.7161,0.0224,6.1404,6.3794,0.0224,7.71,0.0,6.4343,0.0962
11.2176,NMPC,7.7774,0.0255,6.1164,6.3972,0.0255,7.77,0.0,6.4062,0.114
11.2281,NMPC,7.8383,0.0292,6.0983,6.4162,0.0292,7.83,0.0,6.3781,0.133
11.2379,NMPC,7.8991,0.0336,6.0831,6.4366,0.0336,7.89,0.0,6.3498,0.1534
11.2471,NMPC,7.9596,0.0388,6.0657,6.458,0.0388,7.95,0.0,6.3214,0.1748
11.2569,NMPC,8.0199,0.0448,6.0507,6.4807,0.0448,8.01,0.0,6.2929,0.1975
11.2666,NMPC,8.0799,0.0518,6.038,6.5051,0.0518,8.07,0.0,6.2642,0.2219
11.276,NMPC,8.1397,0.0597,6.0296,6.5303,0.0597,8.13,0.0,6.2354,0.2472
11.2854,NMPC,8.1993,0.0687,6.0203,6.5569,0.0687,8.19,0.0,6.2064,0.2737
11.295,NMPC,8.2586,0.0788,6.0141,6.585,0.0788,8.25,0.0,6.1774,0.3018
11.3043,NMPC,8.2586,0.0788,6.0141,6.585,0.0788,8.25,0.0,6.1774,0.3018
11.3136,NMPC,8.3764,0.1026,6.0064,6.6441,0.1026,8.37,0.0,6.1188,0.3609
11.3226,NMPC,8.3764,0.1026,6.0064,6.6441,0.1026,8.37,0.0,6.1188,0.3609
11.3324,NMPC,8.4349,0.1165,6.0069,6.6756,0.1165,8.43,0.0,6.0893,0.3924
11.342,NMPC,8.493,0.1317,6.0078,6.7077,0.1311,8.49,0.0005,6.0597,0.4216
11.3517,NMPC,8.5507,0.1483,6.0081,6.7407,0.1471,8.55,0.0012,6.0299,0.4511
11.3615,NMPC,8.608,0.1664,6.0085,6.774,0.1646,8.61,0.0018,6.0,0.4809
11.3712,NMPC,8.6648,0.1859,6.0105,6.8079,0.1706,8.698,0.0171,6.015,0.46
11.3806,NMPC,8.7212,0.2069,6.0124,6.8417,0.1769,8.7559,0.0329,6.0299,0.4379
11.3904,NMPC,8.7769,0.2295,6.0138,6.8758,0.1762,8.8694,0.0703,6.0,0.3599
11.4005,NMPC,8.832,0.2536,6.0156,6.9098,0.1761,8.9232,0.097,6.0299,0.3376
11.4101,NMPC,8.8864,0.2792,6.0185,6.9442,0.177,8.9769,0.1236,6.015,0.3157
11.42,NMPC,8.9401,0.3065,6.0213,6.9796,0.1718,9.0538,0.1697,6.0039,0.2665
11.4299,NMPC,8.9929,0.3354,6.0247,7.0153,0.165,9.1015,0.2061,6.0338,0.2459
11.4399,NMPC,9.0449,0.3659,6.0291,7.0516,0.1595,9.1491,0.2425,6.015,0.2258
11.4492,NMPC,9.0959,0.3981,6.0343,7.0878,0.1468,9.2151,0.3032,6.015,0.1775
11.4592,NMPC,9.1459,0.4319,6.0404,7.1243,0.1339,9.2549,0.348,6.0448,0.1576
11.469,NMPC,9.1949,0.4673,6.0473,7.1605,0.1223,9.2948,0.3929,6.015,0.1375
11.4785,NMPC,9.2428,0.5043,6.0561,7.1967,0.1088,9.3318,0.4398,6.0,0.1173
11.4876,NMPC,9.2895,0.5429,6.0656,7.232,0.0887,9.3624,0.4914,6.0299,0.0963
11.4975,NMPC,9.3351,0.583,6.0757,7.266,0.0701,9.3929,0.5431,6.015,0.0739
11.5074,NMPC,9.3795,0.6246,6.0873,7.2991,0.0531,9.4234,0.5947,6.0,0.0506
11.5208,NMPC,9.4226,0.6677,6.0995,7.3309,0.0277,9.4447,0.6507,6.015,0.0261
11.5309,NMPC,9.4644,0.7122,6.1121,7.3621,0.0027,9.4648,0.7073,6.0299,0.0009
11.5408,NMPC,9.5049,0.758,6.125,7.392,0.0206,9.4849,0.7638,6.0,-0.0255
11.5503,NMPC,9.5441,0.8052,6.1384,7.4203,0.0474,9.4997,0.8217,6.0,-0.0536
11.5603,NMPC,9.582,0.8536,6.1528,7.4475,0.0723,9.5041,0.8513,6.015,-0.0545
11.5701,NMPC,9.6185,0.9032,6.1675,7.4732,0.103,9.5131,0.9107,6.0448,-0.0852
11.5796,NMPC,9.6537,0.9539,6.1825,7.497,0.1318,9.522,0.97,6.015,-0.1178
11.5884,NMPC,9.6876,1.0057,6.1978,7.5196,0.1568,9.526,0.9997,6.0,-0.1221
11.5981,NMPC,9.7202,1.0585,6.2134,7.5409,0.1901,9.5273,1.0597,6.0299,-0.1382
11.6073,NMPC,9.7514,1.1123,6.2293,7.5615,0.2216,9.5287,1.1197,6.0597,-0.155
11.6166,NMPC,9.7814,1.167,6.2454,7.5809,0.2513,9.53,1.1797,6.0893,-0.173
11.6262,NMPC,9.8101,1.2226,6.2618,7.5988,0.2766,9.5339,1.2395,6.1188,-0.1681
11.6359,NMPC,9.8375,1.2789,6.2784,7.6158,0.299,9.5391,1.2993,6.1482,-0.1511
11.6453,NMPC,9.8637,1.3361,6.2941,7.6318,0.3202,9.5443,1.359,6.1774,-0.1351
11.6543,NMPC,9.8887,1.3939,6.3098,7.6475,0.3401,9.5496,1.4188,6.2064,-0.1195
11.6638,NMPC,9.8887,1.3939,6.3098,7.6475,0.3401,9.5496,1.4188,6.2064,-0.1195
11.6725,NMPC,9.9126,1.4524,6.3262,7.6622,0.3587,9.5548,1.4786,6.2354,-0.1048
11.6816,NMPC,9.9353,1.5115,6.3425,7.6756,0.3762,9.56,1.5384,6.2642,-0.0914
11.6912,NMPC,9.9569,1.5713,6.3587,7.6883,0.3926,9.5652,1.5981,6.2929,-0.0786
11.7037,NMPC,9.9775,1.6315,6.3746,7.7003,0.4078,9.5704,1.6579,6.3214,-0.0667
11.7125,NMPC,9.997,1.6923,6.3911,7.7119,0.422,9.5757,1.7177,6.3498,-0.0551
11.7216,NMPC,10.0155,1.7535,6.4068,7.723,0.4351,9.5809,1.7775,6.3781,-0.0439
11.7312,NMPC,10.033,1.8152,6.4224,7.7341,0.4471,9.5887,1.8671,6.4203,-0.0329
11.7402,NMPC,10.0495,1.8774,6.4377,7.7446,0.4582,9.5939,1.9269,6.4483,-0.0223
11.7495,NMPC,10.0652,1.9399,6.4529,7.7542,0.4683,9.5991,1.9867,6.4761,-0.0128
11.7588,NMPC,10.08,2.0028,6.4679,7.7633,0.4776,9.6044,2.0464,6.5038,-0.0037
11.7683,NMPC,10.0939,2.066,6.4831,7.7718,0.486,9.6096,2.1062,6.5315,0.0048
11.7769,NMPC,10.107,2.1296,6.4981,7.78,0.4935,9.6148,2.166,6.559,0.0131
11.786,NMPC,10.1193,2.1935,6.5136,7.7879,0.5002,9.62,2.2257,6.5863,0.0209
11.7953,NMPC,10.1309,2.2577,6.5289,7.7957,0.5061,9.6278,2.3154,6.6272,0.0288
11.8042,NMPC,10.1309,2.2577,6.5289,7.7957,0.5061,9.6278,2.3154,6.6272,0.0288
11.8127,NMPC,10.1517,2.3869,6.5603,7.811,0.5156,9.6383,2.435,6.6813,0.0441
11.8212,NMPC,10.1517,2.3869,6.5603,7.811,0.5156,9.6383,2.435,6.6813,0.0441
11.8307,NMPC,10.161,2.4519,6.5756,7.8183,0.5193,9.6435,2.4947,6.7082,0.0513
11.8397,NMPC,10.1697,2.5172,6.5893,7.8246,0.5223,9.6487,2.5545,6.735,0.0577
11.8489,NMPC,10.1778,2.5826,6.6019,7.8306,0.5246,9.6539,2.6143,6.7617,0.0637
11.8582,NMPC,10.1853,2.6483,6.6138,7.8361,0.5264,9.6618,2.7039,6.8015,0.0691
11.8679,NMPC,10.1922,2.7141,6.6232,7.8414,0.5276,9.667,2.7637,6.8279,0.0745
11.8765,NMPC,10.1985,2.7801,6.6322,7.8465,0.5281,9.6722,2.8235,6.8542,0.0795
11.8857,NMPC,10.2043,2.8462,6.6398,7.8517,0.5281,9.6774,2.8832,6.8804,0.0847
11.8948,NMPC,10.2096,2.9124,6.646,7.8568,0.5276,9.6852,2.9729,6.9195,0.0898
11.9038,NMPC,10.2096,2.9124,6.646,7.8568,0.5276,9.6852,2.9729,6.9195,0.0898
11.9123,NMPC,10.2185,3.0451,6.6547,7.8673,0.5249,9.6957,3.0925,6.9714,0.1003
11.9212,NMPC,10.2185,3.0451,6.6547,7.8673,0.5249,9.6957,3.0925,6.9714,0.1003
11.9308,NMPC,10.2222,3.1115,6.6562,7.8729,0.5228,9.7009,3.1522,6.9971,0.1059
11.9401,NMPC,10.2254,3.178,6.6566,7.8785,0.5203,9.7061,3.212,7.0228,0.1115
11.9493,NMPC,10.2281,3.2445,6.654,7.8845,0.5172,9.7139,3.3017,7.0612,0.1175
11.9585,NMPC,10.2303,3.311,6.6519,7.8905,0.5136,9.7192,3.3614,7.0866,0.1236
11.9686,NMPC,10.2321,3.3775,6.6415,7.8971,0.5096,9.7244,3.4212,7.112,0.1301
11.9775,NMPC,10.2334,3.4438,6.6331,7.9034,0.5051,9.7296,3.481,7.0993,0.1365
11.9868,NMPC,10.2344,3.5101,6.6219,7.909,0.5003,9.7348,3.5407,7.0739,0.142
12.0147,NMPC,10.2349,3.7081,6.5809,7.9236,0.4836,9.7531,3.75,6.9843,0.1567
12.0235,NMPC,10.2349,3.7081,6.5809,7.9236,0.4836,9.7531,3.75,6.9843,0.1567
12.0329,NMPC,10.2343,3.7739,6.5678,7.9278,0.4773,9.7583,3.8097,6.9584,0.1609
12.0426,NMPC,10.2333,3.8395,6.5547,7.932,0.4706,9.7635,3.8695,6.9325,0.165
12.0517,NMPC,10.232,3.905,6.5442,7.9357,0.4636,9.7713,3.9592,6.8935,0.1688
12.0628,NMPC,10.2303,3.9703,6.5319,7.9395,0.4563,9.7766,4.0189,6.8673,0.1725
12.0729,NMPC,10.2284,4.0355,6.5134,7.9429,0.4486,9.7818,4.0787,6.8411,0.176
12.0818,NMPC,10.226,4.1005,6.4985,7.9465,0.4407,9.787,4.1385,6.8147,0.1796
12.0914,NMPC,10.2234,4.1654,6.4836,7.9499,0.4324,9.7922,4.1982,6.7882,0.1829
12.1015,NMPC,10.2204,4.2301,6.4687,7.9533,0.4238,9.7974,4.258,6.7617,0.1864
12.1108,NMPC,10.2172,4.2946,6.4549,7.9566,0.415,9.8027,4.3178,6.735,0.1896
12.1202,NMPC,10.2136,4.359,6.441,7.9599,0.4058,9.8105,4.4075,6.6948,0.1929
12.1295,NMPC,10.2098,4.4232,6.424,7.963,0.3964,9.8157,4.4672,6.6678,0.1961
12.1398,NMPC,10.2057,4.4872,6.4075,7.9663,0.3868,9.8209,4.527,6.6408,0.1994
12.1485,NMPC,10.2013,4.5511,6.3893,7.9695,0.3769,9.8261,4.5868,6.6136,0.2025
12.1579,NMPC,10.1967,4.6147,6.3699,7.9728,0.3667,9.8314,4.6465,6.5863,0.2059
12.1674,NMPC,10.1918,4.6781,6.3495,7.976,0.3563,9.8366,4.7063,6.559,0.209
12.1772,NMPC,10.1866,4.7413,6.3281,7.9794,0.3457,9.8418,4.7661,6.5315,0.2125
12.1858,NMPC,10.1812,4.8042,6.3061,7.9827,0.3348,9.847,4.8259,6.5038,0.2157
12.1955,NMPC,10.1756,4.8669,6.2834,7.9862,0.3238,9.8522,4.8856,6.4761,0.2193
12.2052,NMPC,10.1756,4.8669,6.2834,7.9862,0.3238,9.8522,4.8856,6.4761,0.2193
12.2144,NMPC,10.1637,4.9916,6.2364,7.9932,0.301,9.8627,5.0052,6.4203,0.2262
12.2226,NMPC,10.1637,4.9916,6.2364,7.9932,0.301,9.8627,5.0052,6.4203,0.2262
12.232,NMPC,10.1574,5.0535,6.2207,7.9965,0.2894,9.8679,5.0649,6.3922,0.2296
12.2415,NMPC,10.1508,5.1153,6.2096,8.0,0.2775,9.8731,5.1247,6.364,0.233
12.2502,NMPC,10.1441,5.177,6.199,8.0031,0.2654,9.8809,5.2144,6.3214,0.2362
12.2591,NMPC,10.137,5.2386,6.1904,8.0063,0.253,9.8862,5.2742,6.2929,0.2394
12.2689,NMPC,10.1298,5.3,6.1867,8.0092,0.2418,9.8876,5.3041,6.2785,0.2368
12.2787,NMPC,10.1224,5.3614,6.1837,8.0121,0.233,9.889,5.3641,6.2498,0.2227
12.2878,NMPC,10.1147,5.4228,6.1813,8.0147,0.224,9.8905,5.4241,6.2209,0.2082
12.2986,NMPC,10.1068,5.4841,6.1817,8.0173,0.2148,9.8919,5.4841,6.1919,0.1938
12.3082,NMPC,10.0987,5.5454,6.1837,8.0197,0.205,9.8936,5.544,6.1628,0.1946
12.3175,NMPC,10.0903,5.6066,6.1862,8.0221,0.1949,9.8953,5.604,6.1335,0.1969
12.3267,NMPC,10.0818,5.6679,6.1883,8.0242,0.1846,9.897,5.664,6.1041,0.1989
12.338,NMPC,10.0731,5.7292,6.1913,8.0264,0.1753,9.8976,5.724,6.0745,0.1956
12.3474,NMPC,10.0641,5.7905,6.1948,8.0284,0.1669,9.8972,5.784,6.0448,0.1862
12.3565,NMPC,10.055,5.8518,6.1986,8.0305,0.1583,9.8967,5.844,6.015,0.1771
12.3662,NMPC,10.0457,5.9131,6.2016,8.0325,0.1504,9.8954,5.9039,6.0,0.1663
12.3752,NMPC,10.0362,5.9744,6.2036,8.0345,0.1507,9.8859,5.9631,6.0299,0.1406
12.3833,NMPC,10.0362,5.9744,6.2036,8.0345,0.1507,9.8859,5.9631,6.0299,0.1406
12.3928,NMPC,10.0265,6.0357,6.2044,8.0364,0.1508,9.8763,6.0224,6.0597,0.1147
12.4049,NMPC,10.0167,6.0969,6.204,8.0389,0.1508,9.8667,6.0816,6.0893,0.0893
12.4139,NMPC,9.9962,6.2191,6.1869,8.0465,0.1443,9.853,6.2008,6.1482,0.0879
12.4228,NMPC,9.9962,6.2191,6.1869,8.0465,0.1443,9.853,6.2008,6.1482,0.0879
12.4324,NMPC,9.9856,6.28,6.1759,8.0516,0.1401,9.8468,6.2605,6.1774,0.0929
12.4431,NMPC,9.9748,6.3408,6.167,8.0571,0.1358,9.8405,6.3201,6.2064,0.0984
12.4522,NMPC,9.9638,6.4014,6.1559,8.0632,0.1311,9.8342,6.3798,6.2354,0.1045
12.4619,NMPC,9.9525,6.4619,6.1422,8.0696,0.1262,9.828,6.4395,6.2642,0.1109
12.4719,NMPC,9.941,6.5221,6.1243,8.0769,0.121,9.8217,6.4991,6.2929,0.1183
12.4815,NMPC,9.929,6.5821,6.1098,8.0857,0.1154,9.8154,6.5588,6.3214,0.127
12.4903,NMPC,9.9168,6.6419,6.093,8.0953,0.1095,9.8091,6.6185,6.3498,0.1366
12.4999,NMPC,9.9042,6.7014,6.0766,8.1063,0.1032,9.8029,6.6782,6.3781,0.1476
12.5131,NMPC,9.891,6.7607,6.0669,8.119,0.0963,9.7966,6.7378,6.3781,0.1603
12.5222,NMPC,9.8774,6.8197,6.057,8.1327,0.089,9.7903,6.7975,6.3498,0.174
12.5316,NMPC,9.8633,6.8786,6.0462,8.1479,0.081,9.7841,6.8572,6.3214,0.1892
12.5416,NMPC,9.8485,6.9372,6.0382,8.1649,0.0725,9.7778,6.9168,6.2929,0.2062
12.551,NMPC,9.8331,6.9955,6.0361,8.1829,0.0632,9.7715,6.9765,6.2642,0.2243
12.5607,NMPC,9.817,7.0537,6.0324,8.2023,0.0533,9.7652,7.0362,6.2354,0.2437
12.5701,NMPC,9.8,7.1115,6.0256,8.2236,0.0424,9.759,7.0959,6.2064,0.265
12.58,NMPC,9.7822,7.1691,6.0212,8.2461,0.0308,9.7527,7.1555,6.1774,0.2874
12.5894,NMPC,9.7636,7.2263,6.0188,8.2697,0.0183,9.7464,7.2152,6.1482,0.3111
12.5994,NMPC,9.7441,7.2832,6.0132,8.294,0.0048,9.7402,7.2749,6.1188,0.3354
12.6227,NMPC,9.7021,7.3959,6.009,8.3465,0.0252,9.7276,7.3942,6.0597,0.3879
12.633,NMPC,9.6795,7.4515,6.0091,8.3741,0.0419,9.7213,7.4539,6.0299,0.4155
12.6426,NMPC,9.6558,7.5067,6.0092,8.4026,0.0597,9.7151,7.5136,6.0,0.444
12.6524,NMPC,9.6309,7.5615,6.0105,8.4314,0.0726,9.7027,7.5722,6.015,0.4465
12.6619,NMPC,9.6049,7.6156,6.0118,8.461,0.0849,9.6884,7.6304,6.0299,0.4413
12.6721,NMPC,9.5775,7.6692,6.0133,8.4919,0.0985,9.6741,7.6887,6.0,0.4373
12.6818,NMPC,9.5489,7.7221,6.0153,8.5234,0.1021,9.6411,7.7718,6.015,0.3981
12.691,NMPC,9.519,7.7743,6.0184,8.5557,0.1057,9.6134,7.825,6.0299,0.374
12.7011,NMPC,9.4877,7.8257,6.0209,8.5882,0.1104,9.5856,7.8782,6.0,0.3502
12.7108,NMPC,9.4552,7.8764,6.0232,8.6212,0.1053,9.5349,7.952,6.015,0.2987
12.7205,NMPC,9.4213,7.9262,6.0267,8.6543,0.1025,9.4975,7.999,6.0299,0.2754
12.73,NMPC,9.386,7.9751,6.0312,8.6876,0.1008,9.4601,8.0459,6.0,0.2523
12.7402,NMPC,9.3494,8.023,6.0378,8.7206,0.0944,9.4183,8.0885,6.0,0.229
12.7497,NMPC,9.3113,8.07,6.0451,8.7535,0.0838,9.3726,8.1274,6.0299,0.2055
12.7592,NMPC,9.272,8.1159,6.0519,8.786,0.0746,9.327,8.1663,6.015,0.1817
12.7692,NMPC,9.2313,8.1607,6.0581,8.8185,0.0585,9.2543,8.2188,6.015,0.1296
12.7788,NMPC,9.1893,8.2044,6.0635,8.8504,0.0421,9.2021,8.2483,6.0448,0.1052
12.7885,NMPC,9.1461,8.247,6.068,8.8813,0.0272,9.1498,8.2778,6.015,0.0797
12.7984,NMPC,9.1016,8.2883,6.0722,8.9117,0.0113,9.0966,8.305,6.0,0.0537
12.8083,NMPC,9.056,8.3285,6.0769,8.9413,0.0119,9.0396,8.3239,6.0299,0.0271
12.8179,NMPC,9.0093,8.3673,6.0824,8.9706,0.0291,9.0112,8.3334,6.0448,0.0282
12.8273,NMPC,8.9613,8.4048,6.0898,8.9992,0.0507,8.9542,8.3524,6.015,0.0004
12.8371,NMPC,8.9123,8.441,6.0979,9.0274,0.0735,8.8966,8.3683,6.0,-0.0258
12.8461,NMPC,8.8623,8.4759,6.1066,9.0545,0.1015,8.8372,8.3772,6.0299,-0.0484
12.8554,NMPC,8.8112,8.5095,6.116,9.0801,0.1277,8.7779,8.3862,6.0597,-0.0725
12.8642,NMPC,8.8112,8.5095,6.116,9.0801,0.1277,8.7779,8.3862,6.0597,-0.0725
12.8739,NMPC,8.7062,8.5727,6.1375,9.128,0.1712,8.6599,8.4076,6.1188,-0.08
12.8822,NMPC,8.7062,8.5727,6.1375,9.128,0.1712,8.6599,8.4076,6.1188,-0.08
12.8915,NMPC,8.6524,8.6023,6.149,9.1493,0.1886,8.6013,8.4205,6.1335,-0.0587
12.9011,NMPC,8.5978,8.6307,6.1609,9.1694,0.2045,8.5427,8.4334,6.1041,-0.0385
12.9105,NMPC,8.5424,8.6578,6.1733,9.1883,0.2191,8.5134,8.4399,6.0893,-0.0197
12.9194,NMPC,8.4863,8.6837,6.1851,9.2064,0.2346,8.4544,8.4507,6.0597,-0.0126
12.9287,NMPC,8.4295,8.7083,6.1984,9.2233,0.2488,8.3954,8.4614,6.0299,-0.007
12.9383,NMPC,8.3721,8.7317,6.211,9.2386,0.2617,8.3364,8.4722,6.0,-0.003
12.9473,NMPC,8.314,8.754,6.2241,9.253,0.2741,8.3068,8.4769,6.0,0.0042
12.9567,NMPC,8.2554,8.7752,6.2385,9.2663,0.2971,8.2468,8.4764,6.015,-0.0185
12.9661,NMPC,8.1963,8.7953,6.2523,9.2791,0.3186,8.1868,8.4759,6.0448,-0.0418
12.976,NMPC,8.1366,8.8142,6.2665,9.2911,0.3387,8.1268,8.4754,6.0745,-0.0657
12.9847,NMPC,8.0765,8.8321,6.281,9.3029,0.3547,8.0668,8.4774,6.1041,-0.0665
12.9941,NMPC,8.0159,8.849,6.2958,9.3143,0.3682,8.0069,8.4807,6.1335,-0.0552
13.0035,NMPC,8.0159,8.849,6.2958,9.3143,0.3682,8.0069,8.4807,6.1335,-0.0552
13.0166,NMPC,7.8935,8.8798,6.3275,9.3362,0.3922,7.8572,8.489,6.2064,-0.0333
13.026,NMPC,7.8317,8.8938,6.3437,9.3458,0.4028,7.7973,8.4923,6.2354,-0.0237
13.0357,NMPC,7.7696,8.907,6.3602,9.3548,0.4125,7.7374,8.4956,6.2642,-0.0146
13.0584,NMPC,7.6443,8.9308,6.3926,9.3713,0.4293,7.6175,8.5023,6.3214,0.0018
13.0686,NMPC,7.5812,8.9415,6.4116,9.3789,0.4365,7.5576,8.5056,6.3498,0.0094
13.0787,NMPC,7.5177,8.9514,6.4306,9.3864,0.4429,7.4977,8.5089,6.3781,0.0169
13.0885,NMPC,7.454,8.9606,6.4487,9.3936,0.4486,7.4378,8.5122,6.4062,0.0241
13.0981,NMPC,7.39,8.9691,6.4659,9.4008,0.4535,7.3779,8.5156,6.4343,0.0314
13.1085,NMPC,7.3257,8.9768,6.4833,9.408,0.4577,7.288,8.5205,6.4761,0.0385
13.1181,NMPC,7.2612,8.9839,6.502,9.4153,0.4612,7.2281,8.5239,6.5038,0.0458
13.1282,NMPC,7.1964,8.9903,6.5204,9.4221,0.464,7.1682,8.5272,6.5315,0.0527
13.1384,NMPC,7.1313,8.9962,6.5384,9.4282,0.4663,7.1083,8.5305,6.559,0.0587
13.1485,NMPC,7.0661,9.0015,6.556,9.4338,0.4679,7.0484,8.5338,6.5863,0.0643
13.1573,NMPC,7.0006,9.0062,6.5741,9.4388,0.469,6.9885,8.5371,6.6136,0.0694
13.1674,NMPC,6.9349,9.0104,6.5926,9.4437,0.4695,6.8986,8.5421,6.6543,0.0742
13.1774,NMPC,6.869,9.014,6.6107,9.4481,0.4696,6.8387,8.5454,6.6813,0.0787
13.1872,NMPC,6.8029,9.0172,6.6285,9.4526,0.469,6.7788,8.5487,6.7082,0.0831
13.1968,NMPC,6.7365,9.0199,6.6462,9.4568,0.468,6.7189,8.5521,6.735,0.0873
13.2069,NMPC,6.67,9.022,6.6636,9.4611,0.4666,6.659,8.5554,6.7617,0.0916
13.217,NMPC,6.6033,9.0238,6.6806,9.4652,0.4646,6.5691,8.5604,6.8015,0.0958
13.226,NMPC,6.5364,9.0251,6.698,9.4696,0.4622,6.5092,8.5637,6.8279,0.1001
13.2358,NMPC,6.4694,9.0259,6.7158,9.4735,0.4594,6.4493,8.567,6.8542,0.104
13.2457,NMPC,6.4021,9.0265,6.7336,9.4765,0.4562,6.3894,8.5703,6.8804,0.107
13.256,NMPC,6.3347,9.0267,6.751,9.479,0.4526,6.2996,8.5753,6.9195,0.1096
13.2659,NMPC,6.2671,9.0266,6.7691,9.481,0.4488,6.2396,8.5786,6.9455,0.1115
13.2765,NMPC,6.1993,9.0261,6.7868,9.4826,0.4446,6.1797,8.5819,6.9714,0.1132
13.2857,NMPC,6.1314,9.0254,6.8041,9.4839,0.4401,6.1198,8.5853,6.9971,0.1144
13.2957,NMPC,6.0633,9.0243,6.8198,9.4851,0.4353,6.03,8.5902,7.0356,0.1156
13.3062,NMPC,5.995,9.023,6.834,9.486,0.4302,5.9701,8.5935,7.0612,0.1165
13.3167,NMPC,5.9266,9.0215,6.8465,9.487,0.4249,5.9102,8.5969,7.0866,0.1176
13.3265,NMPC,5.8581,9.0197,6.8575,9.4879,0.4193,5.8203,8.6018,7.1246,0.1184
13.3369,NMPC,5.7895,9.0177,6.867,9.489,0.4135,5.7604,8.6052,7.1498,0.1195
13.3473,NMPC,5.7209,9.0154,6.8752,9.4899,0.4074,5.7005,8.6085,7.175,0.1205
13.3575,NMPC,5.6521,9.013,6.8828,9.4911,0.4012,5.6406,8.6118,7.2,0.1217
13.3672,NMPC,5.5833,9.0103,6.8895,9.4922,0.3948,5.5507,8.6168,7.2374,0.1228
13.3779,NMPC,5.5144,9.0075,6.8956,9.4936,0.3881,5.4908,8.6201,7.2622,0.1242
13.3872,NMPC,5.4455,9.0045,6.9014,9.4949,0.3813,5.4309,8.6234,7.287,0.1255
13.3972,NMPC,5.3766,9.0013,6.9064,9.4965,0.3743,5.341,8.6284,7.3239,0.127
13.4074,NMPC,5.3076,8.998,6.9105,9.498,0.3671,5.2811,8.6317,7.3485,0.1285
13.4172,NMPC,5.2385,8.9944,6.9138,9.4997,0.3598,5.2212,8.635,7.3729,0.1303
13.4268,NMPC,5.1695,8.9908,6.9166,9.5014,0.3523,5.1613,8.6384,7.3973,0.1319
13.4368,NMPC,5.1004,8.9869,6.9186,9.5033,0.3447,5.0714,8.6433,7.3947,0.1339
13.4473,NMPC,5.0313,8.9829,6.9202,9.5051,0.3368,5.0115,8.6466,7.3703,0.1357
13.4566,NMPC,4.9622,8.9788,6.9214,9.5072,0.3289,4.9516,8.65,7.3458,0.1377
13.4661,NMPC,4.8932,8.9745,6.9182,9.5092,0.3208,4.8618,8.6549,7.309,0.1397
13.4763,NMPC,4.8242,8.97,6.9112,9.5114,0.3125,4.8019,8.6583,7.2843,0.142
13.4859,NMPC,4.7553,8.9654,6.9015,9.5133,0.3041,4.7419,8.6616,7.2596,0.1438
13.4945,NMPC,4.6864,8.9608,6.8936,9.5142,0.2957,4.682,8.6649,7.2347,0.1447
13.504,NMPC,4.6864,8.9608,6.8936,9.5142,0.2957,4.682,8.6649,7.2347,0.1447
13.5176,NMPC,4.5492,8.9514,6.8617,9.5142,0.2787,4.5323,8.6732,7.1723,0.1448
13.5263,NMPC,4.4808,8.9466,6.8437,9.5136,0.2701,4.4724,8.6765,7.1471,0.1441
13.536,NMPC,4.4127,8.9417,6.8243,9.5124,0.2615,4.4124,8.6798,7.1219,0.143
13.5457,NMPC,4.3447,8.9369,6.8038,9.5111,0.2529,4.3226,8.6848,7.0839,0.1416
13.5554,NMPC,4.2769,8.932,6.7871,9.5093,0.2443,4.2627,8.6881,7.0584,0.1398
13.564,NMPC,4.2769,8.932,6.7871,9.5093,0.2443,4.2627,8.6881,7.0584,0.1398
13.5741,NMPC,4.1418,8.9222,6.7664,9.5052,0.2271,4.1429,8.6948,7.0072,0.1358
13.5828,NMPC,4.1418,8.9222,6.7664,9.5052,0.2271,4.1429,8.6948,7.0072,0.1358
13.5927,NMPC,4.0743,8.9173,6.76,9.503,0.2184,4.053,8.6997,6.9686,0.1335
13.6024,NMPC,4.0069,8.9125,6.7591,9.5005,0.2098,3.9931,8.7031,6.9427,0.131
13.6144,NMPC,3.8721,8.9028,6.7592,9.4952,0.1927,3.8733,8.7097,6.8907,0.1258
13.6244,NMPC,3.8721,8.9028,6.7592,9.4952,0.1927,3.8733,8.7097,6.8907,0.1258
13.6338,NMPC,3.7372,8.8933,6.7606,9.4898,0.1758,3.7235,8.718,6.8251,0.1203
13.6434,NMPC,3.7372,8.8933,6.7606,9.4898,0.1758,3.7235,8.718,6.8251,0.1203
13.6535,NMPC,3.6023,8.8841,6.7644,9.4843,0.1591,3.6037,8.7246,6.7721,0.1148
13.6621,NMPC,3.6023,8.8841,6.7644,9.4843,0.1591,3.6037,8.7246,6.7721,0.1148
13.672,NMPC,3.5348,8.8796,6.7664,9.4819,0.1509,3.5138,8.7296,6.7321,0.1125
13.6816,NMPC,3.4672,8.875,6.7683,9.4806,0.1426,3.4539,8.7329,6.7053,0.1111
13.6912,NMPC,3.3997,8.8705,6.7672,9.4799,0.1344,3.394,8.7363,6.6784,0.1104
13.7001,NMPC,3.3322,8.866,6.7663,9.4799,0.1262,3.3341,8.7396,6.6514,0.1104
13.7097,NMPC,3.2647,8.8616,6.7568,9.4803,0.1197,3.2742,8.7413,6.6514,0.103
13.7186,NMPC,3.1973,8.8571,6.7492,9.4813,0.1172,3.1842,8.7401,6.6919,0.0746
13.7279,NMPC,3.1301,8.8527,6.7389,9.4825,0.1133,3.1242,8.7394,6.7187,0.0562
13.7369,NMPC,3.0629,8.8482,6.7262,9.4841,0.1106,3.0642,8.7376,6.7455,0.0451
13.746,NMPC,2.9958,8.8438,6.7114,9.4859,0.1091,3.0043,8.7349,6.7721,0.0411
13.7542,NMPC,2.9289,8.8394,6.695,9.488,0.1076,2.9443,8.7321,6.7986,0.0374
13.763,NMPC,2.9289,8.8394,6.695,9.488,0.1076,2.9443,8.7321,6.7986,0.0374
13.7723,NMPC,2.8622,8.8349,6.677,9.4902,0.1062,2.8544,8.7285,6.8382,0.0342
13.782,NMPC,2.7957,8.8305,6.6578,9.4927,0.1038,2.7944,8.7266,6.8645,0.0367
13.7909,NMPC,2.7294,8.826,6.6347,9.4951,0.1013,2.7345,8.7247,6.8907,0.0392
13.8002,NMPC,2.6633,8.8214,6.6131,9.4979,0.0988,2.6745,8.7229,6.9168,0.0419
13.8099,NMPC,2.5974,8.8168,6.5928,9.5002,0.0963,2.6145,8.721,6.9427,0.0442
13.8195,NMPC,2.5318,8.8123,6.5763,9.5015,0.0939,2.5246,8.7182,6.9584,0.0455
13.828,NMPC,2.4662,8.8078,6.5611,9.5022,0.0914,2.4646,8.7163,6.9325,0.0463
13.8375,NMPC,2.4009,8.8033,6.5432,9.5022,0.0889,2.4046,8.7145,6.9065,0.0463
13.8472,NMPC,2.3357,8.7988,6.5257,9.5018,0.0864,2.3447,8.7126,6.8804,0.0459
13.8562,NMPC,2.2707,8.7943,6.5085,9.5009,0.084,2.2847,8.7107,6.8542,0.0449
13.8657,NMPC,2.2058,8.7899,6.4905,9.4997,0.0815,2.1947,8.7079,6.8147,0.0438
13.8755,NMPC,2.1411,8.7854,6.4741,9.4981,0.0791,2.1348,8.7061,6.7882,0.0422
13.8848,NMPC,2.1411,8.7854,6.4741,9.4981,0.0791,2.1348,8.7061,6.7882,0.0422
13.8936,NMPC,2.0123,8.7766,6.439,9.4943,0.0743,2.0148,8.7023,6.735,0.0384
13.9025,NMPC,2.0123,8.7766,6.439,9.4943,0.0743,2.0148,8.7023,6.735,0.0384
13.9123,NMPC,1.9482,8.7723,6.418,9.4922,0.072,1.9548,8.7005,6.7082,0.0363
13.922,NMPC,1.8842,8.768,6.3991,9.4897,0.0697,1.8949,8.6986,6.6813,0.0338
13.9313,NMPC,1.8205,8.7638,6.3809,9.4874,0.0675,1.8349,8.6967,6.6543,0.0314
13.9411,NMPC,1.7569,8.7597,6.3661,9.4847,0.0653,1.7449,8.694,6.6136,0.0288
13.951,NMPC,1.6934,8.7556,6.3472,9.4821,0.0632,1.685,8.6921,6.5863,0.0262
13.9605,NMPC,1.6301,8.7517,6.3318,9.4793,0.0612,1.625,8.6902,6.559,0.0234
13.97,NMPC,1.567,8.7478,6.3163,9.4766,0.0593,1.565,8.6884,6.5315,0.0207
13.98,NMPC,1.5041,8.744,6.3008,9.4737,0.0575,1.5051,8.6865,6.5038,0.0177
13.9897,NMPC,1.4412,8.7403,6.2852,9.4709,0.0558,1.4451,8.6846,6.4761,0.015
13.999,NMPC,1.3786,8.7367,6.268,9.4679,0.0542,1.3851,8.6828,6.4483,0.012
14.0126,NMPC,1.3161,8.7333,6.2543,9.4651,0.0526,1.3251,8.6809,6.4203,0.0091
14.0218,NMPC,1.2536,8.73,6.2468,9.4621,0.0513,1.2652,8.679,6.3922,0.0061
14.0323,NMPC,1.1913,8.7267,6.2444,9.4593,0.05,1.2052,8.6772,6.364,0.0034
14.0429,NMPC,1.1289,8.7237,6.2448,9.4565,0.0489,1.1452,8.6753,6.3356,0.0005
14.0525,NMPC,1.0665,8.7207,6.2451,9.4538,0.0478,1.0553,8.6725,6.2929,-0.0021
14.0615,NMPC,1.0041,8.7179,6.2462,9.4511,0.047,0.9953,8.6706,6.2642,-0.0048
14.0712,NMPC,0.9417,8.7152,6.2482,9.4486,0.0462,0.9353,8.6688,6.2354,-0.0073
14.0816,NMPC,0.8793,8.7127,6.251,9.446,0.0456,0.8754,8.6669,6.2064,-0.0099
14.0909,NMPC,0.8168,8.7103,6.2546,9.4437,0.0452,0.8154,8.665,6.1774,-0.0123
14.1005,NMPC,0.7543,8.708,6.259,9.4412,0.0448,0.7554,8.6632,6.1482,-0.0147
14.1102,NMPC,0.6917,8.7059,6.2652,9.4389,0.0446,0.6955,8.6613,6.1188,-0.017
14.1198,NMPC,0.629,8.7039,6.2721,9.4366,0.0446,0.6355,8.6594,6.0893,-0.0193
14.1285,NMPC,0.5663,8.702,6.2796,9.4344,0.0447,0.5755,8.6576,6.0597,-0.0215
14.138,NMPC,0.5035,8.7003,6.2877,9.4322,0.0449,0.5155,8.6557,6.0299,-0.0237
14.1485,NMPC,0.4406,8.6987,6.2964,9.4301,0.0433,0.4256,8.6551,6.015,-0.0176
14.1578,NMPC,0.3776,8.6973,6.3056,9.428,0.0387,0.3657,8.6585,6.0448,0.0001
14.1676,NMPC,0.3145,8.6959,6.3153,9.4263,0.0342,0.3058,8.6619,6.0745,0.0183
14.1777,NMPC,0.2513,8.6947,6.3256,9.4256,0.0295,0.2459,8.6653,6.1041,0.0374
14.1875,NMPC,0.188,8.6934,6.3362,9.4255,0.026,0.1859,8.6675,6.1335,0.0373
14.1967,NMPC,0.1246,8.6923,6.3474,9.4262,0.0225,0.126,8.6697,6.1628,0.0379
14.2225,NMPC,-0.0026,8.6901,6.3739,9.4286,0.0156,0.0061,8.6741,6.2209,0.0404
14.232,NMPC,-0.0664,8.689,6.3881,9.4303,0.0122,-0.0539,8.6763,6.2498,0.0421
14.2417,NMPC,-0.1303,8.6879,6.4026,9.4324,0.0088,-0.1438,8.6796,6.2929,0.0441
14.2518,NMPC,-0.1944,8.6869,6.4173,9.4345,0.0054,-0.2038,8.6818,6.3214,0.0462
14.2609,NMPC,-0.2587,8.6858,6.4313,9.4369,0.002,-0.2638,8.684,6.3498,0.0486
14.2705,NMPC,-0.323,8.6848,6.4456,9.4392,0.0014,-0.3237,8.6862,6.3781,0.051
14.2809,NMPC,-0.3876,8.6837,6.461,9.4417,0.0039,-0.3837,8.6875,6.4062,0.0485
14.2903,NMPC,-0.4522,8.6825,6.4773,9.4442,0.0054,-0.4437,8.6877,6.4343,0.041
14.3002,NMPC,-0.5171,8.6813,6.4947,9.4468,0.0069,-0.5037,8.688,6.4622,0.0337
14.3099,NMPC,-0.5821,8.68,6.5122,9.4492,0.0068,-0.5937,8.6869,6.5038,0.0229
14.3204,NMPC,-0.6473,8.6787,6.5298,9.4518,0.0058,-0.6536,8.6845,6.5315,0.0183
14.3298,NMPC,-0.7127,8.6773,6.5474,9.4542,0.0048,-0.7136,8.682,6.559,0.0135
14.3404,NMPC,-0.7782,8.6758,6.5661,9.4567,0.0039,-0.7735,8.6798,6.5863,0.0101
14.3517,NMPC,-0.844,8.6742,6.5848,9.459,0.0041,-0.8335,8.6785,6.6136,0.0124
14.3623,NMPC,-0.9099,8.6725,6.6035,9.4614,0.0043,-0.9235,8.6766,6.6543,0.0148
14.3722,NMPC,-0.976,8.6708,6.6232,9.4633,0.0046,-0.9835,8.6753,6.6813,0.0167
14.3838,NMPC,-1.0423,8.669,6.6434,9.4642,0.005,-1.0435,8.674,6.7082,0.0177
14.3945,NMPC,-1.1755,8.6653,6.6837,9.4642,0.0057,-1.1634,8.6713,6.7617,0.0176
14.4049,NMPC,-1.1755,8.6653,6.6837,9.4642,0.0057,-1.1634,8.6713,6.7617,0.0176
14.4171,NMPC,-1.3096,8.6616,6.7256,9.4622,0.0066,-1.3134,8.6681,6.8279,0.0156
14.428,NMPC,-1.3769,8.6597,6.7472,9.4607,0.007,-1.3734,8.6668,6.8542,0.0141
14.4394,NMPC,-1.4445,8.6577,6.7687,9.4588,0.0075,-1.4334,8.6655,6.8804,0.0122
14.4512,NMPC,-1.5122,8.6558,6.7915,9.4569,0.0079,-1.5233,8.6635,6.9195,0.0103
14.4623,NMPC,-1.5802,8.6539,6.8133,9.4546,0.0083,-1.5833,8.6622,6.9455,0.0081
14.4725,NMPC,-1.6484,8.652,6.8366,9.4524,0.0087,-1.6433,8.6609,6.9714,0.0059
14.4836,NMPC,-1.7169,8.6502,6.8588,9.45,0.0091,-1.7033,8.6596,6.9971,0.0035
14.4929,NMPC,-1.7856,8.6484,6.8808,9.4477,0.0094,-1.7933,8.6576,7.0356,0.0012
14.503,NMPC,-1.8545,8.6467,6.9035,9.4452,0.0096,-1.8533,8.6563,7.0612,-0.0013
14.5167,NMPC,-1.993,8.6434,6.9499,9.4404,0.0099,-2.0032,8.6531,7.1246,-0.0061
14.5263,NMPC,-2.0626,8.6418,6.973,9.4381,0.01,-2.0632,8.6518,7.1498,-0.0084
14.5366,NMPC,-2.1324,8.6403,6.9961,9.4357,0.0099,-2.1232,8.6505,7.175,-0.0108
14.5472,NMPC,-2.2025,8.6389,7.0191,9.4335,0.0098,-2.2132,8.6485,7.2125,-0.0131
14.5607,NMPC,-2.2728,8.6377,7.0422,9.4312,0.0096,-2.2732,8.6472,7.2374,-0.0154
14.5706,NMPC,-2.3433,8.6364,7.0663,9.4293,0.0092,-2.3332,8.6459,7.2622,-0.0172
14.5835,NMPC,-2.4141,8.6352,7.0904,9.4285,0.0089,-2.4231,8.6439,7.2993,-0.0181
14.5932,NMPC,-2.5563,8.6329,7.1374,9.4286,0.0081,-2.5431,8.6413,7.3485,-0.0179
14.6025,NMPC,-2.5563,8.6329,7.1374,9.4286,0.0081,-2.5431,8.6413,7.3485,-0.0179
14.6128,NMPC,-2.6278,8.6318,7.1603,9.4294,0.0077,-2.6331,8.6394,7.3851,-0.0171
14.6234,NMPC,-2.6995,8.6307,7.1832,9.4308,0.0072,-2.6931,8.6381,7.4095,-0.0158
14.6331,NMPC,-2.7714,8.6296,7.2062,9.4323,0.0068,-2.783,8.6361,7.4458,-0.0142
14.6435,NMPC,-2.8436,8.6285,7.2292,9.4343,0.0063,-2.843,8.6348,7.4699,-0.0122
14.6548,NMPC,-2.9887,8.6262,7.2764,9.4387,0.0054,-2.993,8.6316,7.5299,-0.0079
14.6641,NMPC,-2.9887,8.6262,7.2764,9.4387,0.0054,-2.993,8.6316,7.5299,-0.0079
14.6739,NMPC,-3.1346,8.6238,7.3224,9.4435,0.0047,-3.143,8.6283,7.5895,-0.003
14.6844,NMPC,-3.1346,8.6238,7.3224,9.4435,0.0047,-3.143,8.6283,7.5895,-0.003
14.6947,NMPC,-3.2815,8.6212,7.3684,9.4485,0.0041,-3.2929,8.625,7.6485,0.002
14.7042,NMPC,-3.2815,8.6212,7.3684,9.4485,0.0041,-3.2929,8.625,7.6485,0.002
14.7147,NMPC,-3.4293,8.6183,7.4155,9.4536,0.0038,-3.4429,8.6218,7.7071,0.007
14.7245,NMPC,-3.4293,8.6183,7.4155,9.4536,0.0038,-3.4429,8.6218,7.7071,0.007
14.7346,NMPC,-3.5781,8.6151,7.4626,9.4585,0.0038,-3.5929,8.6185,7.7653,0.0119
14.7444,NMPC,-3.5781,8.6151,7.4626,9.4585,0.0038,-3.5929,8.6185,7.7653,0.0119
14.7555,NMPC,-3.7278,8.6115,7.5095,9.4615,0.004,-3.7428,8.6152,7.823,0.0149
14.7642,NMPC,-3.7278,8.6115,7.5095,9.4615,0.004,-3.7428,8.6152,7.823,0.0149
14.7746,NMPC,-3.8784,8.6079,7.5565,9.4616,0.0044,-3.8928,8.612,7.8804,0.0151
14.7847,NMPC,-3.8784,8.6079,7.5565,9.4616,0.0044,-3.8928,8.612,7.8804,0.0151
14.7953,NMPC,-4.0299,8.6041,7.6035,9.4596,0.0049,-4.0427,8.6087,7.9373,0.0131
14.8041,NMPC,-4.0299,8.6041,7.6035,9.4596,0.0049,-4.0427,8.6087,7.9373,0.0131
14.8153,NMPC,-4.1824,8.6002,7.6505,9.4562,0.0055,-4.1927,8.6055,7.9937,0.0097
14.8253,NMPC,-4.1824,8.6002,7.6505,9.4562,0.0055,-4.1927,8.6055,7.9937,0.0097
14.8365,NMPC,-4.3359,8.5963,7.6975,9.4518,0.006,-4.3427,8.6022,8.0498,0.0053
14.8465,NMPC,-4.4129,8.5944,7.7215,9.4495,0.0062,-4.4027,8.6009,8.0722,0.0029
14.8572,NMPC,-4.4903,8.5926,7.7444,9.4469,0.0064,-4.4926,8.5989,8.1056,0.0004
14.8658,NMPC,-4.5678,8.5908,7.7685,9.4444,0.0065,-4.5826,8.597,8.1388,-0.0021
14.8924,NMPC,-4.7236,8.5873,7.8155,9.4392,0.0066,-4.7326,8.5937,8.1939,-0.0073
14.9017,NMPC,-4.8019,8.5857,7.8389,9.4366,0.0065,-4.7926,8.5924,8.2158,-0.01
14.9111,NMPC,-4.8803,8.5841,7.8627,9.4341,0.0064,-4.8826,8.5905,8.2486,-0.0124
14.9224,NMPC,-4.9591,8.5827,7.8853,9.4315,0.0061,-4.9725,8.5885,8.2813,-0.015
14.9315,NMPC,-5.038,8.5813,7.9068,9.4291,0.0058,-5.0325,8.5872,8.303,-0.0175
14.9435,NMPC,-5.1172,8.58,7.9279,9.4266,0.0053,-5.1225,8.5852,8.3355,-0.02
14.9587,NMPC,-5.2761,8.5777,7.9631,9.4235,0.0042,-5.2725,8.582,8.3893,-0.023
14.9713,NMPC,-5.3558,8.5766,7.9782,9.4231,0.0036,-5.3624,8.58,8.4214,-0.0235
14.9807,NMPC,-5.4356,8.5755,7.9922,9.4234,0.0029,-5.4224,8.5787,8.4427,-0.0231
14.9904,NMPC,-5.5156,8.5745,8.0045,9.4241,0.0022,-5.5124,8.5768,8.4747,-0.0224
14.999,NMPC,-5.5957,8.5735,8.0153,9.4254,0.0015,-5.6024,8.5748,8.5065,-0.0211
15.0119,NMPC,-5.6759,8.5725,8.0257,9.427,0.0007,-5.6624,8.5735,8.5276,-0.0196
15.0217,NMPC,-5.7562,8.5715,8.0337,9.429,0.0001,-5.7523,8.5715,8.5592,-0.0176
15.032,NMPC,-5.8366,8.5706,8.0405,9.4311,0.0008,-5.8423,8.5696,8.5907,-0.0154
15.0422,NMPC,-5.917,8.5696,8.0459,9.4336,0.0016,-5.9023,8.5683,8.6116,-0.013
15.052,NMPC,-5.9975,8.5686,8.0501,9.4361,0.0023,-5.9923,8.5663,8.6429,-0.0105
15.0619,NMPC,-6.078,8.5675,8.0532,9.4389,0.003,-6.0823,8.5644,8.6741,-0.0077
15.0709,NMPC,-6.1585,8.5664,8.0554,9.4416,0.0037,-6.1722,8.5624,8.6533,-0.005
15.0804,NMPC,-6.239,8.5653,8.0566,9.4446,0.0043,-6.2322,8.5611,8.6325,-0.002
15.0903,NMPC,-6.3196,8.564,8.0567,9.4474,0.0048,-6.3222,8.5591,8.6012,0.0009
15.0996,NMPC,-6.4001,8.5627,8.0526,9.4506,0.0053,-6.4122,8.5572,8.5697,0.004
15.1087,NMPC,-6.4806,8.5614,8.0507,9.4535,0.0057,-6.4722,8.5559,8.5487,0.007
15.1187,NMPC,-6.5611,8.5599,8.0519,9.4567,0.0059,-6.5622,8.5539,8.517,0.0102
15.1281,NMPC,-6.6417,8.5583,8.0519,9.4597,0.0061,-6.6521,8.552,8.4853,0.0132
15.1377,NMPC,-6.7221,8.5566,8.0482,9.4629,0.0061,-6.7121,8.5507,8.464,0.0164
15.1473,NMPC,-6.8025,8.5547,8.0393,9.466,0.006,-6.8021,8.5487,8.4321,0.0195
15.1582,NMPC,-6.8829,8.5527,8.026,9.4693,0.0058,-6.8921,8.5468,8.4,0.0228
15.1678,NMPC,-6.963,8.5507,8.0113,9.4722,0.0055,-6.9521,8.5454,8.3785,0.0256
15.1776,NMPC,-7.043,8.5485,7.9934,9.474,0.0051,-7.042,8.5435,8.3463,0.0274
15.1894,NMPC,-7.1228,8.5463,7.9728,9.4752,0.0046,-7.132,8.5415,8.3138,0.0286
15.2,NMPC,-7.2024,8.5441,7.9521,9.4756,0.0041,-7.192,8.5402,8.2922,0.0291
15.21,NMPC,-7.2818,8.5418,7.9293,9.4757,0.0035,-7.282,8.5383,8.2595,0.0291
15.2217,NMPC,-7.3609,8.5394,7.9047,9.4751,0.0028,-7.372,8.5363,8.2268,0.0285
15.2315,NMPC,-7.4398,8.5369,7.8807,9.4743,0.0021,-7.4319,8.535,8.2049,0.0277
15.2438,NMPC,-7.5184,8.5345,7.8551,9.4729,0.0013,-7.5219,8.5331,8.1719,0.0264
15.2567,NMPC,-7.6749,8.5294,7.8024,9.4695,0.0003,-7.6719,8.5298,8.1166,0.0229
15.2666,NMPC,-7.7528,8.5269,7.7752,9.4675,0.0012,-7.7619,8.5278,8.0833,0.0209
15.2768,NMPC,-7.8303,8.5243,7.747,9.4651,0.002,-7.8219,8.5265,8.061,0.0185
15.29,NMPC,-7.9076,8.5218,7.72,9.4626,0.0028,-7.9118,8.5246,8.0275,0.0161
15.314,NMPC,-8.0614,8.5169,7.6585,9.4571,0.0045,-8.0618,8.5213,7.9712,0.0106
15.3294,NMPC,-8.1377,8.5145,7.6252,9.454,0.0052,-8.1518,8.5194,7.9373,0.0074
15.3458,NMPC,-8.2896,8.5098,7.5687,9.4476,0.0065,-8.3017,8.5161,7.8804,0.001
15.3575,NMPC,-8.4405,8.5056,7.5252,9.4408,0.0075,-8.4517,8.5128,7.823,-0.0057
15.3684,NMPC,-8.5156,8.5036,7.4959,9.4374,0.0079,-8.5117,8.5115,7.8,-0.0092
15.3947,NMPC,-8.6649,8.5,7.4465,9.4301,0.0082,-8.6617,8.5083,7.7421,-0.0164
15.4051,NMPC,-8.7392,8.4984,7.4149,9.4263,0.0082,-8.7516,8.5063,7.7071,-0.0203
15.416,NMPC,-8.887,8.4956,7.3577,9.4186,0.0078,-8.9016,8.503,7.6485,-0.028
15.4273,NMPC,-8.9604,8.4944,7.3321,9.415,0.0073,-8.9616,8.5017,7.625,-0.0315
15.4384,NMPC,-9.0336,8.4933,7.307,9.4126,0.0068,-9.0216,8.5004,7.6013,-0.0339
15.4496,NMPC,-9.1065,8.4924,7.2756,9.4108,0.0062,-9.1116,8.4985,7.5657,-0.0357
15.461,NMPC,-9.1791,8.4914,7.2436,9.4099,0.0056,-9.1715,8.4972,7.5419,-0.0367
15.4719,NMPC,-9.2513,8.4906,7.2065,9.4093,0.0048,-9.2615,8.4952,7.506,-0.0373
15.4823,NMPC,-9.3232,8.4899,7.1764,9.4094,0.004,-9.3215,8.4939,7.482,-0.0372
15.4938,NMPC,-9.3949,8.4893,7.1476,9.4097,0.003,-9.3815,8.4926,7.4579,-0.0369
15.5042,NMPC,-9.4662,8.4887,7.1198,9.4106,0.002,-9.4715,8.4907,7.4216,-0.036
15.5191,NMPC,-9.608,8.4878,7.0622,9.4131,0.0001,-9.6214,8.4874,7.3607,-0.0334
15.5304,NMPC,-9.6785,8.4875,7.0325,9.4147,0.0013,-9.6814,8.4861,7.3362,-0.0318
15.5408,NMPC,-9.7487,8.4871,7.0039,9.4167,0.0025,-9.7414,8.4848,7.3116,-0.0298
15.5516,NMPC,-9.8186,8.4868,6.9761,9.4187,0.0037,-9.8314,8.4828,7.2746,-0.0278
15.563,NMPC,-9.8882,8.4865,6.9467,9.4211,0.0049,-9.8914,8.4815,7.2498,-0.0254
15.5731,NMPC,-9.9575,8.4862,6.9229,9.4235,0.0061,-9.9514,8.4802,7.225,-0.0231
15.5829,NMPC,-10.0266,8.4858,6.8921,9.4262,0.0073,-10.0413,8.4783,7.1875,-0.0204
15.594,NMPC,-10.0954,8.4855,6.8624,9.4288,0.0084,-10.1013,8.477,7.1624,-0.0177
15.6041,NMPC,-10.1638,8.4851,6.8337,9.4317,0.0095,-10.1613,8.4757,7.1372,-0.0148
15.6137,NMPC,-10.2999,8.4842,6.7743,9.4377,0.0116,-10.3113,8.4724,7.0739,-0.0088
15.6237,NMPC,-10.2999,8.4842,6.7743,9.4377,0.0116,-10.3113,8.4724,7.0739,-0.0088
15.6336,NMPC,-10.4348,8.483,6.7157,9.4441,0.0133,-10.4312,8.4698,7.0228,-0.0025
15.6431,NMPC,-10.4348,8.483,6.7157,9.4441,0.0133,-10.4312,8.4698,7.0228,-0.0025
15.6542,NMPC,-10.5018,8.4823,6.6866,9.4473,0.0141,-10.4912,8.4685,6.9971,0.0007
15.6646,NMPC,-10.5686,8.4815,6.6582,9.4507,0.0147,-10.5812,8.4665,6.9584,0.0042
15.6748,NMPC,-10.701,8.4795,6.5947,9.4577,0.0156,-10.7012,8.4639,6.9065,0.0111
15.6847,NMPC,-10.701,8.4795,6.5947,9.4577,0.0156,-10.7012,8.4639,6.9065,0.0111
15.6952,NMPC,-10.8323,8.4771,6.5356,9.4648,0.016,-10.8211,8.4613,6.8542,0.0183
15.7043,NMPC,-10.8323,8.4771,6.5356,9.4648,0.016,-10.8211,8.4613,6.8542,0.0183
15.7139,NMPC,-10.9624,8.4741,6.4819,9.4721,0.0159,-10.9711,8.458,6.7882,0.0256
15.7238,NMPC,-10.9624,8.4741,6.4819,9.4721,0.0159,-10.9711,8.458,6.7882,0.0256
15.7336,NMPC,-11.0914,8.4705,6.4226,9.4799,0.0151,-11.0911,8.4554,6.735,0.0333
15.743,NMPC,-11.0914,8.4705,6.4226,9.4799,0.0151,-11.0911,8.4554,6.735,0.0333
15.7538,NMPC,-11.1554,8.4683,6.3924,9.4852,0.0143,-11.1511,8.4541,6.7082,0.0387
15.7648,NMPC,-11.2192,8.4659,6.368,9.4912,0.0133,-11.2111,8.4528,6.6813,0.0446
15.7749,NMPC,-11.3458,8.4603,6.3113,9.5053,0.0104,-11.331,8.4502,6.6272,0.0587
15.7847,NMPC,-11.3458,8.4603,6.3113,9.5053,0.0104,-11.331,8.4502,6.6272,0.0587
15.7984,NMPC,-11.4713,8.4534,6.2572,9.5234,0.0063,-11.481,8.447,6.559,0.0769
15.8102,NMPC,-11.5336,8.4494,6.2319,9.5342,0.0036,-11.541,8.4456,6.5315,0.0876
15.8215,NMPC,-11.5956,8.4449,6.2049,9.546,0.0005,-11.601,8.4443,6.5038,0.0995
15.8329,NMPC,-11.6573,8.4401,6.1737,9.5586,0.003,-11.6609,8.443,6.4761,0.112
15.8438,NMPC,-11.7187,8.4347,6.1484,9.572,0.007,-11.7209,8.4417,6.4483,0.1255
15.8545,NMPC,-11.8406,8.4226,6.1051,9.6004,0.0166,-11.8409,8.4391,6.3922,0.1538
15.8677,NMPC,-11.9012,8.4155,6.0892,9.6163,0.0223,-11.9009,8.4378,6.364,0.1697
15.8812,NMPC,-11.9615,8.4079,6.0713,9.6329,0.0286,-11.9609,8.4365,6.3356,0.1863
15.8933,NMPC,-12.0216,8.3996,6.0536,9.6507,0.0356,-12.0209,8.4352,6.3071,0.2042
15.9044,NMPC,-12.0813,8.3904,6.0363,9.6703,0.0435,-12.0808,8.4339,6.2785,0.2237
15.9146,NMPC,-12.2,8.3697,6.0121,9.7126,0.0616,-12.2008,8.4313,6.2209,0.266
15.9239,NMPC,-12.2,8.3697,6.0121,9.7126,0.0616,-12.2008,8.4313,6.2209,0.266
15.9342,NMPC,-12.3175,8.3452,5.9916,9.7605,0.0836,-12.3208,8.4287,6.1628,0.3139
15.9429,NMPC,-12.3175,8.3452,5.9916,9.7605,0.0836,-12.3208,8.4287,6.1628,0.3139
15.9531,NMPC,-12.3758,8.3314,5.9865,9.7862,0.0961,-12.3808,8.4274,6.1335,0.3396
15.9638,NMPC,-12.4337,8.3165,5.98,9.8134,0.1098,-12.4408,8.4261,6.1041,0.3669
15.9741,NMPC,-12.5486,8.283,5.9812,9.8705,0.1407,-12.5607,8.4235,6.0448,0.4239
15.9837,NMPC,-12.5486,8.283,5.9812,9.8705,0.1407,-12.5607,8.4235,6.0448,0.4239
15.9944,NMPC,-12.6617,8.2444,5.9773,9.9326,0.172,-12.7099,8.4144,6.0,0.464
16.004,NMPC,-12.6617,8.2444,5.9773,9.9326,0.172,-12.7099,8.4144,6.0,0.464
16.018,NMPC,-12.7729,8.2004,5.9796,9.998,0.1904,-12.8263,8.385,6.015,0.4271
16.0301,NMPC,-12.8276,8.1762,5.9812,10.0317,0.1948,-12.9113,8.3569,6.0,0.3813
16.0409,NMPC,-12.8816,8.1505,5.9827,10.0666,0.1962,-12.9652,8.3306,6.0299,0.3599
16.0512,NMPC,-12.9349,8.1234,5.9859,10.1022,0.1986,-13.0191,8.3043,6.015,0.3391
16.0629,NMPC,-12.9874,8.0946,5.989,10.1385,0.1945,-13.0964,8.2588,6.0,0.2909
16.073,NMPC,-13.0391,8.0644,5.9918,10.1751,0.189,-13.1443,8.2227,6.0299,0.2711
16.0834,NMPC,-13.0899,8.0325,5.9963,10.2121,0.1847,-13.1922,8.1866,6.015,0.2517
16.0949,NMPC,-13.1397,7.9991,6.0002,10.2491,0.1676,-13.2787,8.1042,6.0299,0.176
16.1052,NMPC,-13.1885,7.9642,6.0039,10.2866,0.1608,-13.2987,8.0819,6.0448,0.1854
16.1152,NMPC,-13.2826,7.8894,6.0121,10.3641,0.1313,-13.3917,7.9649,6.015,0.1219
16.1257,NMPC,-13.2826,7.8894,6.0121,10.3641,0.1313,-13.3917,7.9649,6.015,0.1219
16.1352,NMPC,-13.3717,7.8086,6.0205,10.4407,0.0974,-13.4534,7.862,6.015,0.0859
16.1436,NMPC,-13.3717,7.8086,6.0205,10.4407,0.0974,-13.4534,7.862,6.015,0.0859
16.154,NMPC,-13.4143,7.766,6.0279,10.4783,0.0725,-13.4906,7.7805,6.015,0.039
16.1648,NMPC,-13.4554,7.7219,6.0348,10.5156,0.0546,-13.5009,7.7523,6.0299,0.0481
16.1737,NMPC,-13.5333,7.6295,6.0514,10.5868,0.0117,-13.5418,7.6395,6.0,0.0065
16.1833,NMPC,-13.5333,7.6295,6.0514,10.5868,0.0117,-13.5418,7.6395,6.0,0.0065
16.1942,NMPC,-13.5701,7.5814,6.0606,10.6206,0.0178,-13.5515,7.5803,6.015,-0.016
16.2049,NMPC,-13.6052,7.532,6.0693,10.6534,0.0457,-13.5608,7.521,6.0299,-0.0396
16.2147,NMPC,-13.6708,7.4296,6.0882,10.7163,0.0939,-13.5741,7.4321,6.0,-0.0612
16.225,NMPC,-13.6708,7.4296,6.0882,10.7163,0.0939,-13.5741,7.4321,6.0,-0.0612
16.2356,NMPC,-13.7301,7.323,6.1085,10.7731,0.1553,-13.5708,7.3422,6.0299,-0.0889
16.2445,NMPC,-13.7301,7.323,6.1085,10.7731,0.1553,-13.5708,7.3422,6.0299,-0.0889
16.2552,NMPC,-13.783,7.2128,6.1281,10.8239,0.2174,-13.5653,7.2224,6.0,-0.1484
16.2654,NMPC,-13.783,7.2128,6.1281,10.8239,0.2174,-13.5653,7.2224,6.0,-0.1484
16.276,NMPC,-13.8298,7.0993,6.1435,10.8702,0.2806,-13.5502,7.1336,6.0448,-0.1602
16.2864,NMPC,-13.8509,7.0416,6.1491,10.8913,0.3086,-13.5452,7.1041,6.0597,-0.1585
16.297,NMPC,-13.8705,6.9833,6.1545,10.9117,0.3396,-13.5351,7.0449,6.0893,-0.1769
16.3075,NMPC,-13.8886,6.9244,6.1583,10.9309,0.3651,-13.5247,6.9555,6.1335,-0.1682
16.3178,NMPC,-13.9054,6.8652,6.1619,10.9487,0.388,-13.5185,6.8959,6.1628,-0.1505
16.329,NMPC,-13.9208,6.8055,6.1638,10.9656,0.4094,-13.5123,6.8362,6.1919,-0.1335
16.34,NMPC,-13.9349,6.7455,6.1648,10.9815,0.4296,-13.5061,6.7765,6.2209,-0.1177
16.3505,NMPC,-13.9477,6.6852,6.1651,10.9958,0.4486,-13.4999,6.7168,6.2498,-0.1033
16.3614,NMPC,-13.9593,6.6246,6.1654,11.0093,0.4664,-13.4968,6.687,6.2642,-0.0898
16.3712,NMPC,-13.9696,6.5639,6.1619,11.022,0.483,-13.4906,6.6273,6.2929,-0.0772
16.3816,NMPC,-13.9788,6.503,6.1546,11.0345,0.4984,-13.4844,6.5676,6.3214,-0.0647
16.3925,NMPC,-13.9869,6.442,6.144,11.0464,0.5128,-13.4782,6.5079,6.3498,-0.0527
16.4027,NMPC,-13.994,6.381,6.137,11.0573,0.5261,-13.472,6.4483,6.3781,-0.0418
16.4132,NMPC,-14.0,6.32,6.1267,11.0676,0.5384,-13.4658,6.3886,6.4062,-0.0315
16.4241,NMPC,-14.0051,6.259,6.1138,11.0773,0.5498,-13.4596,6.3289,6.3812,-0.0218
16.4346,NMPC,-14.0124,6.1372,6.0911,11.0957,0.5651,-13.4466,6.1495,6.296,0.0227
16.4432,NMPC,-14.0124,6.1372,6.0911,11.0957,0.5651,-13.4466,6.1495,6.296,0.0227
16.4537,NMPC,-14.0148,6.0764,6.0822,11.103,0.5702,-13.4444,6.0895,6.2673,0.0487
16.4646,NMPC,-14.0165,6.0156,6.0767,11.1093,0.5744,-13.4422,6.0296,6.2386,0.0738
16.4745,NMPC,-14.0177,5.8941,6.0736,11.117,0.5796,-13.4382,5.9096,6.1806,0.084
16.4843,NMPC,-14.0177,5.8941,6.0736,11.117,0.5796,-13.4382,5.9096,6.1806,0.084
16.4948,NMPC,-14.0166,5.7726,6.0797,11.1184,0.5826,-13.4342,5.7897,6.1221,0.087
16.5046,NMPC,-14.0166,5.7726,6.0797,11.1184,0.5826,-13.4342,5.7897,6.1221,0.087
16.5185,NMPC,-14.0134,5.651,6.0867,11.1154,0.5838,-13.4299,5.6698,6.063,0.0839
16.5293,NMPC,-14.0113,5.5901,6.0914,11.1115,0.5794,-13.4315,5.5499,6.0597,0.1075
16.5395,NMPC,-14.0089,5.5292,6.0959,11.1067,0.575,-13.4345,5.49,6.0299,0.1264
16.5497,NMPC,-14.0063,5.4683,6.1014,11.1007,0.5559,-13.465,5.3135,6.0448,0.2253
16.5603,NMPC,-14.0034,5.4073,6.1067,11.0942,0.5408,-13.4803,5.2555,6.0745,0.2616
16.5709,NMPC,-14.0005,5.3463,6.1118,11.087,0.5258,-13.488,5.2265,6.0893,0.2759
16.5811,NMPC,-13.9974,5.2853,6.1149,11.0796,0.5107,-13.4943,5.1972,6.1041,0.2753
16.5914,NMPC,-13.9943,5.2242,6.1176,11.0717,0.496,-13.5057,5.1383,6.1335,0.2674
16.6022,NMPC,-13.9912,5.1631,6.1193,11.0638,0.4813,-13.5171,5.0794,6.1628,0.2595
16.6115,NMPC,-13.9881,5.102,6.121,11.0556,0.4667,-13.5285,5.0205,6.1919,0.2513
16.6219,NMPC,-13.9851,5.0408,6.122,11.0475,0.4521,-13.5399,4.9616,6.2209,0.2432
16.633,NMPC,-13.9822,4.9797,6.1221,11.0392,0.4376,-13.5513,4.9027,6.2498,0.2349
16.6428,NMPC,-13.9794,4.9185,6.119,11.0311,0.4233,-13.5627,4.8438,6.2785,0.2268
16.6526,NMPC,-13.9769,4.8574,6.114,11.0228,0.4092,-13.5742,4.7849,6.3071,0.2185
16.6634,NMPC,-13.9745,4.7963,6.1075,11.0147,0.3952,-13.5856,4.726,6.3356,0.2104
16.6865,NMPC,-13.9688,4.6134,6.0964,10.9901,0.3548,-13.6198,4.5493,6.3498,0.1858
16.6973,NMPC,-13.9674,4.5525,6.0929,10.9822,0.3419,-13.6312,4.4903,6.3214,0.1779
16.7081,NMPC,-13.9664,4.4916,6.0923,10.9742,0.3293,-13.6426,4.4314,6.2929,0.1699
16.7187,NMPC,-13.9657,4.4307,6.0919,10.9665,0.317,-13.654,4.3725,6.2642,0.1622
16.7299,NMPC,-13.9653,4.3698,6.0928,10.9587,0.305,-13.6654,4.3136,6.2354,0.1544
16.7396,NMPC,-13.9652,4.3088,6.0937,10.9515,0.2934,-13.6768,4.2547,6.2064,0.1472
16.7502,NMPC,-13.9653,4.2479,6.0947,10.9455,0.2819,-13.6882,4.1958,6.1774,0.1412
16.7614,NMPC,-13.9658,4.1869,6.0958,10.94,0.2708,-13.6997,4.1369,6.1482,0.1357
16.7726,NMPC,-13.9665,4.126,6.0961,10.9354,0.2599,-13.7111,4.078,6.1188,0.1312
16.7831,NMPC,-13.9676,4.065,6.0967,10.9312,0.2493,-13.7225,4.0191,6.0893,0.1269
16.7943,NMPC,-13.9688,4.0041,6.0978,10.928,0.239,-13.7339,3.9602,6.0597,0.1237
16.8049,NMPC,-13.9703,3.9431,6.0979,10.9261,0.2288,-13.7453,3.9013,6.0299,0.1218
16.8156,NMPC,-13.9738,3.8212,6.0978,10.9249,0.1985,-13.7851,3.757,6.0448,0.171
16.8261,NMPC,-13.9758,3.7602,6.0989,10.9254,0.1816,-13.804,3.7,6.015,0.2048
16.8371,NMPC,-13.9779,3.6993,6.1005,10.9268,0.1599,-13.8369,3.6165,6.015,0.253
16.847,NMPC,-13.98,3.6383,6.1026,10.9298,0.1387,-13.8501,3.5896,6.0299,0.2698
16.8578,NMPC,-13.9822,3.5773,6.1052,10.9336,0.1136,-13.8765,3.5357,6.0299,0.3014
16.869,NMPC,-13.9844,3.5163,6.1096,10.9384,0.0885,-13.9029,3.4818,6.0,0.3341
16.8788,NMPC,-13.9866,3.4552,6.1144,10.9437,0.0711,-13.9221,3.4252,6.015,0.3246
16.8895,NMPC,-13.9888,3.3941,6.1203,10.9498,0.0567,-13.9381,3.3673,6.0448,0.2972
16.9002,NMPC,-13.9909,3.3329,6.1259,10.9561,0.0421,-13.9541,3.3095,6.015,0.2701
16.9102,NMPC,-13.9928,3.2716,6.1309,10.9629,0.0268,-13.9621,3.2806,6.0,0.2601
16.9203,NMPC,-13.9947,3.2103,6.1363,10.9697,0.0246,-13.9667,3.2211,6.015,0.2152
16.9308,NMPC,-13.9964,3.1489,6.1419,10.9769,0.0253,-13.9685,3.1611,6.0448,0.166
16.9416,NMPC,-13.998,3.0875,6.1481,10.984,0.0259,-13.9702,3.1011,6.015,0.1168
16.9511,NMPC,-13.9994,3.026,6.1551,10.9913,0.0289,-13.9692,3.0412,6.015,0.0762
16.9618,NMPC,-14.0005,2.9644,6.1622,10.9985,0.0357,-13.964,2.9814,6.0448,0.0487
16.9727,NMPC,-14.0015,2.9028,6.1687,11.0058,0.0452,-13.9562,2.8918,6.0893,0.004
16.9825,NMPC,-14.0021,2.8411,6.1745,11.013,0.0492,-13.9527,2.8319,6.1188,-0.007
16.993,NMPC,-14.0025,2.7793,6.1796,11.0203,0.0511,-13.9513,2.7719,6.1482,0.0003
17.0037,NMPC,-14.0027,2.7175,6.1833,11.0274,0.0527,-13.9498,2.7119,6.1774,0.0074
17.0175,NMPC,-14.0021,2.5938,6.188,11.0418,0.0551,-13.9469,2.592,6.2354,0.0218
17.0283,NMPC,-14.0013,2.5319,6.1889,11.0491,0.0558,-13.9454,2.532,6.2642,0.0291
17.0389,NMPC,-14.0002,2.47,6.1888,11.0562,0.0562,-13.9439,2.472,6.2929,0.0362
17.0491,NMPC,-13.9987,2.4082,6.1855,11.0635,0.0563,-13.9425,2.412,6.3214,0.0435
17.0596,NMPC,-13.9969,2.3464,6.1781,11.0707,0.056,-13.941,2.3521,6.3498,0.0508
17.0706,NMPC,-13.9948,2.2847,6.1721,11.0783,0.0554,-13.9396,2.2921,6.3781,0.0583
17.0814,NMPC,-13.9923,2.223,6.1603,11.0857,0.0544,-13.9381,2.2321,6.4062,0.0657
17.0918,NMPC,-13.9894,2.1616,6.1464,11.0939,0.053,-13.9366,2.1721,6.4343,0.0739
17.1031,NMPC,-13.986,2.1003,6.1307,11.1033,0.0511,-13.9352,2.1121,6.4622,0.0833
17.1133,NMPC,-13.9822,2.0392,6.1143,11.1135,0.0488,-13.9337,2.0521,6.4761,0.0935
17.1236,NMPC,-13.9779,1.9783,6.0973,11.1249,0.0459,-13.9322,1.9922,6.4483,0.105
17.1346,NMPC,-13.9729,1.9176,6.0786,11.1382,0.0425,-13.9308,1.9322,6.4203,0.1182
17.1445,NMPC,-13.9675,1.8571,6.0648,11.1526,0.0385,-13.9293,1.8722,6.3922,0.1326
17.1549,NMPC,-13.9546,1.7367,6.0442,11.184,0.0286,-13.9264,1.7522,6.3356,0.164
17.165,NMPC,-13.9546,1.7367,6.0442,11.184,0.0286,-13.9264,1.7522,6.3356,0.164
17.1756,NMPC,-13.939,1.6171,6.0282,11.2194,0.016,-13.9234,1.6323,6.2785,0.1994
17.1854,NMPC,-13.939,1.6171,6.0282,11.2194,0.016,-13.9234,1.6323,6.2785,0.1994
17.1961,NMPC,-13.9202,1.498,6.0221,11.2586,0.0001,-13.9205,1.5123,6.2209,0.2386
17.207,NMPC,-13.9094,1.4388,6.022,11.2806,0.0093,-13.919,1.4523,6.1919,0.2606
17.2171,NMPC,-13.8976,1.3797,6.0219,11.3046,0.0197,-13.9176,1.3923,6.1628,0.2846
17.2279,NMPC,-13.8847,1.3209,6.0218,11.3298,0.0311,-13.9161,1.3324,6.1335,0.3098
