time_s,label,x,y,v,yaw,cte,ref_x,ref_y,ref_v,yaw_diff
0.0426,LMPC,0.0,0.0,0.0,0.0,0.0,0.0,0.0,7.4626,0.0
0.047,LMPC,0.0,0.0,0.0,0.0,0.0,0.0,0.0,7.4626,0.0
0.0514,LMPC,0.0,0.0,0.0,0.0,0.0,0.0,0.0,7.4626,0.0
0.0556,LMPC,0.0,0.0,0.0,0.0,0.0,0.0,0.0,7.4626,0.0
0.0598,LMPC,0.0,0.0,0.0,0.0,0.0,0.0,0.0,7.4626,0.0
0.064,LMPC,0.0,0.0,0.0,0.0,0.0,0.0,0.0,7.4626,0.0
0.0684,LMPC,0.0,0.0,0.0,0.0,0.0,0.0,0.0,7.4626,0.0
0.0726,LMPC,0.0,0.0,0.0,0.0,0.0,0.0,0.0,7.4626,0.0
0.0957,LMPC,0.0003,0.0,0.0653,0.0,0.0,0.0,0.0,7.4626,0.0
0.0998,LMPC,0.0003,0.0,0.0653,0.0,0.0,0.0,0.0,7.4626,0.0
0.1037,LMPC,0.0015,0.0,0.1604,0.0,0.0,0.0,0.0,7.4626,0.0
0.1075,LMPC,0.0015,0.0,0.1604,0.0,0.0,0.0,0.0,7.4626,0.0
0.1128,LMPC,0.0035,0.0,0.2555,0.0,0.0,0.0,0.0,7.4626,0.0
0.1175,LMPC,0.0035,0.0,0.2555,0.0,0.0,0.0,0.0,7.4626,0.0
0.1219,LMPC,0.0035,0.0,0.2555,0.0,0.0,0.0,0.0,7.4626,0.0
0.126,LMPC,0.0066,0.0,0.3506,0.0,0.0,0.0,0.0,7.4626,0.0
0.1301,LMPC,0.0066,0.0,0.3506,0.0,0.0,0.0,0.0,7.4626,0.0
0.1345,LMPC,0.0105,0.0,0.4457,0.0,0.0,0.0,0.0,7.4626,0.0
0.1387,LMPC,0.0105,0.0,0.4457,0.0,0.0,0.0,0.0,7.4626,0.0
0.1428,LMPC,0.0105,0.0,0.4457,0.0,0.0,0.0,0.0,7.4626,0.0
0.147,LMPC,0.0155,0.0,0.5408,0.0,0.0,0.03,0.0,7.4747,0.0
0.1514,LMPC,0.0155,0.0,0.5408,0.0,0.0,0.03,0.0,7.4747,0.0
0.1556,LMPC,0.0214,0.0,0.6359,0.0,0.0,0.03,0.0,7.4747,0.0
0.1597,LMPC,0.0214,0.0,0.6359,0.0,0.0,0.03,0.0,7.4747,0.0
0.1638,LMPC,0.0282,0.0,0.731,0.0,0.0,0.03,0.0,7.4747,0.0
0.1682,LMPC,0.0282,0.0,0.731,0.0,0.0,0.03,0.0,7.4747,0.0
0.1723,LMPC,0.036,0.0,0.8261,0.0,0.0,0.03,0.0,7.4747,0.0
0.1765,LMPC,0.036,0.0,0.8261,0.0,0.0,0.03,0.0,7.4747,0.0
0.1807,LMPC,0.036,0.0,0.8261,0.0,0.0,0.03,0.0,7.4747,0.0
0.1851,LMPC,0.0447,0.0,0.9212,0.0,0.0,0.03,0.0,7.4747,0.0
0.1894,LMPC,0.0447,0.0,0.9212,0.0,0.0,0.03,0.0,7.4747,0.0
0.1935,LMPC,0.0544,0.0,1.0163,0.0,0.0,0.06,0.0,7.4867,0.0
0.1976,LMPC,0.0544,0.0,1.0163,0.0,0.0,0.06,0.0,7.4867,0.0
0.2021,LMPC,0.0544,0.0,1.0163,0.0,0.0,0.06,0.0,7.4867,0.0
0.2064,LMPC,0.065,0.0,1.1114,0.0,0.0,0.06,0.0,7.4867,0.0
0.2105,LMPC,0.065,0.0,1.1114,0.0,0.0,0.06,0.0,7.4867,0.0
0.2149,LMPC,0.0766,0.0,1.2065,0.0,0.0,0.09,0.0,7.4987,0.0
0.2195,LMPC,0.0766,0.0,1.2065,0.0,0.0,0.09,0.0,7.4987,0.0
0.2237,LMPC,0.0892,0.0,1.3016,0.0,0.0,0.09,0.0,7.4987,0.0
0.2276,LMPC,0.0892,0.0,1.3016,0.0,0.0,0.09,0.0,7.4987,0.0
0.2317,LMPC,0.1027,0.0,1.3967,0.0,0.0,0.09,0.0,7.4987,0.0
0.2361,LMPC,0.1027,0.0,1.3967,0.0,0.0,0.09,0.0,7.4987,0.0
0.2405,LMPC,0.1027,0.0,1.3967,0.0,0.0,0.09,0.0,7.4987,0.0
0.2446,LMPC,0.1171,0.0,1.4918,0.0,0.0,0.12,0.0,7.5107,0.0
0.249,LMPC,0.1171,0.0,1.4918,0.0,0.0,0.12,0.0,7.5107,0.0
0.2538,LMPC,0.1325,0.0,1.5869,0.0,0.0,0.12,0.0,7.5107,0.0
0.2582,LMPC,0.1325,0.0,1.5869,0.0,0.0,0.12,0.0,7.5107,0.0
0.2625,LMPC,0.1325,0.0,1.5869,0.0,0.0,0.12,0.0,7.5107,0.0
0.2671,LMPC,0.1488,0.0,1.682,0.0,0.0,0.15,0.0,7.5227,0.0
0.2714,LMPC,0.1488,0.0,1.682,0.0,0.0,0.15,0.0,7.5227,0.0
0.2756,LMPC,0.1661,0.0,1.7771,0.0,0.0,0.18,0.0,7.5346,0.0
0.2798,LMPC,0.1661,0.0,1.7771,0.0,0.0,0.18,0.0,7.5346,0.0
0.2844,LMPC,0.1844,0.0,1.8722,0.0,0.0,0.18,0.0,7.5346,0.0
0.2888,LMPC,0.1844,0.0,1.8722,0.0,0.0,0.18,0.0,7.5346,0.0
0.2931,LMPC,0.2036,0.0,1.9673,0.0,0.0,0.21,0.0,7.5466,0.0
0.2973,LMPC,0.2036,0.0,1.9673,0.0,0.0,0.21,0.0,7.5466,0.0
0.3019,LMPC,0.2036,0.0,1.9673,0.0,0.0,0.21,0.0,7.5466,0.0
0.3062,LMPC,0.2237,0.0,2.0624,0.0,0.0,0.21,0.0,7.5466,0.0
0.3105,LMPC,0.2237,0.0,2.0624,0.0,0.0,0.21,0.0,7.5466,0.0
0.3147,LMPC,0.2448,0.0,2.1575,0.0,0.0,0.24,0.0,7.5585,0.0
0.3193,LMPC,0.2448,0.0,2.1575,0.0,0.0,0.24,0.0,7.5585,0.0
0.3236,LMPC,0.2669,0.0,2.2526,0.0,0.0,0.27,0.0,7.5704,0.0
0.3278,LMPC,0.2669,0.0,2.2526,0.0,0.0,0.27,0.0,7.5704,0.0
0.332,LMPC,0.2899,0.0,2.3477,0.0,0.0,0.3,0.0,7.5823,0.0
0.3365,LMPC,0.2899,0.0,2.3477,0.0,0.0,0.3,0.0,7.5823,0.0
0.3408,LMPC,0.2899,0.0,2.3477,0.0,0.0,0.3,0.0,7.5823,0.0
0.3449,LMPC,0.3138,0.0,2.4428,0.0,0.0,0.3,0.0,7.5823,0.0
0.3491,LMPC,0.3138,0.0,2.4428,0.0,0.0,0.3,0.0,7.5823,0.0
0.3536,LMPC,0.3387,0.0,2.5379,0.0,0.0,0.33,0.0,7.5941,0.0
0.3579,LMPC,0.3387,0.0,2.5379,0.0,0.0,0.33,0.0,7.5941,0.0
0.362,LMPC,0.3387,0.0,2.5379,0.0,0.0,0.33,0.0,7.5941,0.0
0.3665,LMPC,0.3646,0.0,2.633,0.0,0.0,0.36,0.0,7.606,0.0
0.3708,LMPC,0.3646,0.0,2.633,0.0,0.0,0.36,0.0,7.606,0.0
0.3948,LMPC,0.4479,0.0,2.9183,0.0,0.0,0.45,0.0,7.6414,0.0
0.3986,LMPC,0.4479,0.0,2.9183,0.0,0.0,0.45,0.0,7.6414,0.0
0.4027,LMPC,0.4479,0.0,2.9183,0.0,0.0,0.45,0.0,7.6414,0.0
0.4102,LMPC,0.4775,0.0,3.0134,0.0,0.0,0.48,0.0,7.6532,0.0
0.4175,LMPC,0.5081,0.0,3.1085,0.0,0.0,0.51,0.0,7.6649,0.0
0.4232,LMPC,0.5081,0.0,3.1085,0.0,0.0,0.51,0.0,7.6649,0.0
0.4279,LMPC,0.5397,0.0,3.2036,0.0,0.0,0.54,0.0,7.6766,0.0
0.4321,LMPC,0.5722,0.0,3.2987,0.0,0.0,0.57,0.0,7.6884,0.0
0.4363,LMPC,0.5722,0.0,3.2987,0.0,0.0,0.57,0.0,7.6884,0.0
0.4403,LMPC,0.5722,0.0,3.2987,0.0,0.0,0.57,0.0,7.6884,0.0
0.4442,LMPC,0.6057,0.0,3.3938,0.0,0.0,0.6,0.0,7.7,0.0
0.4482,LMPC,0.6057,0.0,3.3938,0.0,0.0,0.6,0.0,7.7,0.0
0.4524,LMPC,0.6401,0.0,3.4889,0.0,0.0,0.63,0.0,7.7117,0.0
0.4565,LMPC,0.6401,0.0,3.4889,0.0,0.0,0.63,0.0,7.7117,0.0
0.4605,LMPC,0.6401,0.0,3.4889,0.0,0.0,0.63,0.0,7.7117,0.0
0.4644,LMPC,0.6754,0.0,3.584,0.0,0.0,0.69,0.0,7.735,0.0
0.4689,LMPC,0.6754,0.0,3.584,0.0,0.0,0.69,0.0,7.735,0.0
0.4733,LMPC,0.7117,0.0,3.6791,0.0,0.0,0.72,0.0,7.7467,0.0
0.4776,LMPC,0.7117,0.0,3.6791,0.0,0.0,0.72,0.0,7.7467,0.0
0.4821,LMPC,0.7117,0.0,3.6791,0.0,0.0,0.72,0.0,7.7467,0.0
0.4868,LMPC,0.749,0.0,3.7742,0.0,0.0,0.75,0.0,7.7583,0.0
0.4911,LMPC,0.749,0.0,3.7742,0.0,0.0,0.75,0.0,7.7583,0.0
0.4954,LMPC,0.7872,0.0,3.8693,0.0,0.0,0.78,0.0,7.7699,0.0
0.4996,LMPC,0.7872,0.0,3.8693,0.0,0.0,0.78,0.0,7.7699,0.0
0.5067,LMPC,0.8264,0.0,3.9644,0.0,0.0,0.84,0.0,7.793,0.0
0.5108,LMPC,0.8264,0.0,3.9644,0.0,0.0,0.84,0.0,7.793,0.0
0.515,LMPC,0.8665,0.0,4.0595,0.0,0.0,0.87,0.0,7.8045,0.0
0.5191,LMPC,0.8665,0.0,4.0595,0.0,0.0,0.87,0.0,7.8045,0.0
0.5231,LMPC,0.8665,0.0,4.0595,0.0,0.0,0.87,0.0,7.8045,0.0
0.5277,LMPC,0.9076,0.0,4.1546,0.0,0.0,0.9,0.0,7.8161,0.0
0.5323,LMPC,0.9496,0.0,4.2497,0.0,0.0,0.96,0.0,7.8391,0.0
0.5368,LMPC,0.9496,0.0,4.2497,0.0,0.0,0.96,0.0,7.8391,0.0
0.5413,LMPC,0.9496,0.0,4.2497,0.0,0.0,0.96,0.0,7.8391,0.0
0.5454,LMPC,0.9926,0.0,4.3448,0.0,0.0,0.99,0.0,7.8505,0.0
0.5496,LMPC,0.9926,0.0,4.3448,0.0,0.0,0.99,0.0,7.8505,0.0
0.5538,LMPC,1.0365,0.0,4.4399,0.0,0.0,1.05,0.0,7.8734,0.0
0.5582,LMPC,1.0365,0.0,4.4399,0.0,0.0,1.05,0.0,7.8734,0.0
0.5624,LMPC,1.0365,0.0,4.4399,0.0,0.0,1.05,0.0,7.8734,0.0
0.5669,LMPC,1.0814,0.0,4.535,0.0,0.0,1.08,0.0,7.8848,0.0
0.5714,LMPC,1.0814,0.0,4.535,0.0,0.0,1.08,0.0,7.8848,0.0
0.5761,LMPC,1.1272,0.0,4.6301,0.0,0.0,1.14,0.0,7.9076,0.0
0.5805,LMPC,1.1272,0.0,4.6301,0.0,0.0,1.14,0.0,7.9076,0.0
0.5849,LMPC,1.174,0.0,4.7252,0.0,0.0,1.17,0.0,7.919,0.0
0.5891,LMPC,1.174,0.0,4.7252,0.0,0.0,1.17,0.0,7.919,0.0
0.5934,LMPC,1.2217,0.0,4.8203,0.0,0.0,1.23,0.0,7.9417,0.0
0.5976,LMPC,1.2217,0.0,4.8203,0.0,0.0,1.23,0.0,7.9417,0.0
0.6022,LMPC,1.2217,0.0,4.8203,0.0,0.0,1.23,0.0,7.9417,0.0
0.6065,LMPC,1.2704,0.0,4.9154,0.0,0.0,1.26,0.0,7.953,0.0
0.6108,LMPC,1.2704,0.0,4.9154,0.0,0.0,1.26,0.0,7.953,0.0
0.615,LMPC,1.32,0.0,5.0105,0.0,0.0,1.32,0.0,7.9756,0.0
0.6195,LMPC,1.32,0.0,5.0105,0.0,0.0,1.32,0.0,7.9756,0.0
0.6238,LMPC,1.3706,0.0,5.1056,0.0,0.0,1.38,0.0,7.9982,0.0
0.6281,LMPC,1.3706,0.0,5.1056,0.0,0.0,1.38,0.0,7.9982,0.0
0.6324,LMPC,1.4221,0.0,5.2007,0.0,0.0,1.41,0.0,8.0094,0.0
0.6368,LMPC,1.4221,0.0,5.2007,0.0,0.0,1.41,0.0,8.0094,0.0
0.641,LMPC,1.4221,0.0,5.2007,0.0,0.0,1.41,0.0,8.0094,0.0
0.6452,LMPC,1.4746,0.0,5.2958,0.0,0.0,1.47,0.0,8.0319,0.0
0.6496,LMPC,1.4746,0.0,5.2958,0.0,0.0,1.47,0.0,8.0319,0.0
0.6542,LMPC,1.528,0.0,5.3909,0.0,0.0,1.53,0.0,8.0542,0.0
0.6584,LMPC,1.528,0.0,5.3909,0.0,0.0,1.53,0.0,8.0542,0.0
0.6627,LMPC,1.528,0.0,5.3909,0.0,0.0,1.53,0.0,8.0542,0.0
0.667,LMPC,1.5824,0.0,5.4852,0.0,0.0,1.59,0.0,8.0766,0.0
0.6715,LMPC,1.6377,0.0,5.5762,0.0,0.0,1.65,0.0,8.0988,0.0
0.6758,LMPC,1.6377,0.0,5.5762,0.0,0.0,1.65,0.0,8.0988,0.0
0.68,LMPC,1.6377,0.0,5.5762,0.0,0.0,1.65,0.0,8.0988,0.0
0.6844,LMPC,1.6939,0.0,5.6634,0.0,0.0,1.68,0.0,8.1099,0.0
0.6887,LMPC,1.6939,0.0,5.6634,0.0,0.0,1.68,0.0,8.1099,0.0
0.693,LMPC,1.751,0.0,5.7475,0.0,0.0,1.74,0.0,8.1321,0.0
0.6972,LMPC,1.751,0.0,5.7475,0.0,0.0,1.74,0.0,8.1321,0.0
0.7016,LMPC,1.751,0.0,5.7475,0.0,0.0,1.74,0.0,8.1321,0.0
0.706,LMPC,1.8089,0.0,5.8286,0.0,0.0,1.8,0.0,8.1542,0.0
0.7101,LMPC,1.8089,0.0,5.8286,0.0,0.0,1.8,0.0,8.1542,0.0
0.7144,LMPC,1.8675,0.0,5.907,0.0,0.0,1.86,0.0,8.1762,0.0
0.7188,LMPC,1.8675,0.0,5.907,0.0,0.0,1.86,0.0,8.1762,0.0
0.7232,LMPC,1.8675,0.0,5.907,0.0,0.0,1.86,0.0,8.1762,0.0
0.7275,LMPC,1.927,0.0,5.9827,0.0,0.0,1.92,0.0,8.1982,0.0
0.732,LMPC,1.9872,0.0,6.0553,0.0,0.0,1.98,0.0,8.2201,0.0
0.7364,LMPC,1.9872,0.0,6.0553,0.0,0.0,1.98,0.0,8.2201,0.0
0.7409,LMPC,1.9872,0.0,6.0553,0.0,0.0,1.98,0.0,8.2201,0.0
0.7452,LMPC,2.0481,0.0,6.1255,0.0,0.0,2.04,0.0,8.242,0.0
0.7498,LMPC,2.0481,0.0,6.1255,0.0,0.0,2.04,0.0,8.242,0.0
0.7543,LMPC,2.1097,0.0,6.1934,0.0,0.0,2.1,0.0,8.2638,0.0
0.7587,LMPC,2.1097,0.0,6.1934,0.0,0.0,2.1,0.0,8.2638,0.0
0.7629,LMPC,2.1097,0.0,6.1934,0.0,0.0,2.1,0.0,8.2638,0.0
0.7673,LMPC,2.1719,0.0,6.2592,0.0,0.0,2.16,0.0,8.2856,0.0
0.7719,LMPC,2.2348,0.0,6.3229,0.0,0.0,2.22,0.0,8.3073,0.0
0.7763,LMPC,2.2348,0.0,6.3229,0.0,0.0,2.22,0.0,8.3073,0.0
0.7806,LMPC,2.2348,0.0,6.3229,0.0,0.0,2.22,0.0,8.3073,0.0
0.7852,LMPC,2.2984,0.0,6.3846,0.0,0.0,2.31,0.0,8.3397,0.0
0.7897,LMPC,2.2984,0.0,6.3846,0.0,0.0,2.31,0.0,8.3397,0.0
0.794,LMPC,2.3625,0.0,6.4443,0.0,0.0,2.37,0.0,8.3613,0.0
0.7983,LMPC,2.3625,0.0,6.4443,0.0,0.0,2.37,0.0,8.3613,0.0
0.8029,LMPC,2.3625,0.0,6.4443,0.0,0.0,2.37,0.0,8.3613,0.0
0.8074,LMPC,2.4273,0.0,6.5023,0.0,0.0,2.43,0.0,8.3828,0.0
0.8117,LMPC,2.4926,0.0,6.5586,0.0,0.0,2.49,0.0,8.4042,0.0
0.8158,LMPC,2.4926,0.0,6.5586,0.0,0.0,2.49,0.0,8.4042,0.0
0.8202,LMPC,2.4926,0.0,6.5586,0.0,0.0,2.49,0.0,8.4042,0.0
0.8247,LMPC,2.5584,0.0,6.6132,0.0,0.0,2.55,0.0,8.4256,0.0
0.8289,LMPC,2.5584,0.0,6.6132,0.0,0.0,2.55,0.0,8.4256,0.0
0.833,LMPC,2.6248,0.0,6.6668,0.0,0.0,2.61,0.0,8.4469,0.0
0.8375,LMPC,2.6248,0.0,6.6668,0.0,0.0,2.61,0.0,8.4469,0.0
0.842,LMPC,2.6248,0.0,6.6668,0.0,0.0,2.61,0.0,8.4469,0.0
0.8465,LMPC,2.6918,0.0,6.7188,0.0,0.0,2.7,0.0,8.4534,0.0
0.8507,LMPC,2.6918,0.0,6.7188,0.0,0.0,2.7,0.0,8.4534,0.0
0.8553,LMPC,2.7592,0.0,6.7694,0.0,0.0,2.76,0.0,8.4321,0.0
0.8598,LMPC,2.7592,0.0,6.7694,0.0,0.0,2.76,0.0,8.4321,0.0
0.8642,LMPC,2.8271,0.0,6.8186,0.0,0.0,2.82,0.0,8.4107,0.0
0.8685,LMPC,2.8271,0.0,6.8186,0.0,0.0,2.82,0.0,8.4107,0.0
0.8731,LMPC,2.8956,0.0,6.8665,0.0,0.0,2.91,0.0,8.3785,0.0
0.8777,LMPC,2.8956,0.0,6.8665,0.0,0.0,2.91,0.0,8.3785,0.0
0.8821,LMPC,2.8956,0.0,6.8665,0.0,0.0,2.91,0.0,8.3785,0.0
0.8866,LMPC,2.9645,0.0,6.9131,0.0,0.0,2.97,0.0,8.357,0.0
0.8911,LMPC,2.9645,0.0,6.9131,0.0,0.0,2.97,0.0,8.357,0.0
0.8954,LMPC,3.0338,0.0,6.9578,0.0,0.0,3.03,0.0,8.3355,0.0
0.8997,LMPC,3.0338,0.0,6.9578,0.0,0.0,3.03,0.0,8.3355,0.0
0.9042,LMPC,3.1036,0.0,6.9994,0.0,0.0,3.09,0.0,8.3138,0.0
0.9088,LMPC,3.1036,0.0,6.9994,0.0,0.0,3.09,0.0,8.3138,0.0
0.9131,LMPC,3.1738,0.0,7.038,0.0,0.0,3.18,0.0,8.2813,0.0
0.9173,LMPC,3.1738,0.0,7.038,0.0,0.0,3.18,0.0,8.2813,0.0
0.9218,LMPC,3.1738,0.0,7.038,0.0,0.0,3.18,0.0,8.2813,0.0
0.9264,LMPC,3.2443,0.0,7.0732,0.0,0.0,3.24,0.0,8.2595,0.0
0.9307,LMPC,3.2443,0.0,7.0732,0.0,0.0,3.24,0.0,8.2595,0.0
0.935,LMPC,3.3152,0.0,7.1057,0.0,0.0,3.33,0.0,8.2268,0.0
0.9395,LMPC,3.3152,0.0,7.1057,0.0,0.0,3.33,0.0,8.2268,0.0
0.944,LMPC,3.3864,0.0,7.1357,0.0,0.0,3.39,0.0,8.2049,0.0
0.9483,LMPC,3.3864,0.0,7.1357,0.0,0.0,3.39,0.0,8.2049,0.0
0.9526,LMPC,3.4579,0.0,7.1631,0.0,0.0,3.45,0.0,8.1829,0.0
0.9572,LMPC,3.4579,0.0,7.1631,0.0,0.0,3.45,0.0,8.1829,0.0
0.9617,LMPC,3.4579,0.0,7.1631,0.0,0.0,3.45,0.0,8.1829,0.0
0.966,LMPC,3.5297,0.0,7.1878,0.0,0.0,3.54,0.0,8.1498,0.0
0.9702,LMPC,3.5297,0.0,7.1878,0.0,0.0,3.54,0.0,8.1498,0.0
0.9746,LMPC,3.6017,0.0,7.2102,0.0,0.0,3.6,0.0,8.1277,0.0
0.979,LMPC,3.6017,0.0,7.2102,0.0,0.0,3.6,0.0,8.1277,0.0
0.9834,LMPC,3.6017,0.0,7.2102,0.0,0.0,3.6,0.0,8.1277,0.0
0.9877,LMPC,3.6739,0.0,7.23,0.0,0.0,3.66,0.0,8.1056,0.0
0.9923,LMPC,3.7463,0.0,7.2478,0.0,0.0,3.75,0.0,8.0722,0.0
0.9967,LMPC,3.7463,0.0,7.2478,0.0,0.0,3.75,0.0,8.0722,0.0
1.0009,LMPC,3.7463,0.0,7.2478,0.0,0.0,3.75,0.0,8.0722,0.0
1.0085,LMPC,3.8188,0.0,7.2638,0.0,0.0,3.81,0.0,8.0498,0.0
1.0132,LMPC,3.8915,0.0,7.2774,0.0,0.0,3.9,0.0,8.0162,0.0
1.0174,LMPC,3.8915,0.0,7.2774,0.0,0.0,3.9,0.0,8.0162,0.0
1.0217,LMPC,3.8915,0.0,7.2774,0.0,0.0,3.9,0.0,8.0162,0.0
1.0262,LMPC,3.9644,0.0,7.2893,0.0,0.0,3.96,0.0,7.9937,0.0
1.0306,LMPC,3.9644,0.0,7.2893,0.0,0.0,3.96,0.0,7.9937,0.0
1.0348,LMPC,4.0373,0.0,7.2996,0.0,0.0,4.05,0.0,7.9599,0.0
1.039,LMPC,4.0373,0.0,7.2996,0.0,0.0,4.05,0.0,7.9599,0.0
1.0435,LMPC,4.1104,0.0,7.3078,0.0,0.0,4.11,0.0,7.9373,0.0
1.0479,LMPC,4.1104,0.0,7.3078,0.0,0.0,4.11,0.0,7.9373,0.0
1.0521,LMPC,4.1835,0.0,7.3145,0.0,0.0,4.17,0.0,7.9145,0.0
1.0564,LMPC,4.1835,0.0,7.3145,0.0,0.0,4.17,0.0,7.9145,0.0
1.0607,LMPC,4.1835,0.0,7.3145,0.0,0.0,4.17,0.0,7.9145,0.0
1.065,LMPC,4.2566,0.0,7.3194,0.0,0.0,4.26,0.0,7.8804,0.0
1.0694,LMPC,4.2566,0.0,7.3194,0.0,0.0,4.26,0.0,7.8804,0.0
1.074,LMPC,4.3298,0.0,7.3229,0.0,0.0,4.32,0.0,7.8575,0.0
1.0784,LMPC,4.3298,0.0,7.3229,0.0,0.0,4.32,0.0,7.8575,0.0
1.0827,LMPC,4.3298,0.0,7.3229,0.0,0.0,4.32,0.0,7.8575,0.0
1.0873,LMPC,4.4031,0.0,7.3247,0.0,0.0,4.41,0.0,7.823,0.0
1.0917,LMPC,4.4763,0.0,7.3253,0.0,0.0,4.47,0.0,7.8,0.0
1.0959,LMPC,4.4763,0.0,7.3253,0.0,0.0,4.47,0.0,7.8,0.0
1.1005,LMPC,4.4763,0.0,7.3253,0.0,0.0,4.47,0.0,7.8,0.0
1.1052,LMPC,4.5496,0.0,7.3232,0.0,0.0,4.56,0.0,7.7653,0.0
1.1095,LMPC,4.5496,0.0,7.3232,0.0,0.0,4.56,0.0,7.7653,0.0
1.1138,LMPC,4.6228,0.0,7.3151,0.0,0.0,4.62,0.0,7.7421,0.0
1.1184,LMPC,4.6228,0.0,7.3151,0.0,0.0,4.62,0.0,7.7421,0.0
1.1228,LMPC,4.6228,0.0,7.3151,0.0,0.0,4.62,0.0,7.7421,0.0
1.1272,LMPC,4.6959,0.0,7.3041,0.0,0.0,4.71,0.0,7.7071,0.0
1.1313,LMPC,4.7688,0.0,7.2887,0.0,0.0,4.77,0.0,7.6837,0.0
1.1358,LMPC,4.7688,0.0,7.2887,0.0,0.0,4.77,0.0,7.6837,0.0
1.1402,LMPC,4.7688,0.0,7.2887,0.0,0.0,4.77,0.0,7.6837,0.0
1.1445,LMPC,4.8416,0.0,7.2718,0.0,0.0,4.83,0.0,7.6603,0.0
1.1488,LMPC,4.8416,0.0,7.2718,0.0,0.0,4.83,0.0,7.6603,0.0
1.1533,LMPC,4.9142,0.0,7.2516,0.0,0.0,4.92,0.0,7.625,0.0
1.1577,LMPC,4.9142,0.0,7.2516,0.0,0.0,4.92,0.0,7.625,0.0
1.1619,LMPC,4.9142,0.0,7.2516,0.0,0.0,4.92,0.0,7.625,0.0
1.1664,LMPC,4.9867,0.0,7.2307,0.0,0.0,4.98,0.0,7.6013,0.0
1.1709,LMPC,4.9867,0.0,7.2307,0.0,0.0,4.98,0.0,7.6013,0.0
1.1754,LMPC,5.0588,0.0,7.2072,0.0,0.0,5.07,0.0,7.5657,0.0
1.1798,LMPC,5.0588,0.0,7.2072,0.0,0.0,5.07,0.0,7.5657,0.0
1.2053,LMPC,5.274,0.0,7.1345,0.0,0.0,5.28,0.0,7.482,0.0
1.2092,LMPC,5.274,0.0,7.1345,0.0,0.0,5.28,0.0,7.482,0.0
1.213,LMPC,5.3452,0.0,7.1092,0.0,0.0,5.34,0.0,7.4579,0.0
1.22,LMPC,5.3452,0.0,7.1092,0.0,0.0,5.34,0.0,7.4579,0.0
1.2255,LMPC,5.4162,0.0,7.0819,0.0,0.0,5.43,0.0,7.4216,0.0
1.2302,LMPC,5.4162,0.0,7.0819,0.0,0.0,5.43,0.0,7.4216,0.0
1.235,LMPC,5.4869,0.0,7.0598,0.0,0.0,5.49,0.0,7.3973,0.0
1.2395,LMPC,5.4869,0.0,7.0598,0.0,0.0,5.49,0.0,7.3973,0.0
1.2436,LMPC,5.5574,0.0,7.0419,0.0,0.0,5.55,0.0,7.3729,0.0
1.2476,LMPC,5.5574,0.0,7.0419,0.0,0.0,5.55,0.0,7.3729,0.0
1.2519,LMPC,5.6277,0.0,7.0115,0.0,0.0,5.64,0.0,7.3362,0.0
1.2561,LMPC,5.6277,0.0,7.0115,0.0,0.0,5.64,0.0,7.3362,0.0
1.2605,LMPC,5.6277,0.0,7.0115,0.0,0.0,5.64,0.0,7.3362,0.0
1.2647,LMPC,5.6976,0.0,6.9823,0.0,0.0,5.7,0.0,7.3116,0.0
1.2691,LMPC,5.6976,0.0,6.9823,0.0,0.0,5.7,0.0,7.3116,0.0
1.2734,LMPC,5.7673,0.0,6.9517,0.0,0.0,5.76,0.0,7.287,0.0
1.2777,LMPC,5.7673,0.0,6.9517,0.0,0.0,5.76,0.0,7.287,0.0
1.282,LMPC,5.7673,0.0,6.9517,0.0,0.0,5.76,0.0,7.287,0.0
1.2866,LMPC,5.8367,0.0,6.9223,0.0,0.0,5.85,0.0,7.2498,0.0
1.2911,LMPC,5.8367,0.0,6.9223,0.0,0.0,5.85,0.0,7.2498,0.0
1.2956,LMPC,5.9057,0.0,6.8939,0.0,0.0,5.91,0.0,7.225,0.0
1.3,LMPC,5.9057,0.0,6.8939,0.0,0.0,5.91,0.0,7.225,0.0
1.3045,LMPC,5.9745,0.0,6.8639,0.0,0.0,5.97,0.0,7.2,0.0
1.3088,LMPC,5.9745,0.0,6.8639,0.0,0.0,5.97,0.0,7.2,0.0
1.3131,LMPC,6.043,0.0,6.835,0.0,0.0,6.03,0.0,7.175,0.0
1.3176,LMPC,6.043,0.0,6.835,0.0,0.0,6.03,0.0,7.175,0.0
1.3221,LMPC,6.043,0.0,6.835,0.0,0.0,6.03,0.0,7.175,0.0
1.3265,LMPC,6.1112,0.0,6.8068,0.0002,0.0,6.12,0.0,7.1372,0.0002
1.3308,LMPC,6.1112,0.0,6.8068,0.0002,0.0,6.12,0.0,7.1372,0.0002
1.3351,LMPC,6.1792,0.0001,6.777,0.001,0.0001,6.18,0.0,7.112,0.001
1.3396,LMPC,6.1792,0.0001,6.777,0.001,0.0001,6.18,0.0,7.112,0.001
1.344,LMPC,6.2468,0.0002,6.748,0.0021,0.0002,6.24,0.0,7.0866,0.0021
1.3483,LMPC,6.2468,0.0002,6.748,0.0021,0.0002,6.24,0.0,7.0866,0.0021
1.3529,LMPC,6.3141,0.0003,6.7199,0.0037,0.0003,6.3,0.0,7.0612,0.0037
1.3574,LMPC,6.3141,0.0003,6.7199,0.0037,0.0003,6.3,0.0,7.0612,0.0037
1.3617,LMPC,6.3141,0.0003,6.7199,0.0037,0.0003,6.3,0.0,7.0612,0.0037
1.3661,LMPC,6.3812,0.0005,6.6923,0.0055,0.0005,6.39,0.0,7.0228,0.0055
1.3705,LMPC,6.3812,0.0005,6.6923,0.0055,0.0005,6.39,0.0,7.0228,0.0055
1.375,LMPC,6.448,0.0008,6.6628,0.0076,0.0008,6.45,0.0,6.9971,0.0076
1.3793,LMPC,6.448,0.0008,6.6628,0.0076,0.0008,6.45,0.0,6.9971,0.0076
1.3836,LMPC,6.5144,0.0011,6.6341,0.0098,0.0011,6.51,0.0,6.9714,0.0098
1.3881,LMPC,6.5144,0.0011,6.6341,0.0098,0.0011,6.51,0.0,6.9714,0.0098
1.3926,LMPC,6.5806,0.0015,6.6061,0.0124,0.0015,6.57,0.0,6.9455,0.0124
1.3969,LMPC,6.5806,0.0015,6.6061,0.0124,0.0015,6.57,0.0,6.9455,0.0124
1.4013,LMPC,6.5806,0.0015,6.6061,0.0124,0.0015,6.57,0.0,6.9455,0.0124
1.4059,LMPC,6.6466,0.002,6.5785,0.015,0.002,6.66,0.0,6.9065,0.015
1.4103,LMPC,6.6466,0.002,6.5785,0.015,0.002,6.66,0.0,6.9065,0.015
1.4148,LMPC,6.7122,0.0025,6.5489,0.0179,0.0025,6.72,0.0,6.8804,0.0179
1.4191,LMPC,6.7122,0.0025,6.5489,0.0179,0.0025,6.72,0.0,6.8804,0.0179
1.4237,LMPC,6.7775,0.0031,6.52,0.0207,0.0031,6.78,0.0,6.8542,0.0207
1.4281,LMPC,6.7775,0.0031,6.52,0.0207,0.0031,6.78,0.0,6.8542,0.0207
1.4324,LMPC,6.8426,0.0038,6.4918,0.0238,0.0038,6.84,0.0,6.8279,0.0238
1.4366,LMPC,6.8426,0.0038,6.4918,0.0238,0.0038,6.84,0.0,6.8279,0.0238
1.4411,LMPC,6.8426,0.0038,6.4918,0.0238,0.0038,6.84,0.0,6.8279,0.0238
1.4454,LMPC,6.9074,0.0046,6.4639,0.0268,0.0046,6.9,0.0,6.8015,0.0268
1.4496,LMPC,6.9074,0.0046,6.4639,0.0268,0.0046,6.9,0.0,6.8015,0.0268
1.454,LMPC,6.9719,0.0056,6.4346,0.0305,0.0056,6.96,0.0,6.775,0.0305
1.4585,LMPC,6.9719,0.0056,6.4346,0.0305,0.0056,6.96,0.0,6.775,0.0305
1.4628,LMPC,6.9719,0.0056,6.4346,0.0305,0.0056,6.96,0.0,6.775,0.0305
1.4671,LMPC,7.0361,0.0068,6.4069,0.0354,0.0068,7.05,0.0,6.735,0.0354
1.4716,LMPC,7.0361,0.0068,6.4069,0.0354,0.0068,7.05,0.0,6.735,0.0354
1.4761,LMPC,7.1,0.0082,6.3783,0.0409,0.0082,7.11,0.0,6.7082,0.0409
1.4805,LMPC,7.1,0.0082,6.3783,0.0409,0.0082,7.11,0.0,6.7082,0.0409
1.4847,LMPC,7.1636,0.0098,6.3497,0.0474,0.0098,7.17,0.0,6.6813,0.0474
1.4892,LMPC,7.1636,0.0098,6.3497,0.0474,0.0098,7.17,0.0,6.6813,0.0474
1.4939,LMPC,7.2269,0.0116,6.3215,0.0543,0.0116,7.23,0.0,6.6543,0.0543
1.4984,LMPC,7.2269,0.0116,6.3215,0.0543,0.0116,7.23,0.0,6.6543,0.0543
1.5026,LMPC,7.2269,0.0116,6.3215,0.0543,0.0116,7.23,0.0,6.6543,0.0543
1.5104,LMPC,7.29,0.0137,6.2936,0.062,0.0137,7.29,0.0,6.6272,0.062
1.5149,LMPC,7.3527,0.016,6.2658,0.0698,0.016,7.35,0.0,6.6,0.0698
1.5192,LMPC,7.3527,0.016,6.2658,0.0698,0.016,7.35,0.0,6.6,0.0698
1.5236,LMPC,7.4152,0.0186,6.2385,0.0786,0.0186,7.41,0.0,6.5727,0.0786
1.5282,LMPC,7.4152,0.0186,6.2385,0.0786,0.0186,7.41,0.0,6.5727,0.0786
1.5326,LMPC,7.4773,0.0217,6.2097,0.0889,0.0217,7.47,0.0,6.5452,0.0889
1.5369,LMPC,7.4773,0.0217,6.2097,0.0889,0.0217,7.47,0.0,6.5452,0.0889
1.5414,LMPC,7.4773,0.0217,6.2097,0.0889,0.0217,7.47,0.0,6.5452,0.0889
1.546,LMPC,7.5392,0.0251,6.1822,0.1001,0.0251,7.53,0.0,6.5177,0.1001
1.5504,LMPC,7.5392,0.0251,6.1822,0.1001,0.0251,7.53,0.0,6.5177,0.1001
1.5547,LMPC,7.6008,0.0289,6.1548,0.1123,0.0289,7.59,0.0,6.49,0.1123
1.5593,LMPC,7.6008,0.0289,6.1548,0.1123,0.0289,7.59,0.0,6.49,0.1123
1.5638,LMPC,7.662,0.0332,6.1272,0.1251,0.0332,7.65,0.0,6.4622,0.1251
1.5681,LMPC,7.662,0.0332,6.1272,0.1251,0.0332,7.65,0.0,6.4622,0.1251
1.5724,LMPC,7.723,0.0379,6.1015,0.1391,0.0379,7.71,0.0,6.4343,0.1391
1.5769,LMPC,7.723,0.0379,6.1015,0.1391,0.0379,7.71,0.0,6.4343,0.1391
1.5813,LMPC,7.723,0.0379,6.1015,0.1391,0.0379,7.71,0.0,6.4343,0.1391
1.5857,LMPC,7.7837,0.0433,6.0798,0.1546,0.0433,7.77,0.0,6.4062,0.1546
1.59,LMPC,7.7837,0.0433,6.0798,0.1546,0.0433,7.77,0.0,6.4062,0.1546
1.5948,LMPC,7.8441,0.0493,6.0636,0.1709,0.0493,7.83,0.0,6.3781,0.1709
1.5993,LMPC,7.8441,0.0493,6.0636,0.1709,0.0493,7.83,0.0,6.3781,0.1709
1.6038,LMPC,7.9043,0.0559,6.0452,0.1885,0.0559,7.89,0.0,6.3498,0.1885
1.6083,LMPC,7.9043,0.0559,6.0452,0.1885,0.0559,7.89,0.0,6.3498,0.1885
1.631,LMPC,8.0238,0.0714,6.0139,0.2282,0.0714,8.01,0.0,6.2929,0.2282
1.6353,LMPC,8.0832,0.0804,6.0052,0.2498,0.0804,8.07,0.0,6.2642,0.2498
1.6396,LMPC,8.0832,0.0804,6.0052,0.2498,0.0804,8.07,0.0,6.2642,0.2498
1.645,LMPC,8.1424,0.0903,5.9932,0.2731,0.0903,8.13,0.0,6.2354,0.2731
1.6502,LMPC,8.1424,0.0903,5.9932,0.2731,0.0903,8.13,0.0,6.2354,0.2731
1.6552,LMPC,8.2013,0.1011,5.9839,0.2974,0.1011,8.19,0.0,6.2064,0.2974
1.6595,LMPC,8.2013,0.1011,5.9839,0.2974,0.1011,8.19,0.0,6.2064,0.2974
1.6638,LMPC,8.2599,0.113,5.9763,0.3228,0.113,8.25,0.0,6.1774,0.3228
1.6683,LMPC,8.2599,0.113,5.9763,0.3228,0.113,8.25,0.0,6.1774,0.3228
1.6728,LMPC,8.3182,0.1259,5.9709,0.3485,0.1259,8.31,0.0,6.1482,0.3485
1.6769,LMPC,8.3182,0.1259,5.9709,0.3485,0.1259,8.31,0.0,6.1482,0.3485
1.6811,LMPC,8.3182,0.1259,5.9709,0.3485,0.1259,8.31,0.0,6.1482,0.3485
1.6855,LMPC,8.3763,0.1399,5.9698,0.3751,0.1399,8.37,0.0,6.1188,0.3751
1.69,LMPC,8.3763,0.1399,5.9698,0.3751,0.1399,8.37,0.0,6.1188,0.3751
1.6944,LMPC,8.434,0.1551,5.9689,0.4027,0.1551,8.43,0.0,6.0893,0.4027
1.6986,LMPC,8.434,0.1551,5.9689,0.4027,0.1551,8.43,0.0,6.0893,0.4027
1.7032,LMPC,8.434,0.1551,5.9689,0.4027,0.1551,8.43,0.0,6.0893,0.4027
1.7077,LMPC,8.4914,0.1715,5.9699,0.4307,0.1709,8.49,0.0005,6.0597,0.4277
1.7122,LMPC,8.5484,0.1891,5.9705,0.4597,0.188,8.55,0.0012,6.0299,0.4532
1.7166,LMPC,8.5484,0.1891,5.9705,0.4597,0.188,8.55,0.0012,6.0299,0.4532
1.721,LMPC,8.5484,0.1891,5.9705,0.4597,0.188,8.55,0.0012,6.0299,0.4532
1.7254,LMPC,8.605,0.2082,5.9711,0.4901,0.2064,8.61,0.0018,6.0,0.4801
1.7296,LMPC,8.605,0.2082,5.9711,0.4901,0.2064,8.61,0.0018,6.0,0.4801
1.7342,LMPC,8.6612,0.2285,5.973,0.5212,0.2087,8.7269,0.025,6.0299,0.4286
1.7388,LMPC,8.6612,0.2285,5.973,0.5212,0.2087,8.7269,0.025,6.0299,0.4286
1.7431,LMPC,8.6612,0.2285,5.973,0.5212,0.2087,8.7269,0.025,6.0299,0.4286
1.7473,LMPC,8.7168,0.2503,5.9748,0.5531,0.2172,8.7848,0.0408,6.015,0.4046
1.7518,LMPC,8.7719,0.2735,5.9766,0.5854,0.2202,8.8694,0.0703,6.0,0.3528
1.7562,LMPC,8.7719,0.2735,5.9766,0.5854,0.2202,8.8694,0.0703,6.0,0.3528
1.7605,LMPC,8.7719,0.2735,5.9766,0.5854,0.2202,8.8694,0.0703,6.0,0.3528
1.7649,LMPC,8.8263,0.2981,5.9792,0.6183,0.2204,8.9232,0.097,6.0299,0.3293
1.7695,LMPC,8.8263,0.2981,5.9792,0.6183,0.2204,8.9232,0.097,6.0299,0.3293
1.774,LMPC,8.8802,0.3241,5.9826,0.6512,0.2214,8.9769,0.1236,6.015,0.3058
1.7783,LMPC,8.8802,0.3241,5.9826,0.6512,0.2214,8.9769,0.1236,6.015,0.3058
1.7826,LMPC,8.8802,0.3241,5.9826,0.6512,0.2214,8.9769,0.1236,6.015,0.3058
1.7874,LMPC,8.9333,0.3517,5.9868,0.6846,0.2157,9.0538,0.1697,6.0039,0.2547
1.7919,LMPC,8.9857,0.3808,5.9921,0.719,0.2085,9.1015,0.2061,6.0338,0.2327
1.7961,LMPC,8.9857,0.3808,5.9921,0.719,0.2085,9.1015,0.2061,6.0338,0.2327
1.8003,LMPC,8.9857,0.3808,5.9921,0.719,0.2085,9.1015,0.2061,6.0338,0.2327
1.8048,LMPC,9.0372,0.4114,5.9978,0.7537,0.2024,9.1491,0.2425,6.015,0.2111
1.8092,LMPC,9.0372,0.4114,5.9978,0.7537,0.2024,9.1491,0.2425,6.015,0.2111
1.8136,LMPC,9.0878,0.4436,6.0036,0.789,0.1832,9.235,0.3256,6.0299,0.1337
1.818,LMPC,9.0878,0.4436,6.0036,0.789,0.1832,9.235,0.3256,6.0299,0.1337
1.8227,LMPC,9.0878,0.4436,6.0036,0.789,0.1832,9.235,0.3256,6.0299,0.1337
1.8272,LMPC,9.1376,0.4773,6.0104,0.8244,0.1706,9.2748,0.3705,6.0299,0.1128
1.8315,LMPC,9.1863,0.5126,6.019,0.86,0.1591,9.3147,0.4153,6.0,0.092
1.8361,LMPC,9.1863,0.5126,6.019,0.86,0.1591,9.3147,0.4153,6.0,0.092
1.8406,LMPC,9.1863,0.5126,6.019,0.86,0.1591,9.3147,0.4153,6.0,0.092
1.8452,LMPC,9.234,0.5493,6.0284,0.895,0.1399,9.3471,0.4656,6.015,0.0706
1.8496,LMPC,9.234,0.5493,6.0284,0.895,0.1399,9.3471,0.4656,6.015,0.0706
1.8543,LMPC,9.2806,0.5876,6.0384,0.9288,0.1196,9.3776,0.5173,6.0299,0.0481
1.8588,LMPC,9.2806,0.5876,6.0384,0.9288,0.1196,9.3776,0.5173,6.0299,0.0481
1.8632,LMPC,9.3262,0.6273,6.0522,0.9617,0.1006,9.4081,0.5689,6.0,0.0247
1.8675,LMPC,9.3262,0.6273,6.0522,0.9617,0.1006,9.4081,0.5689,6.0,0.0247
1.8721,LMPC,9.3707,0.6685,6.0663,0.9934,0.0724,9.4447,0.6507,6.015,-0.0282
1.8763,LMPC,9.3707,0.6685,6.0663,0.9934,0.0724,9.4447,0.6507,6.015,-0.0282
1.8805,LMPC,9.3707,0.6685,6.0663,0.9934,0.0724,9.4447,0.6507,6.015,-0.0282
1.8848,LMPC,9.4139,0.7111,6.0808,1.0243,0.0466,9.4648,0.7073,6.0299,-0.0537
1.8891,LMPC,9.4139,0.7111,6.0808,1.0243,0.0466,9.4648,0.7073,6.0299,-0.0537
1.8935,LMPC,9.456,0.7551,6.0956,1.0539,0.0256,9.4748,0.7355,6.015,-0.0523
1.8976,LMPC,9.456,0.7551,6.0956,1.0539,0.0256,9.4748,0.7355,6.015,-0.0523
1.9017,LMPC,9.456,0.7551,6.0956,1.0539,0.0256,9.4748,0.7355,6.015,-0.0523
1.9063,LMPC,9.4969,0.8004,6.1107,1.0818,0.0014,9.4949,0.7921,6.0,-0.0807
1.9109,LMPC,9.4969,0.8004,6.1107,1.0818,0.0014,9.4949,0.7921,6.0,-0.0807
1.9155,LMPC,9.5366,0.8469,6.1262,1.1087,0.032,9.5041,0.8513,6.015,-0.1101
1.9393,LMPC,9.6123,0.9437,6.1606,1.1592,0.0939,9.522,0.97,6.015,-0.1723
1.9433,LMPC,9.6482,0.9939,6.1775,1.1829,0.1207,9.526,0.9997,6.0,-0.1757
1.948,LMPC,9.6482,0.9939,6.1775,1.1829,0.1207,9.526,0.9997,6.0,-0.1757
1.9524,LMPC,9.6829,1.0451,6.1946,1.205,0.1558,9.5273,1.0597,6.0299,-0.1909
1.957,LMPC,9.6829,1.0451,6.1946,1.205,0.1558,9.5273,1.0597,6.0299,-0.1909
1.9613,LMPC,9.6829,1.0451,6.1946,1.205,0.1558,9.5273,1.0597,6.0299,-0.1909
1.9656,LMPC,9.7164,1.0973,6.2109,1.2262,0.1849,9.528,1.0897,6.0448,-0.1884
1.9699,LMPC,9.7164,1.0973,6.2109,1.2262,0.1849,9.528,1.0897,6.0448,-0.1884
1.9747,LMPC,9.7486,1.1505,6.2264,1.2465,0.2176,9.5294,1.1497,6.0745,-0.2055
1.9791,LMPC,9.7486,1.1505,6.2264,1.2465,0.2176,9.5294,1.1497,6.0745,-0.2055
1.9835,LMPC,9.7796,1.2046,6.2454,1.2663,0.2478,9.5339,1.2395,6.1188,-0.2174
1.9878,LMPC,9.7796,1.2046,6.2454,1.2663,0.2478,9.5339,1.2395,6.1188,-0.2174
1.9925,LMPC,9.8094,1.2596,6.2634,1.285,0.2727,9.5365,1.2694,6.1335,-0.1987
1.9969,LMPC,9.8094,1.2596,6.2634,1.285,0.2727,9.5365,1.2694,6.1335,-0.1987
2.0012,LMPC,9.8094,1.2596,6.2634,1.285,0.2727,9.5365,1.2694,6.1335,-0.1987
2.0088,LMPC,9.838,1.3154,6.2811,1.3024,0.2964,9.5417,1.3292,6.1628,-0.1814
2.0135,LMPC,9.8655,1.372,6.2978,1.319,0.3188,9.5469,1.3889,6.1919,-0.1647
2.0181,LMPC,9.8655,1.372,6.2978,1.319,0.3188,9.5469,1.3889,6.1919,-0.1647
2.0226,LMPC,9.8655,1.372,6.2978,1.319,0.3188,9.5469,1.3889,6.1919,-0.1647
2.0275,LMPC,9.8917,1.4293,6.3147,1.3349,0.34,9.5522,1.4487,6.2209,-0.1489
2.032,LMPC,9.9169,1.4873,6.3323,1.3503,0.36,9.5574,1.5085,6.2498,-0.1335
2.0363,LMPC,9.9169,1.4873,6.3323,1.3503,0.36,9.5574,1.5085,6.2498,-0.1335
2.0408,LMPC,9.9169,1.4873,6.3323,1.3503,0.36,9.5574,1.5085,6.2498,-0.1335
2.0454,LMPC,9.9409,1.546,6.3488,1.365,0.3788,9.5626,1.5683,6.2785,-0.1188
2.0496,LMPC,9.9409,1.546,6.3488,1.365,0.3788,9.5626,1.5683,6.2785,-0.1188
2.0539,LMPC,9.9639,1.6053,6.3651,1.3785,0.3966,9.5678,1.628,6.3071,-0.1053
2.0586,LMPC,9.9639,1.6053,6.3651,1.3785,0.3966,9.5678,1.628,6.3071,-0.1053
2.0631,LMPC,9.9639,1.6053,6.3651,1.3785,0.3966,9.5678,1.628,6.3071,-0.1053
2.0675,LMPC,9.9858,1.6651,6.3813,1.3913,0.4132,9.573,1.6878,6.3356,-0.0924
2.0717,LMPC,10.0068,1.7255,6.398,1.4035,0.4288,9.5809,1.7775,6.3781,-0.0803
2.0761,LMPC,10.0068,1.7255,6.398,1.4035,0.4288,9.5809,1.7775,6.3781,-0.0803
2.0805,LMPC,10.0068,1.7255,6.398,1.4035,0.4288,9.5809,1.7775,6.3781,-0.0803
2.0847,LMPC,10.0267,1.7864,6.4145,1.4153,0.4434,9.5861,1.8372,6.4062,-0.0685
2.0889,LMPC,10.0267,1.7864,6.4145,1.4153,0.4434,9.5861,1.8372,6.4062,-0.0685
2.0935,LMPC,10.0456,1.8477,6.4307,1.4267,0.4569,9.5913,1.897,6.4343,-0.0571
2.0979,LMPC,10.0456,1.8477,6.4307,1.4267,0.4569,9.5913,1.897,6.4343,-0.0571
2.1022,LMPC,10.0456,1.8477,6.4307,1.4267,0.4569,9.5913,1.897,6.4343,-0.0571
2.1066,LMPC,10.0636,1.9095,6.4468,1.438,0.4694,9.5965,1.9568,6.4622,-0.0458
2.1108,LMPC,10.0636,1.9095,6.4468,1.438,0.4694,9.5965,1.9568,6.4622,-0.0458
2.1151,LMPC,10.0806,1.9718,6.463,1.4491,0.481,9.6017,2.0165,6.49,-0.0347
2.1196,LMPC,10.0806,1.9718,6.463,1.4491,0.481,9.6017,2.0165,6.49,-0.0347
2.1241,LMPC,10.0967,2.0345,6.4797,1.4602,0.4916,9.607,2.0763,6.5177,-0.0236
2.1284,LMPC,10.0967,2.0345,6.4797,1.4602,0.4916,9.607,2.0763,6.5177,-0.0236
2.133,LMPC,10.112,2.0976,6.4962,1.4709,0.5012,9.6122,2.1361,6.5452,-0.0129
2.1373,LMPC,10.112,2.0976,6.4962,1.4709,0.5012,9.6122,2.1361,6.5452,-0.0129
2.1416,LMPC,10.112,2.0976,6.4962,1.4709,0.5012,9.6122,2.1361,6.5452,-0.0129
2.1459,LMPC,10.1264,2.161,6.5123,1.4807,0.5101,9.6174,2.1959,6.5727,-0.0031
2.1505,LMPC,10.1264,2.161,6.5123,1.4807,0.5101,9.6174,2.1959,6.5727,-0.0031
2.155,LMPC,10.1399,2.2248,6.5282,1.49,0.518,9.6226,2.2556,6.6,0.0062
2.1592,LMPC,10.1399,2.2248,6.5282,1.49,0.518,9.6226,2.2556,6.6,0.0062
2.1636,LMPC,10.1527,2.2889,6.5446,1.4987,0.5252,9.6304,2.3453,6.6408,0.015
2.1681,LMPC,10.1527,2.2889,6.5446,1.4987,0.5252,9.6304,2.3453,6.6408,0.015
2.1725,LMPC,10.1647,2.3533,6.5606,1.5073,0.5316,9.6357,2.4051,6.6678,0.0235
2.1768,LMPC,10.1647,2.3533,6.5606,1.5073,0.5316,9.6357,2.4051,6.6678,0.0235
2.1809,LMPC,10.1647,2.3533,6.5606,1.5073,0.5316,9.6357,2.4051,6.6678,0.0235
2.1856,LMPC,10.176,2.418,6.5764,1.5154,0.5371,9.6409,2.4648,6.6948,0.0316
2.19,LMPC,10.176,2.418,6.5764,1.5154,0.5371,9.6409,2.4648,6.6948,0.0316
2.1944,LMPC,10.1864,2.483,6.5908,1.5236,0.5419,9.6461,2.5246,6.7216,0.0398
2.1988,LMPC,10.1864,2.483,6.5908,1.5236,0.5419,9.6461,2.5246,6.7216,0.0398
2.2033,LMPC,10.1864,2.483,6.5908,1.5236,0.5419,9.6461,2.5246,6.7216,0.0398
2.2077,LMPC,10.1962,2.5482,6.6039,1.5316,0.546,9.6513,2.5844,6.7483,0.0479
2.2121,LMPC,10.2052,2.6137,6.6155,1.5399,0.5493,9.6591,2.674,6.7882,0.0561
2.2164,LMPC,10.2052,2.6137,6.6155,1.5399,0.5493,9.6591,2.674,6.7882,0.0561
2.2209,LMPC,10.2052,2.6137,6.6155,1.5399,0.5493,9.6591,2.674,6.7882,0.0561
2.2253,LMPC,10.2136,2.6794,6.6256,1.5478,0.5519,9.6644,2.7338,6.8147,0.064
2.2295,LMPC,10.2136,2.6794,6.6256,1.5478,0.5519,9.6644,2.7338,6.8147,0.064
2.2342,LMPC,10.2213,2.7452,6.6343,1.555,0.5539,9.6696,2.7936,6.8411,0.0712
2.2386,LMPC,10.2213,2.7452,6.6343,1.555,0.5539,9.6696,2.7936,6.8411,0.0712
2.2429,LMPC,10.2213,2.7452,6.6343,1.555,0.5539,9.6696,2.7936,6.8411,0.0712
2.2474,LMPC,10.2284,2.8112,6.6415,1.5618,0.5552,9.6748,2.8534,6.8673,0.0781
2.2521,LMPC,10.235,2.8774,6.6474,1.5682,0.5559,9.68,2.9131,6.8935,0.0844
2.2565,LMPC,10.235,2.8774,6.6474,1.5682,0.5559,9.68,2.9131,6.8935,0.0844
2.2608,LMPC,10.235,2.8774,6.6474,1.5682,0.5559,9.68,2.9131,6.8935,0.0844
2.2652,LMPC,10.2409,2.9436,6.6521,1.5746,0.5561,9.6878,3.0028,6.9325,0.0908
2.2698,LMPC,10.2409,2.9436,6.6521,1.5746,0.5561,9.6878,3.0028,6.9325,0.0908
2.2743,LMPC,10.2462,3.0099,6.6555,1.5806,0.5556,9.6931,3.0626,6.9584,0.0969
2.2785,LMPC,10.2462,3.0099,6.6555,1.5806,0.5556,9.6931,3.0626,6.9584,0.0969
2.2828,LMPC,10.2462,3.0099,6.6555,1.5806,0.5556,9.6931,3.0626,6.9584,0.0969
2.2874,LMPC,10.2509,3.0763,6.6577,1.5868,0.5546,9.6983,3.1223,6.9843,0.1031
2.2919,LMPC,10.2552,3.1428,6.6587,1.5929,0.553,9.7035,3.1821,7.01,0.1091
2.2962,LMPC,10.2552,3.1428,6.6587,1.5929,0.553,9.7035,3.1821,7.01,0.1091
2.3004,LMPC,10.2552,3.1428,6.6587,1.5929,0.553,9.7035,3.1821,7.01,0.1091
2.3049,LMPC,10.2588,3.2092,6.6584,1.5992,0.5508,9.7113,3.2718,7.0484,0.1154
2.3093,LMPC,10.2588,3.2092,6.6584,1.5992,0.5508,9.7113,3.2718,7.0484,0.1154
2.3137,LMPC,10.2619,3.2757,6.654,1.6054,0.5482,9.7166,3.3315,7.0739,0.1216
2.3179,LMPC,10.2619,3.2757,6.654,1.6054,0.5482,9.7166,3.3315,7.0739,0.1216
2.3224,LMPC,10.2619,3.2757,6.654,1.6054,0.5482,9.7166,3.3315,7.0739,0.1216
2.3271,LMPC,10.2645,3.3422,6.6461,1.6121,0.5449,9.7218,3.3913,7.0993,0.1283
2.3314,LMPC,10.2666,3.4086,6.6353,1.6188,0.5412,9.727,3.4511,7.112,0.135
2.3356,LMPC,10.2666,3.4086,6.6353,1.6188,0.5412,9.727,3.4511,7.112,0.135
2.3402,LMPC,10.2666,3.4086,6.6353,1.6188,0.5412,9.727,3.4511,7.112,0.135
2.3447,LMPC,10.2681,3.4748,6.6222,1.6261,0.537,9.7322,3.5109,7.0866,0.1423
2.349,LMPC,10.2681,3.4748,6.6222,1.6261,0.537,9.7322,3.5109,7.0866,0.1423
2.3534,LMPC,10.2691,3.541,6.6077,1.6332,0.5323,9.74,3.6005,7.0484,0.1494
2.3579,LMPC,10.2691,3.541,6.6077,1.6332,0.5323,9.74,3.6005,7.0484,0.1494
2.3623,LMPC,10.2691,3.541,6.6077,1.6332,0.5323,9.74,3.6005,7.0484,0.1494
2.3666,LMPC,10.2697,3.607,6.5934,1.6394,0.5271,9.7453,3.6603,7.0228,0.1557
2.3709,LMPC,10.2697,3.607,6.5934,1.6394,0.5271,9.7453,3.6603,7.0228,0.1557
2.3756,LMPC,10.2699,3.6728,6.5792,1.6454,0.5216,9.7505,3.7201,6.9971,0.1616
2.38,LMPC,10.2699,3.6728,6.5792,1.6454,0.5216,9.7505,3.7201,6.9971,0.1616
2.3843,LMPC,10.2697,3.7386,6.5664,1.6506,0.5156,9.7557,3.7798,6.9714,0.1668
2.3886,LMPC,10.2697,3.7386,6.5664,1.6506,0.5156,9.7557,3.7798,6.9714,0.1668
2.3933,LMPC,10.269,3.8041,6.5518,1.6557,0.5093,9.7609,3.8396,6.9455,0.1719
2.3978,LMPC,10.269,3.8041,6.5518,1.6557,0.5093,9.7609,3.8396,6.9455,0.1719
2.402,LMPC,10.269,3.8041,6.5518,1.6557,0.5093,9.7609,3.8396,6.9455,0.1719
2.4066,LMPC,10.2679,3.8696,6.5382,1.6602,0.5025,9.7661,3.8994,6.9195,0.1765
2.4111,LMPC,10.2679,3.8696,6.5382,1.6602,0.5025,9.7661,3.8994,6.9195,0.1765
2.4155,LMPC,10.2665,3.9349,6.5233,1.6647,0.4953,9.774,3.989,6.8804,0.1809
2.4196,LMPC,10.2665,3.9349,6.5233,1.6647,0.4953,9.774,3.989,6.8804,0.1809
2.424,LMPC,10.2646,4.0,6.5084,1.6688,0.4878,9.7792,4.0488,6.8542,0.185
2.4285,LMPC,10.2646,4.0,6.5084,1.6688,0.4878,9.7792,4.0488,6.8542,0.185
2.4329,LMPC,10.2623,4.065,6.4935,1.6728,0.4799,9.7844,4.1086,6.8279,0.1891
2.4371,LMPC,10.2623,4.065,6.4935,1.6728,0.4799,9.7844,4.1086,6.8279,0.1891
2.4415,LMPC,10.2623,4.065,6.4935,1.6728,0.4799,9.7844,4.1086,6.8279,0.1891
2.4463,LMPC,10.2597,4.1298,6.4786,1.6766,0.4717,9.7896,4.1684,6.8015,0.1928
2.4508,LMPC,10.2597,4.1298,6.4786,1.6766,0.4717,9.7896,4.1684,6.8015,0.1928
2.4551,LMPC,10.2567,4.1944,6.4637,1.6804,0.4631,9.7948,4.2281,6.775,0.1966
2.4597,LMPC,10.2567,4.1944,6.4637,1.6804,0.4631,9.7948,4.2281,6.775,0.1966
2.4642,LMPC,10.2534,4.2589,6.4471,1.6839,0.4541,9.8,4.2879,6.7483,0.2001
2.4684,LMPC,10.2534,4.2589,6.4471,1.6839,0.4541,9.8,4.2879,6.7483,0.2001
2.4727,LMPC,10.2497,4.3232,6.4309,1.6875,0.4449,9.8053,4.3477,6.7216,0.2038
2.4769,LMPC,10.2497,4.3232,6.4309,1.6875,0.4449,9.8053,4.3477,6.7216,0.2038
2.4811,LMPC,10.2497,4.3232,6.4309,1.6875,0.4449,9.8053,4.3477,6.7216,0.2038
2.4857,LMPC,10.2457,4.3873,6.4149,1.6909,0.4353,9.8131,4.4373,6.6813,0.2071
2.4901,LMPC,10.2457,4.3873,6.4149,1.6909,0.4353,9.8131,4.4373,6.6813,0.2071
2.4945,LMPC,10.2414,4.4512,6.3981,1.6944,0.4254,9.8183,4.4971,6.6543,0.2107
2.4988,LMPC,10.2414,4.4512,6.3981,1.6944,0.4254,9.8183,4.4971,6.6543,0.2107
2.5067,LMPC,10.2367,4.5149,6.3798,1.6978,0.4153,9.8235,4.5569,6.6272,0.214
2.5111,LMPC,10.2367,4.5149,6.3798,1.6978,0.4153,9.8235,4.5569,6.6272,0.214
2.5156,LMPC,10.2318,4.5784,6.3601,1.7013,0.4049,9.8287,4.6167,6.6,0.2175
2.52,LMPC,10.2318,4.5784,6.3601,1.7013,0.4049,9.8287,4.6167,6.6,0.2175
2.5245,LMPC,10.2266,4.6417,6.3394,1.7046,0.3942,9.834,4.6764,6.5727,0.2208
2.5286,LMPC,10.2266,4.6417,6.3394,1.7046,0.3942,9.834,4.6764,6.5727,0.2208
2.5331,LMPC,10.2211,4.7048,6.3179,1.7082,0.3832,9.8392,4.7362,6.5452,0.2244
2.5375,LMPC,10.2211,4.7048,6.3179,1.7082,0.3832,9.8392,4.7362,6.5452,0.2244
2.542,LMPC,10.2211,4.7048,6.3179,1.7082,0.3832,9.8392,4.7362,6.5452,0.2244
2.5465,LMPC,10.2153,4.7676,6.2958,1.7116,0.372,9.8444,4.796,6.5177,0.2278
2.5511,LMPC,10.2153,4.7676,6.2958,1.7116,0.372,9.8444,4.796,6.5177,0.2278
2.5557,LMPC,10.2093,4.8301,6.273,1.7152,0.3605,9.8496,4.8557,6.49,0.2314
2.56,LMPC,10.2093,4.8301,6.273,1.7152,0.3605,9.8496,4.8557,6.49,0.2314
2.5643,LMPC,10.203,4.8924,6.248,1.7187,0.3489,9.8548,4.9155,6.4622,0.2349
2.5688,LMPC,10.203,4.8924,6.248,1.7187,0.3489,9.8548,4.9155,6.4622,0.2349
2.5733,LMPC,10.1965,4.9544,6.2278,1.7224,0.337,9.8601,4.9753,6.4343,0.2386
2.5776,LMPC,10.1965,4.9544,6.2278,1.7224,0.337,9.8601,4.9753,6.4343,0.2386
2.5819,LMPC,10.1965,4.9544,6.2278,1.7224,0.337,9.8601,4.9753,6.4343,0.2386
2.5866,LMPC,10.1897,5.0163,6.2132,1.7258,0.3248,9.8653,5.0351,6.4062,0.242
2.591,LMPC,10.1897,5.0163,6.2132,1.7258,0.3248,9.8653,5.0351,6.4062,0.242
2.5955,LMPC,10.1826,5.0779,6.1997,1.7293,0.3124,9.8705,5.0948,6.3781,0.2455
2.6,LMPC,10.1826,5.0779,6.1997,1.7293,0.3124,9.8705,5.0948,6.3781,0.2455
2.6046,LMPC,10.1754,5.1395,6.1905,1.7325,0.2998,9.8757,5.1546,6.3498,0.2487
2.6091,LMPC,10.1754,5.1395,6.1905,1.7325,0.2998,9.8757,5.1546,6.3498,0.2487
2.6187,LMPC,10.1678,5.2009,6.1847,1.7357,0.287,9.8809,5.2144,6.3214,0.2519
2.6228,LMPC,10.1678,5.2009,6.1847,1.7357,0.287,9.8809,5.2144,6.3214,0.2519
2.6266,LMPC,10.16,5.2622,6.1817,1.7385,0.2739,9.8862,5.2742,6.2929,0.2547
2.6321,LMPC,10.152,5.3235,6.1794,1.7414,0.2638,9.8883,5.3341,6.2642,0.2436
2.6383,LMPC,10.152,5.3235,6.1794,1.7414,0.2638,9.8883,5.3341,6.2642,0.2436
2.6421,LMPC,10.152,5.3235,6.1794,1.7414,0.2638,9.8883,5.3341,6.2642,0.2436
2.646,LMPC,10.1437,5.3847,6.1795,1.7439,0.2541,9.8897,5.3941,6.2354,0.2291
2.6502,LMPC,10.1437,5.3847,6.1795,1.7439,0.2541,9.8897,5.3941,6.2354,0.2291
2.6543,LMPC,10.1352,5.4459,6.1806,1.7464,0.2441,9.8912,5.4541,6.2064,0.2146
2.6581,LMPC,10.1352,5.4459,6.1806,1.7464,0.2441,9.8912,5.4541,6.2064,0.2146
2.6618,LMPC,10.1352,5.4459,6.1806,1.7464,0.2441,9.8912,5.4541,6.2064,0.2146
2.6665,LMPC,10.1265,5.5071,6.1822,1.7487,0.2338,9.8927,5.514,6.1774,0.2068
2.6709,LMPC,10.1265,5.5071,6.1822,1.7487,0.2338,9.8927,5.514,6.1774,0.2068
2.6753,LMPC,10.1175,5.5683,6.1843,1.751,0.2231,9.8944,5.574,6.1482,0.209
2.6794,LMPC,10.1175,5.5683,6.1843,1.751,0.2231,9.8944,5.574,6.1482,0.209
2.6839,LMPC,10.1083,5.6295,6.1872,1.753,0.2122,9.8962,5.634,6.1188,0.211
2.6882,LMPC,10.1083,5.6295,6.1872,1.753,0.2122,9.8962,5.634,6.1188,0.211
2.6928,LMPC,10.099,5.6907,6.1908,1.7552,0.2011,9.8979,5.694,6.0893,0.2131
2.6971,LMPC,10.099,5.6907,6.1908,1.7552,0.2011,9.8979,5.694,6.0893,0.2131
2.7015,LMPC,10.099,5.6907,6.1908,1.7552,0.2011,9.8979,5.694,6.0893,0.2131
2.7061,LMPC,10.0894,5.7519,6.1948,1.7571,0.192,9.8974,5.754,6.0597,0.2038
2.7105,LMPC,10.0894,5.7519,6.1948,1.7571,0.192,9.8974,5.754,6.0597,0.2038
2.7149,LMPC,10.0796,5.813,6.1984,1.7591,0.1827,9.8969,5.814,6.0299,0.1945
2.7194,LMPC,10.0796,5.813,6.1984,1.7591,0.1827,9.8969,5.814,6.0299,0.1945
2.7241,LMPC,10.0696,5.8742,6.2013,1.761,0.1732,9.8964,5.874,6.0,0.185
2.7284,LMPC,10.0696,5.8742,6.2013,1.761,0.1732,9.8964,5.874,6.0,0.185
2.7328,LMPC,10.0594,5.9354,6.203,1.763,0.1644,9.8954,5.9039,6.0,0.18
2.7585,LMPC,10.0386,6.0577,6.2027,1.7672,0.1643,9.8763,6.0224,6.0597,0.1287
2.7623,LMPC,10.0386,6.0577,6.2027,1.7672,0.1643,9.8763,6.0224,6.0597,0.1287
2.7665,LMPC,10.0278,6.1188,6.199,1.7707,0.1639,9.8667,6.0816,6.0893,0.1043
2.7717,LMPC,10.0278,6.1188,6.199,1.7707,0.1639,9.8667,6.0816,6.0893,0.1043
2.778,LMPC,10.0167,6.1797,6.1914,1.7748,0.1606,9.8562,6.1709,6.1335,0.0993
2.7832,LMPC,10.0167,6.1797,6.1914,1.7748,0.1606,9.8562,6.1709,6.1335,0.0993
2.7878,LMPC,10.0055,6.2406,6.1852,1.7797,0.1557,9.8499,6.2306,6.1628,0.1043
2.7925,LMPC,9.994,6.3013,6.1802,1.785,0.1507,9.8436,6.2903,6.1919,0.1096
2.7968,LMPC,9.994,6.3013,6.1802,1.785,0.1507,9.8436,6.2903,6.1919,0.1096
2.8007,LMPC,9.994,6.3013,6.1802,1.785,0.1507,9.8436,6.2903,6.1919,0.1096
2.805,LMPC,9.9822,6.3619,6.1644,1.791,0.1453,9.8374,6.35,6.2209,0.1156
2.8093,LMPC,9.9822,6.3619,6.1644,1.791,0.1453,9.8374,6.35,6.2209,0.1156
2.8137,LMPC,9.9703,6.4223,6.1473,1.7974,0.1398,9.8311,6.4096,6.2498,0.1219
2.8178,LMPC,9.9703,6.4223,6.1473,1.7974,0.1398,9.8311,6.4096,6.2498,0.1219
2.8222,LMPC,9.9703,6.4223,6.1473,1.7974,0.1398,9.8311,6.4096,6.2498,0.1219
2.8267,LMPC,9.9581,6.4825,6.13,1.8047,0.1339,9.8248,6.4693,6.2785,0.1292
2.831,LMPC,9.9581,6.4825,6.13,1.8047,0.1339,9.8248,6.4693,6.2785,0.1292
2.8353,LMPC,9.9455,6.5424,6.1121,1.8135,0.1276,9.8186,6.529,6.3071,0.138
2.8398,LMPC,9.9455,6.5424,6.1121,1.8135,0.1276,9.8186,6.529,6.3071,0.138
2.8444,LMPC,9.9326,6.602,6.0932,1.8231,0.121,9.8123,6.5886,6.3356,0.1477
2.8488,LMPC,9.9326,6.602,6.0932,1.8231,0.121,9.8123,6.5886,6.3356,0.1477
2.8532,LMPC,9.9193,6.6614,6.0791,1.8342,0.114,9.806,6.6483,6.364,0.1587
2.8577,LMPC,9.9193,6.6614,6.0791,1.8342,0.114,9.806,6.6483,6.364,0.1587
2.8623,LMPC,9.9193,6.6614,6.0791,1.8342,0.114,9.806,6.6483,6.364,0.1587
2.8668,LMPC,9.9055,6.7206,6.0671,1.8469,0.1065,9.7997,6.708,6.3922,0.1715
2.8711,LMPC,9.9055,6.7206,6.0671,1.8469,0.1065,9.7997,6.708,6.3922,0.1715
2.8759,LMPC,9.8912,6.7795,6.0552,1.8607,0.0985,9.7935,6.7677,6.364,0.1853
2.8804,LMPC,9.8912,6.7795,6.0552,1.8607,0.0985,9.7935,6.7677,6.364,0.1853
2.8849,LMPC,9.8765,6.8381,6.0452,1.8757,0.0899,9.7872,6.8273,6.3356,0.2002
2.8892,LMPC,9.8765,6.8381,6.0452,1.8757,0.0899,9.7872,6.8273,6.3356,0.2002
2.8939,LMPC,9.8612,6.8966,6.0395,1.8912,0.0808,9.7809,6.887,6.3071,0.2157
2.8985,LMPC,9.8612,6.8966,6.0395,1.8912,0.0808,9.7809,6.887,6.3071,0.2157
2.9029,LMPC,9.8612,6.8966,6.0395,1.8912,0.0808,9.7809,6.887,6.3071,0.2157
2.9073,LMPC,9.8452,6.9548,6.037,1.9076,0.0711,9.7747,6.9467,6.2785,0.2322
2.912,LMPC,9.8286,7.0128,6.0288,1.9255,0.0606,9.7684,7.0063,6.2498,0.25
2.9163,LMPC,9.8286,7.0128,6.0288,1.9255,0.0606,9.7684,7.0063,6.2498,0.25
2.9206,LMPC,9.8286,7.0128,6.0288,1.9255,0.0606,9.7684,7.0063,6.2498,0.25
2.925,LMPC,9.8113,7.0706,6.0213,1.9443,0.0494,9.7621,7.066,6.2209,0.2688
2.9296,LMPC,9.8113,7.0706,6.0213,1.9443,0.0494,9.7621,7.066,6.2209,0.2688
2.934,LMPC,9.7933,7.128,6.0186,1.9644,0.0375,9.7558,7.1257,6.1919,0.2889
2.9383,LMPC,9.7933,7.128,6.0186,1.9644,0.0375,9.7558,7.1257,6.1919,0.2889
2.9427,LMPC,9.7933,7.128,6.0186,1.9644,0.0375,9.7558,7.1257,6.1919,0.2889
2.9473,LMPC,9.7744,7.1851,6.0142,1.9861,0.0246,9.7496,7.1854,6.1628,0.3106
2.9516,LMPC,9.7546,7.2419,6.0082,2.0089,0.0109,9.7433,7.245,6.1335,0.3334
2.9559,LMPC,9.7546,7.2419,6.0082,2.0089,0.0109,9.7433,7.245,6.1335,0.3334
2.9605,LMPC,9.7546,7.2419,6.0082,2.0089,0.0109,9.7433,7.245,6.1335,0.3334
2.9651,LMPC,9.7339,7.2983,6.006,2.0331,0.0038,9.737,7.3047,6.1041,0.3576
2.9695,LMPC,9.7339,7.2983,6.006,2.0331,0.0038,9.737,7.3047,6.1041,0.3576
2.974,LMPC,9.7122,7.3543,6.0063,2.0589,0.0195,9.7308,7.3644,6.0745,0.3834
2.9783,LMPC,9.7122,7.3543,6.0063,2.0589,0.0195,9.7308,7.3644,6.0745,0.3834
2.9828,LMPC,9.7122,7.3543,6.0063,2.0589,0.0195,9.7308,7.3644,6.0745,0.3834
2.9874,LMPC,9.6895,7.4098,6.0057,2.0856,0.0363,9.7245,7.424,6.0448,0.4102
2.992,LMPC,9.6656,7.465,6.0063,2.1134,0.0542,9.7182,7.4837,6.015,0.438
2.9963,LMPC,9.6656,7.465,6.0063,2.1134,0.0542,9.7182,7.4837,6.015,0.438
3.0009,LMPC,9.6656,7.465,6.0063,2.1134,0.0542,9.7182,7.4837,6.015,0.438
3.0086,LMPC,9.6407,7.5196,6.0082,2.1417,0.0714,9.7099,7.543,6.0,0.4573
3.0131,LMPC,9.6146,7.5738,6.0096,2.1708,0.0841,9.6956,7.6013,6.0299,0.4516
3.0175,LMPC,9.6146,7.5738,6.0096,2.1708,0.0841,9.6956,7.6013,6.0299,0.4516
3.022,LMPC,9.6146,7.5738,6.0096,2.1708,0.0841,9.6956,7.6013,6.0299,0.4516
3.0264,LMPC,9.5873,7.6273,6.0109,2.2013,0.0983,9.6813,7.6596,6.015,0.4473
3.0307,LMPC,9.5873,7.6273,6.0109,2.2013,0.0983,9.6813,7.6596,6.015,0.4473
3.0354,LMPC,9.5587,7.6802,6.0133,2.2326,0.1138,9.6669,7.7178,6.0,0.4438
3.0397,LMPC,9.5587,7.6802,6.0133,2.2326,0.1138,9.6669,7.7178,6.0,0.4438
3.0441,LMPC,9.5289,7.7324,6.0161,2.2647,0.1135,9.6272,7.7984,6.0299,0.3944
3.0484,LMPC,9.5289,7.7324,6.0161,2.2647,0.1135,9.6272,7.7984,6.0299,0.3944
3.0529,LMPC,9.4977,7.7839,6.0182,2.2971,0.119,9.5995,7.8516,6.015,0.3705
3.0574,LMPC,9.4977,7.7839,6.0182,2.2971,0.119,9.5995,7.8516,6.015,0.3705
3.0617,LMPC,9.4977,7.7839,6.0182,2.2971,0.119,9.5995,7.8516,6.015,0.3705
3.0661,LMPC,9.4653,7.8346,6.0211,2.3301,0.1257,9.5718,7.9048,6.0,0.3471
3.0707,LMPC,9.4653,7.8346,6.0211,2.3301,0.1257,9.5718,7.9048,6.0,0.3471
3.0753,LMPC,9.4315,7.8844,6.0251,2.3631,0.1228,9.5349,7.952,6.015,0.3237
3.0798,LMPC,9.4315,7.8844,6.0251,2.3631,0.1228,9.5349,7.952,6.015,0.3237
3.0845,LMPC,9.3964,7.9334,6.03,2.3963,0.1203,9.4975,7.999,6.0299,0.3006
3.089,LMPC,9.3964,7.9334,6.03,2.3963,0.1203,9.4975,7.999,6.0299,0.3006
3.0935,LMPC,9.3599,7.9815,6.0368,2.4293,0.1191,9.4601,8.0459,6.0,0.2772
3.0978,LMPC,9.3599,7.9815,6.0368,2.4293,0.1191,9.4601,8.0459,6.0,0.2772
3.1024,LMPC,9.3599,7.9815,6.0368,2.4293,0.1191,9.4601,8.0459,6.0,0.2772
3.1069,LMPC,9.3221,8.0286,6.044,2.4622,0.1067,9.3955,8.108,6.015,0.2256
3.1112,LMPC,9.3221,8.0286,6.044,2.4622,0.1067,9.3955,8.108,6.015,0.2256
3.1155,LMPC,9.283,8.0747,6.0504,2.4947,0.0979,9.3498,8.1469,6.0299,0.2017
3.1199,LMPC,9.283,8.0747,6.0504,2.4947,0.0979,9.3498,8.1469,6.0299,0.2017
3.1244,LMPC,9.2425,8.1197,6.0558,2.5273,0.0903,9.3041,8.1858,6.0,0.178
3.1286,LMPC,9.2425,8.1197,6.0558,2.5273,0.0903,9.3041,8.1858,6.0,0.178
3.1329,LMPC,9.2007,8.1636,6.0604,2.5593,0.0711,9.2282,8.2336,6.0299,0.1255
3.1373,LMPC,9.2007,8.1636,6.0604,2.5593,0.0711,9.2282,8.2336,6.0299,0.1255
3.1416,LMPC,9.2007,8.1636,6.0604,2.5593,0.0711,9.2282,8.2336,6.0299,0.1255
3.1462,LMPC,9.1577,8.2063,6.0643,2.5905,0.0561,9.1759,8.263,6.0299,0.1003
3.1505,LMPC,9.1577,8.2063,6.0643,2.5905,0.0561,9.1759,8.263,6.0299,0.1003
3.1551,LMPC,9.1135,8.2479,6.0685,2.6211,0.0427,9.1237,8.2925,6.0,0.0745
3.1594,LMPC,9.1135,8.2479,6.0685,2.6211,0.0427,9.1237,8.2925,6.0,0.0745
3.1638,LMPC,9.0682,8.2882,6.0735,2.651,0.0225,9.0681,8.3145,6.015,0.0481
3.1883,LMPC,8.974,8.3651,6.0871,2.7087,0.0197,8.9542,8.3524,6.015,-0.0069
3.1924,LMPC,8.9253,8.4016,6.0954,2.7355,0.0365,8.9258,8.3618,6.0,-0.0083
3.1962,LMPC,8.9253,8.4016,6.0954,2.7355,0.0365,8.9258,8.3618,6.0,-0.0083
3.2001,LMPC,8.9253,8.4016,6.0954,2.7355,0.0365,8.9258,8.3618,6.0,-0.0083
3.2062,LMPC,8.8755,8.4369,6.1044,2.7611,0.0633,8.8669,8.3728,6.015,-0.0337
3.2121,LMPC,8.8247,8.4709,6.1129,2.7856,0.0903,8.8076,8.3817,6.0448,-0.059
3.2171,LMPC,8.8247,8.4709,6.1129,2.7856,0.0903,8.8076,8.3817,6.0448,-0.059
3.2217,LMPC,8.8247,8.4709,6.1129,2.7856,0.0903,8.8076,8.3817,6.0448,-0.059
3.2265,LMPC,8.773,8.5036,6.121,2.8094,0.1156,8.7483,8.3907,6.0745,-0.085
3.2308,LMPC,8.773,8.5036,6.121,2.8094,0.1156,8.7483,8.3907,6.0745,-0.085
3.2351,LMPC,8.7204,8.535,6.1325,2.832,0.1374,8.6892,8.4011,6.1041,-0.0928
3.2394,LMPC,8.7204,8.535,6.1325,2.832,0.1374,8.6892,8.4011,6.1041,-0.0928
3.2438,LMPC,8.667,8.5651,6.1434,2.8529,0.1554,8.6306,8.414,6.1335,-0.0719
3.2479,LMPC,8.667,8.5651,6.1434,2.8529,0.1554,8.6306,8.414,6.1335,-0.0719
3.2522,LMPC,8.6127,8.594,6.1548,2.8727,0.1719,8.572,8.427,6.1188,-0.052
3.2565,LMPC,8.6127,8.594,6.1548,2.8727,0.1719,8.572,8.427,6.1188,-0.052
3.2609,LMPC,8.6127,8.594,6.1548,2.8727,0.1719,8.572,8.427,6.1188,-0.052
3.2653,LMPC,8.5576,8.6216,6.1667,2.8914,0.187,8.5134,8.4399,6.0893,-0.0334
3.2696,LMPC,8.5576,8.6216,6.1667,2.8914,0.187,8.5134,8.4399,6.0893,-0.0334
3.2744,LMPC,8.5018,8.648,6.179,2.9094,0.2029,8.4544,8.4507,6.0597,-0.0264
3.2789,LMPC,8.5018,8.648,6.179,2.9094,0.2029,8.4544,8.4507,6.0597,-0.0264
3.2832,LMPC,8.5018,8.648,6.179,2.9094,0.2029,8.4544,8.4507,6.0597,-0.0264
3.2875,LMPC,8.4453,8.6732,6.1918,2.9262,0.2174,8.3954,8.4614,6.0299,-0.0209
3.2922,LMPC,8.3882,8.6973,6.2049,2.9415,0.2307,8.3364,8.4722,6.0,-0.0169
3.2966,LMPC,8.3882,8.6973,6.2049,2.9415,0.2307,8.3364,8.4722,6.0,-0.0169
3.3009,LMPC,8.3882,8.6973,6.2049,2.9415,0.2307,8.3364,8.4722,6.0,-0.0169
3.3053,LMPC,8.3304,8.7202,6.2195,2.9558,0.2437,8.3068,8.4769,6.0,-0.0098
3.3098,LMPC,8.3304,8.7202,6.2195,2.9558,0.2437,8.3068,8.4769,6.0,-0.0098
3.3145,LMPC,8.2721,8.742,6.2344,2.969,0.2613,8.2768,8.4766,6.0,-0.0146
3.3187,LMPC,8.2721,8.742,6.2344,2.969,0.2613,8.2768,8.4766,6.0,-0.0146
3.323,LMPC,8.2721,8.742,6.2344,2.969,0.2613,8.2768,8.4766,6.0,-0.0146
3.3276,LMPC,8.2132,8.7627,6.2497,2.9816,0.284,8.2168,8.4761,6.0299,-0.038
3.3323,LMPC,8.1538,8.7824,6.2652,2.9935,0.3053,8.1568,8.4757,6.0597,-0.0622
3.3365,LMPC,8.1538,8.7824,6.2652,2.9935,0.3053,8.1568,8.4757,6.0597,-0.0622
3.3407,LMPC,8.1538,8.7824,6.2652,2.9935,0.3053,8.1568,8.4757,6.0597,-0.0622
3.3452,LMPC,8.0939,8.801,6.281,3.0051,0.3246,8.0668,8.4774,6.1041,-0.0812
3.3496,LMPC,8.0939,8.801,6.281,3.0051,0.3246,8.0668,8.4774,6.1041,-0.0812
3.3539,LMPC,8.0336,8.8186,6.2961,3.0159,0.3389,8.0069,8.4807,6.1335,-0.0704
3.3582,LMPC,8.0336,8.8186,6.2961,3.0159,0.3389,8.0069,8.4807,6.1335,-0.0704
3.3625,LMPC,8.0336,8.8186,6.2961,3.0159,0.3389,8.0069,8.4807,6.1335,-0.0704
3.3673,LMPC,7.9728,8.8354,6.3111,3.0256,0.3522,7.947,8.484,6.1628,-0.0606
3.3717,LMPC,7.9116,8.8512,6.3264,3.0348,0.3646,7.8871,8.4874,6.1919,-0.0515
3.376,LMPC,7.9116,8.8512,6.3264,3.0348,0.3646,7.8871,8.4874,6.1919,-0.0515
3.3802,LMPC,7.9116,8.8512,6.3264,3.0348,0.3646,7.8871,8.4874,6.1919,-0.0515
3.3848,LMPC,7.8501,8.8661,6.3419,3.0432,0.3762,7.8272,8.4907,6.2209,-0.0431
3.3893,LMPC,7.8501,8.8661,6.3419,3.0432,0.3762,7.8272,8.4907,6.2209,-0.0431
3.3938,LMPC,7.7882,8.8803,6.3587,3.0513,0.3868,7.7673,8.494,6.2498,-0.035
3.3981,LMPC,7.7882,8.8803,6.3587,3.0513,0.3868,7.7673,8.494,6.2498,-0.035
3.4028,LMPC,7.7882,8.8803,6.3587,3.0513,0.3868,7.7673,8.494,6.2498,-0.035
3.4074,LMPC,7.7259,8.8936,6.3757,3.0588,0.3967,7.7074,8.4973,6.2785,-0.0274
3.4119,LMPC,7.6633,8.9061,6.3939,3.0663,0.4057,7.6475,8.5006,6.3071,-0.02
3.4162,LMPC,7.6633,8.9061,6.3939,3.0663,0.4057,7.6475,8.5006,6.3071,-0.02
3.4207,LMPC,7.6633,8.9061,6.3939,3.0663,0.4057,7.6475,8.5006,6.3071,-0.02
3.4251,LMPC,7.6004,8.9179,6.4121,3.0734,0.414,7.5876,8.5039,6.3356,-0.0129
3.4294,LMPC,7.6004,8.9179,6.4121,3.0734,0.414,7.5876,8.5039,6.3356,-0.0129
3.4341,LMPC,7.5371,8.9289,6.4305,3.0805,0.4215,7.5277,8.5073,6.364,-0.0058
3.4387,LMPC,7.5371,8.9289,6.4305,3.0805,0.4215,7.5277,8.5073,6.364,-0.0058
3.4431,LMPC,7.5371,8.9289,6.4305,3.0805,0.4215,7.5277,8.5073,6.364,-0.0058
3.4475,LMPC,7.4735,8.9392,6.4489,3.0874,0.4283,7.4378,8.5122,6.4062,0.0011
3.4523,LMPC,7.4097,8.9488,6.468,3.0945,0.4344,7.3779,8.5156,6.4343,0.0082
3.4568,LMPC,7.4097,8.9488,6.468,3.0945,0.4344,7.3779,8.5156,6.4343,0.0082
3.4611,LMPC,7.4097,8.9488,6.468,3.0945,0.4344,7.3779,8.5156,6.4343,0.0082
3.4655,LMPC,7.3455,8.9578,6.4871,3.1014,0.4398,7.318,8.5189,6.4622,0.0151
3.4698,LMPC,7.3455,8.9578,6.4871,3.1014,0.4398,7.318,8.5189,6.4622,0.0151
3.4744,LMPC,7.2811,8.9661,6.5057,3.1086,0.4445,7.2581,8.5222,6.49,0.0223
3.4992,LMPC,7.1514,8.9809,6.5428,3.1214,0.4521,7.1383,8.5288,6.5452,0.0351
3.5065,LMPC,7.0862,8.9875,6.562,3.1269,0.4551,7.0484,8.5338,6.5863,0.0407
3.5107,LMPC,7.0862,8.9875,6.562,3.1269,0.4551,7.0484,8.5338,6.5863,0.0407
3.5151,LMPC,7.0208,8.9935,6.5807,3.132,0.4575,6.9885,8.5371,6.6136,0.0457
3.5196,LMPC,7.0208,8.9935,6.5807,3.132,0.4575,6.9885,8.5371,6.6136,0.0457
3.5241,LMPC,6.9551,8.9991,6.5986,3.1368,0.4594,6.9286,8.5405,6.6408,0.0506
3.5283,LMPC,6.9551,8.9991,6.5986,3.1368,0.4594,6.9286,8.5405,6.6408,0.0506
3.5327,LMPC,6.8893,9.0041,6.6156,3.1414,0.4608,6.8687,8.5438,6.6678,0.0551
3.5374,LMPC,6.8893,9.0041,6.6156,3.1414,0.4608,6.8687,8.5438,6.6678,0.0551
3.5419,LMPC,6.8893,9.0041,6.6156,3.1414,0.4608,6.8687,8.5438,6.6678,0.0551
3.5464,LMPC,6.8232,9.0086,6.6337,3.1459,0.4616,6.8088,8.5471,6.6948,0.0596
3.5508,LMPC,6.8232,9.0086,6.6337,3.1459,0.4616,6.8088,8.5471,6.6948,0.0596
3.5555,LMPC,6.7569,9.0127,6.6521,3.1502,0.462,6.7189,8.5521,6.735,0.0639
3.5599,LMPC,6.7569,9.0127,6.6521,3.1502,0.462,6.7189,8.5521,6.735,0.0639
3.5643,LMPC,6.6904,9.0163,6.6701,3.1546,0.462,6.659,8.5554,6.7617,0.0683
3.5687,LMPC,6.6904,9.0163,6.6701,3.1546,0.462,6.659,8.5554,6.7617,0.0683
3.5733,LMPC,6.6237,9.0195,6.6877,3.1588,0.4615,6.5991,8.5587,6.7882,0.0725
3.5776,LMPC,6.6237,9.0195,6.6877,3.1588,0.4615,6.5991,8.5587,6.7882,0.0725
3.5818,LMPC,6.6237,9.0195,6.6877,3.1588,0.4615,6.5991,8.5587,6.7882,0.0725
3.5864,LMPC,6.5567,9.0222,6.7057,3.1632,0.4605,6.5392,8.562,6.8147,0.0769
3.5908,LMPC,6.5567,9.0222,6.7057,3.1632,0.4605,6.5392,8.562,6.8147,0.0769
3.5953,LMPC,6.4896,9.0246,6.7233,3.1674,0.4591,6.4493,8.567,6.8542,0.0812
3.5997,LMPC,6.4896,9.0246,6.7233,3.1674,0.4591,6.4493,8.567,6.8542,0.0812
3.6046,LMPC,6.4223,9.0265,6.7412,3.1719,0.4573,6.3894,8.5703,6.8804,0.0857
3.6092,LMPC,6.4223,9.0265,6.7412,3.1719,0.4573,6.3894,8.5703,6.8804,0.0857
3.6138,LMPC,6.3549,9.028,6.7587,3.1763,0.455,6.3295,8.5736,6.9065,0.09
3.6181,LMPC,6.3549,9.028,6.7587,3.1763,0.455,6.3295,8.5736,6.9065,0.09
3.6227,LMPC,6.3549,9.028,6.7587,3.1763,0.455,6.3295,8.5736,6.9065,0.09
3.6275,LMPC,6.2872,9.029,6.7762,3.181,0.4524,6.2696,8.577,6.9325,0.0947
3.6319,LMPC,6.2193,9.0298,6.7933,3.1852,0.4493,6.1797,8.5819,6.9714,0.0989
3.6362,LMPC,6.2193,9.0298,6.7933,3.1852,0.4493,6.1797,8.5819,6.9714,0.0989
3.6408,LMPC,6.2193,9.0298,6.7933,3.1852,0.4493,6.1797,8.5819,6.9714,0.0989
3.6453,LMPC,6.1513,9.0302,6.8107,3.1886,0.446,6.1198,8.5853,6.9971,0.1023
3.6497,LMPC,6.1513,9.0302,6.8107,3.1886,0.446,6.1198,8.5853,6.9971,0.1023
3.6543,LMPC,6.0831,9.0303,6.8265,3.1916,0.4423,6.0599,8.5886,7.0228,0.1053
3.6588,LMPC,6.0831,9.0303,6.8265,3.1916,0.4423,6.0599,8.5886,7.0228,0.1053
3.6631,LMPC,6.0831,9.0303,6.8265,3.1916,0.4423,6.0599,8.5886,7.0228,0.1053
3.6676,LMPC,6.0148,9.0301,6.8408,3.1939,0.4384,6.0,8.5919,7.0484,0.1076
3.6723,LMPC,5.9463,9.0296,6.8534,3.1961,0.4341,5.9102,8.5969,7.0866,0.1098
3.6768,LMPC,5.9463,9.0296,6.8534,3.1961,0.4341,5.9102,8.5969,7.0866,0.1098
3.6811,LMPC,5.9463,9.0296,6.8534,3.1961,0.4341,5.9102,8.5969,7.0866,0.1098
3.6855,LMPC,5.8778,9.0289,6.8645,3.1979,0.4296,5.8502,8.6002,7.112,0.1116
3.6899,LMPC,5.8778,9.0289,6.8645,3.1979,0.4296,5.8502,8.6002,7.112,0.1116
3.6946,LMPC,5.8091,9.0278,6.8741,3.1996,0.4247,5.7903,8.6035,7.1372,0.1134
3.6991,LMPC,5.8091,9.0278,6.8741,3.1996,0.4247,5.7903,8.6035,7.1372,0.1134
3.7035,LMPC,5.7403,9.0266,6.8827,3.2011,0.4196,5.7304,8.6068,7.1624,0.1149
3.7083,LMPC,5.7403,9.0266,6.8827,3.2011,0.4196,5.7304,8.6068,7.1624,0.1149
3.7129,LMPC,5.6714,9.025,6.8901,3.2028,0.4143,5.6406,8.6118,7.2,0.1165
3.7173,LMPC,5.6714,9.025,6.8901,3.2028,0.4143,5.6406,8.6118,7.2,0.1165
3.7216,LMPC,5.6714,9.025,6.8901,3.2028,0.4143,5.6406,8.6118,7.2,0.1165
3.7263,LMPC,5.6025,9.0232,6.8969,3.2042,0.4087,5.5807,8.6151,7.225,0.1179
3.7309,LMPC,5.6025,9.0232,6.8969,3.2042,0.4087,5.5807,8.6151,7.225,0.1179
3.7355,LMPC,5.5336,9.0212,6.9027,3.2058,0.4029,5.5207,8.6184,7.2498,0.1195
3.7398,LMPC,5.5336,9.0212,6.9027,3.2058,0.4029,5.5207,8.6184,7.2498,0.1195
3.7443,LMPC,5.4646,9.019,6.9077,3.2072,0.3969,5.4309,8.6234,7.287,0.1209
3.7484,LMPC,5.4646,9.019,6.9077,3.2072,0.3969,5.4309,8.6234,7.287,0.1209
3.7531,LMPC,5.3955,9.0166,6.9119,3.2089,0.3906,5.371,8.6267,7.3116,0.1226
3.7575,LMPC,5.3955,9.0166,6.9119,3.2089,0.3906,5.371,8.6267,7.3116,0.1226
3.7618,LMPC,5.3955,9.0166,6.9119,3.2089,0.3906,5.371,8.6267,7.3116,0.1226
3.7664,LMPC,5.3264,9.014,6.9155,3.2104,0.3842,5.3111,8.6301,7.3362,0.1241
3.7709,LMPC,5.3264,9.014,6.9155,3.2104,0.3842,5.3111,8.6301,7.3362,0.1241
3.7754,LMPC,5.2573,9.0111,6.9184,3.2121,0.3775,5.2512,8.6334,7.3607,0.1259
3.7796,LMPC,5.2573,9.0111,6.9184,3.2121,0.3775,5.2512,8.6334,7.3607,0.1259
3.7842,LMPC,5.1882,9.0081,6.9208,3.2138,0.3707,5.1613,8.6384,7.3973,0.1275
3.7887,LMPC,5.1882,9.0081,6.9208,3.2138,0.3707,5.1613,8.6384,7.3973,0.1275
3.7931,LMPC,5.119,9.0049,6.9227,3.2156,0.3637,5.1014,8.6417,7.4069,0.1294
3.7972,LMPC,5.119,9.0049,6.9227,3.2156,0.3637,5.1014,8.6417,7.4069,0.1294
3.8016,LMPC,5.119,9.0049,6.9227,3.2156,0.3637,5.1014,8.6417,7.4069,0.1294
3.8064,LMPC,5.0499,9.0015,6.9239,3.2174,0.3565,5.0415,8.645,7.3825,0.1311
3.8108,LMPC,5.0499,9.0015,6.9239,3.2174,0.3565,5.0415,8.645,7.3825,0.1311
3.8153,LMPC,4.9807,8.998,6.9243,3.2194,0.3491,4.9516,8.65,7.3458,0.1331
3.8197,LMPC,4.9807,8.998,6.9243,3.2194,0.3491,4.9516,8.65,7.3458,0.1331
3.8242,LMPC,4.9116,8.9942,6.9218,3.2213,0.3415,4.8917,8.6533,7.3213,0.135
3.8284,LMPC,4.9116,8.9942,6.9218,3.2213,0.3415,4.8917,8.6533,7.3213,0.135
3.8329,LMPC,4.8425,8.9903,6.9158,3.2235,0.3338,4.8318,8.6566,7.2967,0.1372
3.8373,LMPC,4.8425,8.9903,6.9158,3.2235,0.3338,4.8318,8.6566,7.2967,0.1372
3.8416,LMPC,4.8425,8.9903,6.9158,3.2235,0.3338,4.8318,8.6566,7.2967,0.1372
3.846,LMPC,4.7735,8.9863,6.9064,3.2256,0.326,4.7419,8.6616,7.2596,0.1393
3.8505,LMPC,4.7735,8.9863,6.9064,3.2256,0.326,4.7419,8.6616,7.2596,0.1393
3.8553,LMPC,4.7046,8.9821,6.8945,3.228,0.3179,4.682,8.6649,7.2347,0.1417
3.8597,LMPC,4.7046,8.9821,6.8945,3.228,0.3179,4.682,8.6649,7.2347,0.1417
3.8642,LMPC,4.6359,8.9777,6.8806,3.2304,0.3097,4.6221,8.6682,7.2098,0.1441
3.8687,LMPC,4.6359,8.9777,6.8806,3.2304,0.3097,4.6221,8.6682,7.2098,0.1441
3.8733,LMPC,4.5673,8.9731,6.8649,3.233,0.3014,4.5622,8.6715,7.1848,0.1468
3.8778,LMPC,4.5673,8.9731,6.8649,3.233,0.3014,4.5622,8.6715,7.1848,0.1468
3.882,LMPC,4.5673,8.9731,6.8649,3.233,0.3014,4.5622,8.6715,7.1848,0.1468
3.8867,LMPC,4.4989,8.9685,6.8475,3.2353,0.293,4.4724,8.6765,7.1471,0.149
3.8911,LMPC,4.4989,8.9685,6.8475,3.2353,0.293,4.4724,8.6765,7.1471,0.149
3.8956,LMPC,4.4307,8.9637,6.8291,3.2365,0.2845,4.4124,8.6798,7.1219,0.1503
3.8999,LMPC,4.4307,8.9637,6.8291,3.2365,0.2845,4.4124,8.6798,7.1219,0.1503
3.9047,LMPC,4.3627,8.9589,6.8091,3.2373,0.2759,4.3525,8.6832,7.0966,0.151
3.9092,LMPC,4.3627,8.9589,6.8091,3.2373,0.2759,4.3525,8.6832,7.0966,0.151
3.9139,LMPC,4.2949,8.9541,6.7911,3.2373,0.2673,4.2926,8.6865,7.0712,0.151
3.9183,LMPC,4.2949,8.9541,6.7911,3.2373,0.2673,4.2926,8.6865,7.0712,0.151
3.9231,LMPC,4.2949,8.9541,6.7911,3.2373,0.2673,4.2926,8.6865,7.0712,0.151
3.9277,LMPC,4.2272,8.9491,6.7778,3.2369,0.2586,4.2028,8.6915,7.0329,0.1506
3.9322,LMPC,4.1596,8.9441,6.7714,3.2359,0.2499,4.1429,8.6948,7.0072,0.1497
3.9365,LMPC,4.1596,8.9441,6.7714,3.2359,0.2499,4.1429,8.6948,7.0072,0.1497
3.9412,LMPC,4.1596,8.9441,6.7714,3.2359,0.2499,4.1429,8.6948,7.0072,0.1497
3.9457,LMPC,4.0921,8.9391,6.7673,3.2347,0.2411,4.083,8.6981,6.9815,0.1485
3.95,LMPC,4.0921,8.9391,6.7673,3.2347,0.2411,4.083,8.6981,6.9815,0.1485
3.9547,LMPC,4.0247,8.934,6.7633,3.233,0.2323,4.023,8.7014,6.9557,0.1467
3.9593,LMPC,4.0247,8.934,6.7633,3.233,0.2323,4.023,8.7014,6.9557,0.1467
3.9637,LMPC,3.9572,8.9288,6.7612,3.2312,0.2234,3.9332,8.7064,6.9168,0.1449
3.9679,LMPC,3.9572,8.9288,6.7612,3.2312,0.2234,3.9332,8.7064,6.9168,0.1449
3.9726,LMPC,3.8898,8.9236,6.7619,3.2289,0.2145,3.8733,8.7097,6.8907,0.1427
3.9771,LMPC,3.8898,8.9236,6.7619,3.2289,0.2145,3.8733,8.7097,6.8907,0.1427
3.9814,LMPC,3.8898,8.9236,6.7619,3.2289,0.2145,3.8733,8.7097,6.8907,0.1427
3.9859,LMPC,3.8224,8.9185,6.7629,3.2267,0.2056,3.8134,8.713,6.8645,0.1404
3.9904,LMPC,3.8224,8.9185,6.7629,3.2267,0.2056,3.8134,8.713,6.8645,0.1404
3.9951,LMPC,3.755,8.9133,6.7641,3.2241,0.1967,3.7535,8.7163,6.8382,0.1379
3.9994,LMPC,3.755,8.9133,6.7641,3.2241,0.1967,3.7535,8.7163,6.8382,0.1379
4.0072,LMPC,3.6875,8.9081,6.7656,3.2216,0.1878,3.6636,8.7213,6.7986,0.1353
4.012,LMPC,3.62,8.903,6.7682,3.2189,0.1789,3.6037,8.7246,6.7721,0.1326
4.0163,LMPC,3.62,8.903,6.7682,3.2189,0.1789,3.6037,8.7246,6.7721,0.1326
4.021,LMPC,3.62,8.903,6.7682,3.2189,0.1789,3.6037,8.7246,6.7721,0.1326
4.0257,LMPC,3.5525,8.8978,6.7704,3.2162,0.1701,3.5438,8.728,6.7455,0.1299
4.03,LMPC,3.5525,8.8978,6.7704,3.2162,0.1701,3.5438,8.728,6.7455,0.1299
4.0344,LMPC,3.485,8.8928,6.7714,3.2134,0.1613,3.4839,8.7313,6.7187,0.1271
4.0389,LMPC,3.485,8.8928,6.7714,3.2134,0.1613,3.4839,8.7313,6.7187,0.1271
4.0434,LMPC,3.485,8.8928,6.7714,3.2134,0.1613,3.4839,8.7313,6.7187,0.1271
4.048,LMPC,3.4175,8.8877,6.7708,3.2107,0.1525,3.424,8.7346,6.6919,0.1244
4.0524,LMPC,3.35,8.8828,6.7663,3.2078,0.1439,3.3341,8.7396,6.6514,0.1215
4.057,LMPC,3.35,8.8828,6.7663,3.2078,0.1439,3.3341,8.7396,6.6514,0.1215
4.0615,LMPC,3.35,8.8828,6.7663,3.2078,0.1439,3.3341,8.7396,6.6514,0.1215
4.0659,LMPC,3.2826,8.8779,6.7583,3.2053,0.1369,3.2742,8.7413,6.6514,0.1113
4.0702,LMPC,3.2826,8.8779,6.7583,3.2053,0.1369,3.2742,8.7413,6.6514,0.1113
4.0749,LMPC,3.2152,8.873,6.7475,3.2039,0.1324,3.2142,8.7405,6.6784,0.0903
4.0793,LMPC,3.2152,8.873,6.7475,3.2039,0.1324,3.2142,8.7405,6.6784,0.0903
4.0837,LMPC,3.148,8.8681,6.7343,3.2031,0.1283,3.1542,8.7398,6.7053,0.0699
4.088,LMPC,3.148,8.8681,6.7343,3.2031,0.1283,3.1542,8.7398,6.7053,0.0699
4.0925,LMPC,3.0809,8.8633,6.7192,3.2031,0.1244,3.0942,8.739,6.7321,0.0502
4.0971,LMPC,3.0809,8.8633,6.7192,3.2031,0.1244,3.0942,8.739,6.7321,0.0502
4.1014,LMPC,3.0809,8.8633,6.7192,3.2031,0.1244,3.0942,8.739,6.7321,0.0502
4.1062,LMPC,3.0139,8.8584,6.7026,3.2034,0.1225,3.0342,8.7363,6.7588,0.0447
4.1111,LMPC,3.0139,8.8584,6.7026,3.2034,0.1225,3.0342,8.7363,6.7588,0.0447
4.1162,LMPC,2.9472,8.8536,6.6846,3.2043,0.1214,2.9443,8.7321,6.7986,0.0369
4.1211,LMPC,2.9472,8.8536,6.6846,3.2043,0.1214,2.9443,8.7321,6.7986,0.0369
4.1261,LMPC,2.8806,8.8488,6.6651,3.2054,0.1195,2.8844,8.7294,6.8251,0.0327
4.1307,LMPC,2.8806,8.8488,6.6651,3.2054,0.1195,2.8844,8.7294,6.8251,0.0327
4.1358,LMPC,2.8142,8.844,6.6446,3.207,0.1168,2.8244,8.7275,6.8514,0.0343
4.1406,LMPC,2.8142,8.844,6.6446,3.207,0.1168,2.8244,8.7275,6.8514,0.0343
4.1454,LMPC,2.7481,8.8393,6.6241,3.2087,0.1141,2.7645,8.7257,6.8776,0.036
4.1501,LMPC,2.7481,8.8393,6.6241,3.2087,0.1141,2.7645,8.7257,6.8776,0.036
4.155,LMPC,2.6821,8.8345,6.6047,3.2108,0.1113,2.6745,8.7229,6.9168,0.0381
4.1598,LMPC,2.6821,8.8345,6.6047,3.2108,0.1113,2.6745,8.7229,6.9168,0.0381
4.1647,LMPC,2.6163,8.8297,6.5871,3.2129,0.1086,2.6145,8.721,6.9427,0.0402
4.1692,LMPC,2.6163,8.8297,6.5871,3.2129,0.1086,2.6145,8.721,6.9427,0.0402
4.1744,LMPC,2.5507,8.8249,6.5673,3.2153,0.1058,2.5546,8.7191,6.9686,0.0426
4.179,LMPC,2.5507,8.8249,6.5673,3.2153,0.1058,2.5546,8.7191,6.9686,0.0426
4.1838,LMPC,2.4853,8.8201,6.5482,3.2174,0.1031,2.4946,8.7173,6.9455,0.0447
4.1881,LMPC,2.4853,8.8201,6.5482,3.2174,0.1031,2.4946,8.7173,6.9455,0.0447
4.1928,LMPC,2.4201,8.8153,6.5298,3.2185,0.1003,2.4346,8.7154,6.9195,0.0457
4.1971,LMPC,2.4201,8.8153,6.5298,3.2185,0.1003,2.4346,8.7154,6.9195,0.0457
4.2015,LMPC,2.4201,8.8153,6.5298,3.2185,0.1003,2.4346,8.7154,6.9195,0.0457
4.2059,LMPC,2.355,8.8106,6.5131,3.219,0.0976,2.3447,8.7126,6.8804,0.0463
4.2106,LMPC,2.355,8.8106,6.5131,3.219,0.0976,2.3447,8.7126,6.8804,0.0463
4.2151,LMPC,2.2902,8.8059,6.4955,3.2188,0.095,2.2847,8.7107,6.8542,0.0461
4.2195,LMPC,2.2902,8.8059,6.4955,3.2188,0.095,2.2847,8.7107,6.8542,0.0461
4.2239,LMPC,2.2255,8.8013,6.4783,3.2183,0.0923,2.2247,8.7089,6.8279,0.0456
4.2284,LMPC,2.2255,8.8013,6.4783,3.2183,0.0923,2.2247,8.7089,6.8279,0.0456
4.2329,LMPC,2.1609,8.7966,6.4614,3.2172,0.0897,2.1647,8.707,6.8015,0.0445
4.2373,LMPC,2.1609,8.7966,6.4614,3.2172,0.0897,2.1647,8.707,6.8015,0.0445
4.2418,LMPC,2.1609,8.7966,6.4614,3.2172,0.0897,2.1647,8.707,6.8015,0.0445
4.2463,LMPC,2.0966,8.792,6.4448,3.216,0.0871,2.1048,8.7051,6.775,0.0432
4.2509,LMPC,2.0966,8.792,6.4448,3.216,0.0871,2.1048,8.7051,6.775,0.0432
4.2556,LMPC,2.0324,8.7875,6.4269,3.2143,0.0845,2.0448,8.7033,6.7483,0.0415
4.2599,LMPC,2.0324,8.7875,6.4269,3.2143,0.0845,2.0448,8.7033,6.7483,0.0415
4.2644,LMPC,1.9683,8.783,6.4095,3.2125,0.082,1.9848,8.7014,6.7216,0.0398
4.2689,LMPC,1.9683,8.783,6.4095,3.2125,0.082,1.9848,8.7014,6.7216,0.0398
4.2735,LMPC,1.9045,8.7785,6.3924,3.2103,0.0795,1.8949,8.6986,6.6813,0.0376
4.2779,LMPC,1.9045,8.7785,6.3924,3.2103,0.0795,1.8949,8.6986,6.6813,0.0376
4.2823,LMPC,1.9045,8.7785,6.3924,3.2103,0.0795,1.8949,8.6986,6.6813,0.0376
4.287,LMPC,1.8408,8.7741,6.3756,3.2082,0.0771,1.8349,8.6967,6.6543,0.0355
4.2916,LMPC,1.7773,8.7698,6.358,3.2057,0.0748,1.7749,8.6949,6.6272,0.033
4.2959,LMPC,1.7773,8.7698,6.358,3.2057,0.0748,1.7749,8.6949,6.6272,0.033
4.3003,LMPC,1.7773,8.7698,6.358,3.2057,0.0748,1.7749,8.6949,6.6272,0.033
4.3049,LMPC,1.7139,8.7655,6.3409,3.2033,0.0725,1.715,8.693,6.6,0.0306
4.3297,LMPC,1.5877,8.7572,6.3084,3.1981,0.0681,1.595,8.6893,6.5452,0.0253
4.334,LMPC,1.5248,8.7532,6.2928,3.1952,0.0661,1.535,8.6874,6.5177,0.0225
4.338,LMPC,1.5248,8.7532,6.2928,3.1952,0.0661,1.535,8.6874,6.5177,0.0225
4.3425,LMPC,1.5248,8.7532,6.2928,3.1952,0.0661,1.535,8.6874,6.5177,0.0225
4.3473,LMPC,1.4621,8.7493,6.2745,3.1925,0.0641,1.4751,8.6856,6.49,0.0198
4.3524,LMPC,1.3996,8.7455,6.2597,3.1896,0.0623,1.4151,8.6837,6.4622,0.0169
4.357,LMPC,1.3996,8.7455,6.2597,3.1896,0.0623,1.4151,8.6837,6.4622,0.0169
4.3615,LMPC,1.3996,8.7455,6.2597,3.1896,0.0623,1.4151,8.6837,6.4622,0.0169
4.3661,LMPC,1.3371,8.7418,6.2477,3.1868,0.0605,1.3251,8.6809,6.4203,0.0141
4.3707,LMPC,1.3371,8.7418,6.2477,3.1868,0.0605,1.3251,8.6809,6.4203,0.0141
4.3751,LMPC,1.2748,8.7383,6.2422,3.1839,0.0589,1.2652,8.679,6.3922,0.0112
4.3793,LMPC,1.2748,8.7383,6.2422,3.1839,0.0589,1.2652,8.679,6.3922,0.0112
4.3838,LMPC,1.2125,8.7348,6.2372,3.1812,0.0574,1.2052,8.6772,6.364,0.0085
4.3882,LMPC,1.2125,8.7348,6.2372,3.1812,0.0574,1.2052,8.6772,6.364,0.0085
4.3926,LMPC,1.1502,8.7315,6.2367,3.1784,0.056,1.1452,8.6753,6.3356,0.0056
4.3968,LMPC,1.1502,8.7315,6.2367,3.1784,0.056,1.1452,8.6753,6.3356,0.0056
4.4013,LMPC,1.1502,8.7315,6.2367,3.1784,0.056,1.1452,8.6753,6.3356,0.0056
4.406,LMPC,1.0879,8.7283,6.2375,3.1758,0.0547,1.0853,8.6734,6.3071,0.003
4.4103,LMPC,1.0879,8.7283,6.2375,3.1758,0.0547,1.0853,8.6734,6.3071,0.003
4.415,LMPC,1.0256,8.7252,6.2402,3.1731,0.0536,1.0253,8.6716,6.2785,0.0003
4.4196,LMPC,1.0256,8.7252,6.2402,3.1731,0.0536,1.0253,8.6716,6.2785,0.0003
4.4243,LMPC,0.9633,8.7222,6.2438,3.1706,0.0526,0.9653,8.6697,6.2498,-0.0022
4.4286,LMPC,0.9633,8.7222,6.2438,3.1706,0.0526,0.9653,8.6697,6.2498,-0.0022
4.433,LMPC,0.9009,8.7194,6.2481,3.168,0.0517,0.9054,8.6678,6.2209,-0.0047
4.4376,LMPC,0.9009,8.7194,6.2481,3.168,0.0517,0.9054,8.6678,6.2209,-0.0047
4.442,LMPC,0.9009,8.7194,6.2481,3.168,0.0517,0.9054,8.6678,6.2209,-0.0047
4.4466,LMPC,0.8384,8.7167,6.2532,3.1657,0.051,0.8454,8.666,6.1919,-0.0071
4.4512,LMPC,0.8384,8.7167,6.2532,3.1657,0.051,0.8454,8.666,6.1919,-0.0071
4.4558,LMPC,0.7759,8.7142,6.259,3.1632,0.0504,0.7854,8.6641,6.1628,-0.0095
4.4601,LMPC,0.7759,8.7142,6.259,3.1632,0.0504,0.7854,8.6641,6.1628,-0.0095
4.4644,LMPC,0.7133,8.7118,6.2655,3.161,0.0499,0.7254,8.6622,6.1335,-0.0117
4.4688,LMPC,0.7133,8.7118,6.2655,3.161,0.0499,0.7254,8.6622,6.1335,-0.0117
4.4736,LMPC,0.6507,8.7095,6.2727,3.1587,0.0495,0.6655,8.6604,6.1041,-0.0141
4.4782,LMPC,0.6507,8.7095,6.2727,3.1587,0.0495,0.6655,8.6604,6.1041,-0.0141
4.4826,LMPC,0.6507,8.7095,6.2727,3.1587,0.0495,0.6655,8.6604,6.1041,-0.0141
4.4874,LMPC,0.588,8.7073,6.2804,3.1565,0.0493,0.5755,8.6576,6.0597,-0.0162
4.4922,LMPC,0.5251,8.7053,6.2888,3.1543,0.0493,0.5155,8.6557,6.0299,-0.0184
4.4965,LMPC,0.5251,8.7053,6.2888,3.1543,0.0493,0.5155,8.6557,6.0299,-0.0184
4.5008,LMPC,0.5251,8.7053,6.2888,3.1543,0.0493,0.5155,8.6557,6.0299,-0.0184
4.5087,LMPC,0.4622,8.7034,6.2977,3.1523,0.0494,0.4556,8.6538,6.0,-0.0205
4.5132,LMPC,0.3992,8.7017,6.3072,3.1501,0.0448,0.3957,8.6568,6.0299,-0.0045
4.5175,LMPC,0.3992,8.7017,6.3072,3.1501,0.0448,0.3957,8.6568,6.0299,-0.0045
4.522,LMPC,0.3992,8.7017,6.3072,3.1501,0.0448,0.3957,8.6568,6.0299,-0.0045
4.5268,LMPC,0.3361,8.7001,6.3172,3.1484,0.0398,0.3358,8.6602,6.0597,0.0137
4.5311,LMPC,0.3361,8.7001,6.3172,3.1484,0.0398,0.3358,8.6602,6.0597,0.0137
4.5357,LMPC,0.2729,8.6985,6.3287,3.1478,0.0347,0.2759,8.6636,6.0893,0.0329
4.5403,LMPC,0.2729,8.6985,6.3287,3.1478,0.0347,0.2759,8.6636,6.0893,0.0329
4.545,LMPC,0.2096,8.6969,6.3405,3.1477,0.0302,0.2159,8.6664,6.1188,0.0426
4.5493,LMPC,0.2096,8.6969,6.3405,3.1477,0.0302,0.2159,8.6664,6.1188,0.0426
4.5539,LMPC,0.1461,8.6954,6.3528,3.1483,0.0264,0.156,8.6686,6.1482,0.0433
4.5586,LMPC,0.1461,8.6954,6.3528,3.1483,0.0264,0.156,8.6686,6.1482,0.0433
4.563,LMPC,0.1461,8.6954,6.3528,3.1483,0.0264,0.156,8.6686,6.1482,0.0433
4.5674,LMPC,0.0826,8.694,6.3665,3.1493,0.0227,0.096,8.6708,6.1774,0.0442
4.5721,LMPC,0.0189,8.6926,6.3804,3.1508,0.0189,0.0061,8.6741,6.2209,0.0457
4.5764,LMPC,0.0189,8.6926,6.3804,3.1508,0.0189,0.0061,8.6741,6.2209,0.0457
4.5807,LMPC,0.0189,8.6926,6.3804,3.1508,0.0189,0.0061,8.6741,6.2209,0.0457
4.585,LMPC,-0.045,8.6912,6.3946,3.1524,0.0152,-0.0539,8.6763,6.2498,0.0474
4.5895,LMPC,-0.045,8.6912,6.3946,3.1524,0.0152,-0.0539,8.6763,6.2498,0.0474
4.5942,LMPC,-0.109,8.6898,6.4091,3.1545,0.0115,-0.1139,8.6785,6.2785,0.0495
4.5985,LMPC,-0.109,8.6898,6.4091,3.1545,0.0115,-0.1139,8.6785,6.2785,0.0495
4.6028,LMPC,-0.109,8.6898,6.4091,3.1545,0.0115,-0.1139,8.6785,6.2785,0.0495
4.6076,LMPC,-0.1732,8.6885,6.4238,3.1566,0.0078,-0.1738,8.6807,6.3071,0.0515
4.6122,LMPC,-0.2375,8.6871,6.4388,3.159,0.004,-0.2338,8.6829,6.3356,0.0539
4.6166,LMPC,-0.2375,8.6871,6.4388,3.159,0.004,-0.2338,8.6829,6.3356,0.0539
4.6208,LMPC,-0.2375,8.6871,6.4388,3.159,0.004,-0.2338,8.6829,6.3356,0.0539
4.6255,LMPC,-0.3019,8.6857,6.4556,3.1613,0.0003,-0.2937,8.6851,6.364,0.0563
4.63,LMPC,-0.3019,8.6857,6.4556,3.1613,0.0003,-0.2937,8.6851,6.364,0.0563
4.6347,LMPC,-0.3665,8.6842,6.4726,3.1638,0.0035,-0.3537,8.6873,6.3922,0.0587
4.639,LMPC,-0.3665,8.6842,6.4726,3.1638,0.0035,-0.3537,8.6873,6.3922,0.0587
4.644,LMPC,-0.4313,8.6828,6.4896,3.1662,0.0047,-0.4437,8.6877,6.4343,0.0463
4.6486,LMPC,-0.4313,8.6828,6.4896,3.1662,0.0047,-0.4437,8.6877,6.4343,0.0463
4.6531,LMPC,-0.4963,8.6812,6.5068,3.1688,0.0067,-0.5037,8.688,6.4622,0.0389
4.6578,LMPC,-0.4963,8.6812,6.5068,3.1688,0.0067,-0.5037,8.688,6.4622,0.0389
4.6624,LMPC,-0.4963,8.6812,6.5068,3.1688,0.0067,-0.5037,8.688,6.4622,0.0389
4.667,LMPC,-0.5614,8.6796,6.524,3.1713,0.0085,-0.5637,8.6881,6.49,0.0317
4.6717,LMPC,-0.6267,8.6779,6.5424,3.1738,0.0077,-0.6236,8.6857,6.5177,0.0271
4.6763,LMPC,-0.6267,8.6779,6.5424,3.1738,0.0077,-0.6236,8.6857,6.5177,0.0271
4.6808,LMPC,-0.6267,8.6779,6.5424,3.1738,0.0077,-0.6236,8.6857,6.5177,0.0271
4.6853,LMPC,-0.6922,8.6762,6.5607,3.1759,0.0069,-0.6836,8.6832,6.5452,0.022
4.6898,LMPC,-0.6922,8.6762,6.5607,3.1759,0.0069,-0.6836,8.6832,6.5452,0.022
4.6946,LMPC,-0.7579,8.6745,6.5801,3.177,0.006,-0.7435,8.6808,6.5727,0.0159
4.6992,LMPC,-0.7579,8.6745,6.5801,3.177,0.006,-0.7435,8.6808,6.5727,0.0159
4.7037,LMPC,-0.8238,8.6727,6.5995,3.1775,0.006,-0.8335,8.6785,6.6136,0.0142
4.7081,LMPC,-0.8238,8.6727,6.5995,3.1775,0.006,-0.8335,8.6785,6.6136,0.0142
4.7125,LMPC,-0.8899,8.671,6.6188,3.1773,0.0063,-0.8935,8.6772,6.6408,0.014
4.717,LMPC,-0.8899,8.671,6.6188,3.1773,0.0063,-0.8935,8.6772,6.6408,0.014
4.7215,LMPC,-0.8899,8.671,6.6188,3.1773,0.0063,-0.8935,8.6772,6.6408,0.014
4.7261,LMPC,-0.9561,8.6692,6.6387,3.1768,0.0066,-0.9535,8.6759,6.6678,0.0134
4.7304,LMPC,-0.9561,8.6692,6.6387,3.1768,0.0066,-0.9535,8.6759,6.6678,0.0134
4.7354,LMPC,-1.0226,8.6674,6.6586,3.1757,0.007,-1.0135,8.6746,6.6948,0.0123
4.74,LMPC,-1.0226,8.6674,6.6586,3.1757,0.007,-1.0135,8.6746,6.6948,0.0123
4.7656,LMPC,-1.2232,8.6621,6.7206,3.1709,0.008,-1.2234,8.67,6.7882,0.0075
4.7698,LMPC,-1.2232,8.6621,6.7206,3.1709,0.008,-1.2234,8.67,6.7882,0.0075
4.7739,LMPC,-1.2905,8.6603,6.7419,3.1688,0.0083,-1.2834,8.6687,6.8147,0.0054
4.7786,LMPC,-1.2905,8.6603,6.7419,3.1688,0.0083,-1.2834,8.6687,6.8147,0.0054
4.7848,LMPC,-1.358,8.6586,6.7631,3.1667,0.0085,-1.3434,8.6674,6.8411,0.0033
4.79,LMPC,-1.358,8.6586,6.7631,3.1667,0.0085,-1.3434,8.6674,6.8411,0.0033
4.7947,LMPC,-1.4257,8.6569,6.7833,3.1644,0.0087,-1.4334,8.6655,6.8804,0.001
4.7993,LMPC,-1.4257,8.6569,6.7833,3.1644,0.0087,-1.4334,8.6655,6.8804,0.001
4.804,LMPC,-1.4936,8.6553,6.8025,3.1622,0.0089,-1.4934,8.6642,6.9065,-0.0012
4.8082,LMPC,-1.4936,8.6553,6.8025,3.1622,0.0089,-1.4934,8.6642,6.9065,-0.0012
4.8123,LMPC,-1.5617,8.6537,6.825,3.1598,0.009,-1.5533,8.6629,6.9325,-0.0036
4.8164,LMPC,-1.5617,8.6537,6.825,3.1598,0.009,-1.5533,8.6629,6.9325,-0.0036
4.8206,LMPC,-1.5617,8.6537,6.825,3.1598,0.009,-1.5533,8.6629,6.9325,-0.0036
4.8251,LMPC,-1.6301,8.6521,6.8472,3.1575,0.0091,-1.6433,8.6609,6.9714,-0.0058
4.8292,LMPC,-1.6301,8.6521,6.8472,3.1575,0.0091,-1.6433,8.6609,6.9714,-0.0058
4.8338,LMPC,-1.6986,8.6507,6.8701,3.1551,0.009,-1.7033,8.6596,6.9971,-0.0082
4.8384,LMPC,-1.6986,8.6507,6.8701,3.1551,0.009,-1.7033,8.6596,6.9971,-0.0082
4.8427,LMPC,-1.6986,8.6507,6.8701,3.1551,0.009,-1.7033,8.6596,6.9971,-0.0082
4.847,LMPC,-1.7674,8.6493,6.8937,3.1529,0.0089,-1.7633,8.6583,7.0228,-0.0105
4.8512,LMPC,-1.7674,8.6493,6.8937,3.1529,0.0089,-1.7633,8.6583,7.0228,-0.0105
4.8558,LMPC,-1.8365,8.648,6.917,3.1506,0.0087,-1.8233,8.657,7.0484,-0.0128
4.8601,LMPC,-1.8365,8.648,6.917,3.1506,0.0087,-1.8233,8.657,7.0484,-0.0128
4.8645,LMPC,-1.9058,8.6467,6.94,3.1487,0.0085,-1.9133,8.655,7.0866,-0.0147
4.869,LMPC,-1.9058,8.6467,6.94,3.1487,0.0085,-1.9133,8.655,7.0866,-0.0147
4.8738,LMPC,-1.9753,8.6455,6.9641,3.1478,0.0082,-1.9732,8.6537,7.112,-0.0156
4.8783,LMPC,-1.9753,8.6455,6.9641,3.1478,0.0082,-1.9732,8.6537,7.112,-0.0156
4.8827,LMPC,-1.9753,8.6455,6.9641,3.1478,0.0082,-1.9732,8.6537,7.112,-0.0156
4.8875,LMPC,-2.045,8.6443,6.9882,3.1474,0.0079,-2.0332,8.6524,7.1372,-0.0159
4.8924,LMPC,-2.115,8.6431,7.012,3.1478,0.0076,-2.1232,8.6505,7.175,-0.0156
4.8968,LMPC,-2.115,8.6431,7.012,3.1478,0.0076,-2.1232,8.6505,7.175,-0.0156
4.901,LMPC,-2.115,8.6431,7.012,3.1478,0.0076,-2.1232,8.6505,7.175,-0.0156
4.9057,LMPC,-2.1852,8.6419,7.036,3.1485,0.0072,-2.1832,8.6492,7.2,-0.0148
4.9102,LMPC,-2.1852,8.6419,7.036,3.1485,0.0072,-2.1832,8.6492,7.2,-0.0148
4.9146,LMPC,-2.2557,8.6407,7.06,3.1498,0.0069,-2.2432,8.6479,7.225,-0.0135
4.9189,LMPC,-2.2557,8.6407,7.06,3.1498,0.0069,-2.2432,8.6479,7.225,-0.0135
4.9232,LMPC,-2.2557,8.6407,7.06,3.1498,0.0069,-2.2432,8.6479,7.225,-0.0135
4.9279,LMPC,-2.3264,8.6395,7.0839,3.1513,0.0065,-2.3332,8.6459,7.2622,-0.012
4.9323,LMPC,-2.3974,8.6384,7.1079,3.1532,0.0062,-2.3931,8.6446,7.287,-0.0102
4.9368,LMPC,-2.3974,8.6384,7.1079,3.1532,0.0062,-2.3931,8.6446,7.287,-0.0102
4.9413,LMPC,-2.3974,8.6384,7.1079,3.1532,0.0062,-2.3931,8.6446,7.287,-0.0102
4.9457,LMPC,-2.4686,8.6372,7.1319,3.1552,0.0058,-2.4831,8.6426,7.3239,-0.0082
4.9499,LMPC,-2.4686,8.6372,7.1319,3.1552,0.0058,-2.4831,8.6426,7.3239,-0.0082
4.9542,LMPC,-2.54,8.6359,7.1559,3.1574,0.0055,-2.5431,8.6413,7.3485,-0.006
4.9588,LMPC,-2.54,8.6359,7.1559,3.1574,0.0055,-2.5431,8.6413,7.3485,-0.006
4.9634,LMPC,-2.54,8.6359,7.1559,3.1574,0.0055,-2.5431,8.6413,7.3485,-0.006
4.9679,LMPC,-2.6117,8.6347,7.1798,3.1596,0.0052,-2.6031,8.64,7.3729,-0.0037
4.9726,LMPC,-2.6836,8.6334,7.2038,3.1621,0.0049,-2.6931,8.6381,7.4095,-0.0013
4.9769,LMPC,-2.6836,8.6334,7.2038,3.1621,0.0049,-2.6931,8.6381,7.4095,-0.0013
4.9813,LMPC,-2.6836,8.6334,7.2038,3.1621,0.0049,-2.6931,8.6381,7.4095,-0.0013
4.9857,LMPC,-2.7557,8.632,7.2278,3.1644,0.0047,-2.7531,8.6368,7.4337,0.001
4.9902,LMPC,-2.7557,8.632,7.2278,3.1644,0.0047,-2.7531,8.6368,7.4337,0.001
4.9949,LMPC,-2.8281,8.6306,7.2517,3.1669,0.0046,-2.843,8.6348,7.4699,0.0036
4.9993,LMPC,-2.8281,8.6306,7.2517,3.1669,0.0046,-2.843,8.6348,7.4699,0.0036
5.0068,LMPC,-2.9007,8.6291,7.2757,3.1693,0.0045,-2.903,8.6335,7.494,0.0059
5.0113,LMPC,-2.9007,8.6291,7.2757,3.1693,0.0045,-2.903,8.6335,7.494,0.0059
5.0159,LMPC,-2.9736,8.6275,7.2997,3.1718,0.0045,-2.963,8.6322,7.518,0.0084
5.0201,LMPC,-2.9736,8.6275,7.2997,3.1718,0.0045,-2.963,8.6322,7.518,0.0084
5.0245,LMPC,-3.0467,8.6258,7.3236,3.174,0.0046,-3.053,8.6302,7.5538,0.0106
5.0289,LMPC,-3.0467,8.6258,7.3236,3.174,0.0046,-3.053,8.6302,7.5538,0.0106
5.0334,LMPC,-3.12,8.6241,7.3476,3.1756,0.0047,-3.113,8.6289,7.5776,0.0122
5.0375,LMPC,-3.12,8.6241,7.3476,3.1756,0.0047,-3.113,8.6289,7.5776,0.0122
5.0418,LMPC,-3.12,8.6241,7.3476,3.1756,0.0047,-3.113,8.6289,7.5776,0.0122
5.0464,LMPC,-3.1936,8.6224,7.3716,3.1763,0.0048,-3.2029,8.627,7.6131,0.0129
5.0507,LMPC,-3.1936,8.6224,7.3716,3.1763,0.0048,-3.2029,8.627,7.6131,0.0129
5.0747,LMPC,-3.4157,8.6171,7.4435,3.1751,0.0053,-3.4129,8.6224,7.6955,0.0117
5.0788,LMPC,-3.4157,8.6171,7.4435,3.1751,0.0053,-3.4129,8.6224,7.6955,0.0117
5.0833,LMPC,-3.4157,8.6171,7.4435,3.1751,0.0053,-3.4129,8.6224,7.6955,0.0117
5.088,LMPC,-3.4903,8.6153,7.4675,3.1737,0.0055,-3.5029,8.6205,7.7305,0.0103
5.0925,LMPC,-3.565,8.6134,7.4914,3.1721,0.0057,-3.5629,8.6192,7.7537,0.0087
5.097,LMPC,-3.565,8.6134,7.4914,3.1721,0.0057,-3.5629,8.6192,7.7537,0.0087
5.1013,LMPC,-3.565,8.6134,7.4914,3.1721,0.0057,-3.5629,8.6192,7.7537,0.0087
5.1058,LMPC,-3.6401,8.6116,7.5143,3.1701,0.0059,-3.6528,8.6172,7.7885,0.0068
5.1103,LMPC,-3.6401,8.6116,7.5143,3.1701,0.0059,-3.6528,8.6172,7.7885,0.0068
5.115,LMPC,-3.7153,8.6098,7.536,3.1681,0.006,-3.7128,8.6159,7.8115,0.0047
5.1193,LMPC,-3.7153,8.6098,7.536,3.1681,0.006,-3.7128,8.6159,7.8115,0.0047
5.1237,LMPC,-3.7907,8.608,7.5601,3.1658,0.0062,-3.8028,8.6139,7.846,0.0024
5.1279,LMPC,-3.7907,8.608,7.5601,3.1658,0.0062,-3.8028,8.6139,7.846,0.0024
5.1325,LMPC,-3.8664,8.6063,7.5843,3.1635,0.0063,-3.8628,8.6126,7.8689,0.0001
5.137,LMPC,-3.8664,8.6063,7.5843,3.1635,0.0063,-3.8628,8.6126,7.8689,0.0001
5.1414,LMPC,-3.8664,8.6063,7.5843,3.1635,0.0063,-3.8628,8.6126,7.8689,0.0001
5.1461,LMPC,-3.9424,8.6046,7.6084,3.161,0.0063,-3.9528,8.6107,7.9032,-0.0024
5.1509,LMPC,-3.9424,8.6046,7.6084,3.161,0.0063,-3.9528,8.6107,7.9032,-0.0024
5.1557,LMPC,-4.0186,8.6029,7.6324,3.1585,0.0064,-4.0128,8.6094,7.9259,-0.0048
5.1602,LMPC,-4.0186,8.6029,7.6324,3.1585,0.0064,-4.0128,8.6094,7.9259,-0.0048
5.1646,LMPC,-4.095,8.6013,7.6564,3.156,0.0063,-4.1027,8.6074,7.9599,-0.0074
5.169,LMPC,-4.095,8.6013,7.6564,3.156,0.0063,-4.1027,8.6074,7.9599,-0.0074
5.1739,LMPC,-4.1717,8.5997,7.6803,3.1535,0.0062,-4.1627,8.6061,7.9825,-0.0098
5.1787,LMPC,-4.1717,8.5997,7.6803,3.1535,0.0062,-4.1627,8.6061,7.9825,-0.0098
5.183,LMPC,-4.1717,8.5997,7.6803,3.1535,0.0062,-4.1627,8.6061,7.9825,-0.0098
5.1875,LMPC,-4.2486,8.5983,7.7043,3.1509,0.006,-4.2527,8.6042,8.0162,-0.0124
5.1923,LMPC,-4.3257,8.5969,7.7283,3.1489,0.0057,-4.3127,8.6029,8.0387,-0.0145
5.1967,LMPC,-4.3257,8.5969,7.7283,3.1489,0.0057,-4.3127,8.6029,8.0387,-0.0145
5.2008,LMPC,-4.3257,8.5969,7.7283,3.1489,0.0057,-4.3127,8.6029,8.0387,-0.0145
5.2062,LMPC,-4.4031,8.5955,7.7522,3.1477,0.0054,-4.4027,8.6009,8.0722,-0.0156
5.2108,LMPC,-4.4031,8.5955,7.7522,3.1477,0.0054,-4.4027,8.6009,8.0722,-0.0156
5.2155,LMPC,-4.4807,8.5941,7.7761,3.1472,0.0051,-4.4926,8.5989,8.1056,-0.0162
5.22,LMPC,-4.4807,8.5941,7.7761,3.1472,0.0051,-4.4926,8.5989,8.1056,-0.0162
5.2246,LMPC,-4.5586,8.5928,7.7997,3.1474,0.0047,-4.5526,8.5976,8.1277,-0.0159
5.2291,LMPC,-4.5586,8.5928,7.7997,3.1474,0.0047,-4.5526,8.5976,8.1277,-0.0159
5.2339,LMPC,-4.6367,8.5915,7.8231,3.148,0.0044,-4.6426,8.5957,8.1609,-0.0153
5.2382,LMPC,-4.6367,8.5915,7.8231,3.148,0.0044,-4.6426,8.5957,8.1609,-0.0153
5.2425,LMPC,-4.6367,8.5915,7.8231,3.148,0.0044,-4.6426,8.5957,8.1609,-0.0153
5.2469,LMPC,-4.7151,8.5901,7.846,3.1492,0.004,-4.7026,8.5944,8.1829,-0.0141
5.2515,LMPC,-4.7151,8.5901,7.846,3.1492,0.004,-4.7026,8.5944,8.1829,-0.0141
5.2562,LMPC,-4.7936,8.5888,7.8688,3.1507,0.0036,-4.7926,8.5924,8.2158,-0.0127
5.2604,LMPC,-4.7936,8.5888,7.8688,3.1507,0.0036,-4.7926,8.5924,8.2158,-0.0127
5.2648,LMPC,-4.8724,8.5875,7.8914,3.1526,0.0032,-4.8826,8.5905,8.2486,-0.0108
5.2693,LMPC,-4.8724,8.5875,7.8914,3.1526,0.0032,-4.8826,8.5905,8.2486,-0.0108
5.2739,LMPC,-4.9514,8.5862,7.9132,3.1545,0.0028,-4.9425,8.5892,8.2704,-0.0088
5.2781,LMPC,-4.9514,8.5862,7.9132,3.1545,0.0028,-4.9425,8.5892,8.2704,-0.0088
5.2824,LMPC,-4.9514,8.5862,7.9132,3.1545,0.0028,-4.9425,8.5892,8.2704,-0.0088
5.287,LMPC,-5.0306,8.5848,7.9335,3.1569,0.0024,-5.0325,8.5872,8.303,-0.0065
5.2914,LMPC,-5.0306,8.5848,7.9335,3.1569,0.0024,-5.0325,8.5872,8.303,-0.0065
5.2959,LMPC,-5.1101,8.5834,7.9519,3.1592,0.0021,-5.1225,8.5852,8.3355,-0.0042
5.3004,LMPC,-5.1101,8.5834,7.9519,3.1592,0.0021,-5.1225,8.5852,8.3355,-0.0042
5.305,LMPC,-5.1896,8.582,7.9686,3.1618,0.0018,-5.1825,8.5839,8.357,-0.0016
5.3092,LMPC,-5.1896,8.582,7.9686,3.1618,0.0018,-5.1825,8.5839,8.357,-0.0016
5.3136,LMPC,-5.2694,8.5805,7.9842,3.1643,0.0015,-5.2725,8.582,8.3893,0.0009
5.3182,LMPC,-5.2694,8.5805,7.9842,3.1643,0.0015,-5.2725,8.582,8.3893,0.0009
5.3226,LMPC,-5.2694,8.5805,7.9842,3.1643,0.0015,-5.2725,8.582,8.3893,0.0009
5.3271,LMPC,-5.3493,8.579,7.9979,3.167,0.0013,-5.3624,8.58,8.4214,0.0037
5.3313,LMPC,-5.3493,8.579,7.9979,3.167,0.0013,-5.3624,8.58,8.4214,0.0037
5.3361,LMPC,-5.4293,8.5774,8.0102,3.1697,0.0012,-5.4224,8.5787,8.4427,0.0063
5.3404,LMPC,-5.4293,8.5774,8.0102,3.1697,0.0012,-5.4224,8.5787,8.4427,0.0063
5.3448,LMPC,-5.5095,8.5757,8.0212,3.1725,0.0012,-5.5124,8.5768,8.4747,0.0091
5.349,LMPC,-5.5095,8.5757,8.0212,3.1725,0.0012,-5.5124,8.5768,8.4747,0.0091
5.3536,LMPC,-5.5897,8.5739,8.0306,3.1752,0.0012,-5.6024,8.5748,8.5065,0.0118
5.3578,LMPC,-5.5897,8.5739,8.0306,3.1752,0.0012,-5.6024,8.5748,8.5065,0.0118
5.362,LMPC,-5.5897,8.5739,8.0306,3.1752,0.0012,-5.6024,8.5748,8.5065,0.0118
5.3664,LMPC,-5.67,8.572,8.0386,3.178,0.0014,-5.6624,8.5735,8.5276,0.0146
5.3707,LMPC,-5.67,8.572,8.0386,3.178,0.0014,-5.6624,8.5735,8.5276,0.0146
5.3754,LMPC,-5.7504,8.57,8.0454,3.1804,0.0016,-5.7523,8.5715,8.5592,0.017
5.3796,LMPC,-5.7504,8.57,8.0454,3.1804,0.0016,-5.7523,8.5715,8.5592,0.017
5.384,LMPC,-5.8309,8.568,8.0507,3.1818,0.0018,-5.8423,8.5696,8.5907,0.0184
5.3884,LMPC,-5.8309,8.568,8.0507,3.1818,0.0018,-5.8423,8.5696,8.5907,0.0184
5.3932,LMPC,-5.9114,8.5659,8.0549,3.1825,0.0021,-5.9023,8.5683,8.6116,0.0192
5.3975,LMPC,-5.9114,8.5659,8.0549,3.1825,0.0021,-5.9023,8.5683,8.6116,0.0192
5.4018,LMPC,-5.9114,8.5659,8.0549,3.1825,0.0021,-5.9023,8.5683,8.6116,0.0192
5.4065,LMPC,-5.9919,8.5639,8.0583,3.1825,0.0025,-5.9923,8.5663,8.6429,0.0191
5.411,LMPC,-5.9919,8.5639,8.0583,3.1825,0.0025,-5.9923,8.5663,8.6429,0.0191
5.4154,LMPC,-6.0725,8.5617,8.0605,3.1821,0.0028,-6.0823,8.5644,8.6741,0.0187
5.4196,LMPC,-6.0725,8.5617,8.0605,3.1821,0.0028,-6.0823,8.5644,8.6741,0.0187
5.4243,LMPC,-6.1531,8.5596,8.0616,3.181,0.0032,-6.1423,8.5631,8.6637,0.0177
5.4287,LMPC,-6.1531,8.5596,8.0616,3.181,0.0032,-6.1423,8.5631,8.6637,0.0177
5.4332,LMPC,-6.2336,8.5574,8.0616,3.1797,0.0037,-6.2322,8.5611,8.6325,0.0164
5.4374,LMPC,-6.2336,8.5574,8.0616,3.1797,0.0037,-6.2322,8.5611,8.6325,0.0164
5.4419,LMPC,-6.2336,8.5574,8.0616,3.1797,0.0037,-6.2322,8.5611,8.6325,0.0164
5.4465,LMPC,-6.3142,8.5552,8.0572,3.1779,0.0041,-6.3222,8.5591,8.6012,0.0146
5.4507,LMPC,-6.3142,8.5552,8.0572,3.1779,0.0041,-6.3222,8.5591,8.6012,0.0146
5.4553,LMPC,-6.3947,8.553,8.0545,3.176,0.0046,-6.3822,8.5578,8.5802,0.0126
5.4597,LMPC,-6.3947,8.553,8.0545,3.176,0.0046,-6.3822,8.5578,8.5802,0.0126
5.4643,LMPC,-6.4753,8.5508,8.0554,3.1737,0.005,-6.4722,8.5559,8.5487,0.0103
5.4684,LMPC,-6.4753,8.5508,8.0554,3.1737,0.005,-6.4722,8.5559,8.5487,0.0103
5.4729,LMPC,-6.5558,8.5486,8.0558,3.1713,0.0054,-6.5622,8.5539,8.517,0.0079
5.4774,LMPC,-6.5558,8.5486,8.0558,3.1713,0.0054,-6.5622,8.5539,8.517,0.0079
5.4817,LMPC,-6.5558,8.5486,8.0558,3.1713,0.0054,-6.5622,8.5539,8.517,0.0079
5.4862,LMPC,-6.6363,8.5465,8.0514,3.1686,0.0058,-6.6221,8.5526,8.4959,0.0052
5.4904,LMPC,-6.6363,8.5465,8.0514,3.1686,0.0058,-6.6221,8.5526,8.4959,0.0052
5.4952,LMPC,-6.7167,8.5444,8.0418,3.1659,0.0062,-6.7121,8.5507,8.464,0.0025
5.4996,LMPC,-6.7167,8.5444,8.0418,3.1659,0.0062,-6.7121,8.5507,8.464,0.0025
5.5071,LMPC,-6.7971,8.5423,8.0301,3.1629,0.0065,-6.8021,8.5487,8.4321,-0.0005
5.5118,LMPC,-6.8773,8.5403,8.0146,3.16,0.0067,-6.8921,8.5468,8.4,-0.0034
5.5162,LMPC,-6.8773,8.5403,8.0146,3.16,0.0067,-6.8921,8.5468,8.4,-0.0034
5.5205,LMPC,-6.8773,8.5403,8.0146,3.16,0.0067,-6.8921,8.5468,8.4,-0.0034
5.525,LMPC,-6.9573,8.5384,7.9961,3.1567,0.0069,-6.9521,8.5454,8.3785,-0.0066
5.5294,LMPC,-6.9573,8.5384,7.9961,3.1567,0.0069,-6.9521,8.5454,8.3785,-0.0066
5.5339,LMPC,-7.0371,8.5366,7.977,3.1536,0.007,-7.042,8.5435,8.3463,-0.0098
5.5382,LMPC,-7.0371,8.5366,7.977,3.1536,0.007,-7.042,8.5435,8.3463,-0.0098
5.5426,LMPC,-7.0371,8.5366,7.977,3.1536,0.007,-7.042,8.5435,8.3463,-0.0098
5.5474,LMPC,-7.1168,8.5349,7.9555,3.1501,0.0069,-7.102,8.5422,8.3247,-0.0132
5.552,LMPC,-7.1962,8.5333,7.932,3.1468,0.0068,-7.192,8.5402,8.2922,-0.0166
5.5562,LMPC,-7.1962,8.5333,7.932,3.1468,0.0068,-7.192,8.5402,8.2922,-0.0166
5.5606,LMPC,-7.1962,8.5333,7.932,3.1468,0.0068,-7.192,8.5402,8.2922,-0.0166
5.5652,LMPC,-7.2754,8.5318,7.9069,3.1431,0.0066,-7.282,8.5383,8.2595,-0.0203
5.5694,LMPC,-7.2754,8.5318,7.9069,3.1431,0.0066,-7.282,8.5383,8.2595,-0.0203
5.5739,LMPC,-7.3543,8.5304,7.8825,3.1399,0.0063,-7.342,8.537,8.2377,-0.0235
5.5785,LMPC,-7.3543,8.5304,7.8825,3.1399,0.0063,-7.342,8.537,8.2377,-0.0235
5.5829,LMPC,-7.3543,8.5304,7.8825,3.1399,0.0063,-7.342,8.537,8.2377,-0.0235
5.5874,LMPC,-7.433,8.5291,7.8566,3.1377,0.0059,-7.4319,8.535,8.2049,-0.0256
5.5919,LMPC,-7.5114,8.5278,7.8315,3.1362,0.0055,-7.5219,8.5331,8.1719,-0.0272
5.596,LMPC,-7.5114,8.5278,7.8315,3.1362,0.0055,-7.5219,8.5331,8.1719,-0.0272
5.6005,LMPC,-7.5114,8.5278,7.8315,3.1362,0.0055,-7.5219,8.5331,8.1719,-0.0272
5.6053,LMPC,-7.5896,8.5266,7.805,3.1355,0.005,-7.5819,8.5317,8.1498,-0.0279
5.6097,LMPC,-7.5896,8.5266,7.805,3.1355,0.005,-7.5819,8.5317,8.1498,-0.0279
5.6142,LMPC,-7.6675,8.5255,7.7773,3.1351,0.0044,-7.6719,8.5298,8.1166,-0.0282
5.6189,LMPC,-7.6675,8.5255,7.7773,3.1351,0.0044,-7.6719,8.5298,8.1166,-0.0282
5.6233,LMPC,-7.6675,8.5255,7.7773,3.1351,0.0044,-7.6719,8.5298,8.1166,-0.0282
5.6279,LMPC,-7.7451,8.5244,7.7508,3.1355,0.0038,-7.7319,8.5285,8.0944,-0.0279
5.6325,LMPC,-7.8225,8.5234,7.723,3.1361,0.0031,-7.8219,8.5265,8.061,-0.0273
5.637,LMPC,-7.8225,8.5234,7.723,3.1361,0.0031,-7.8219,8.5265,8.061,-0.0273
5.6413,LMPC,-7.8225,8.5234,7.723,3.1361,0.0031,-7.8219,8.5265,8.061,-0.0273
5.6457,LMPC,-7.8996,8.5224,7.6943,3.1372,0.0024,-7.9118,8.5246,8.0275,-0.0262
5.6502,LMPC,-7.8996,8.5224,7.6943,3.1372,0.0024,-7.9118,8.5246,8.0275,-0.0262
5.6549,LMPC,-7.9764,8.5215,7.6668,3.1385,0.0016,-7.9718,8.5233,8.005,-0.0249
5.6592,LMPC,-7.9764,8.5215,7.6668,3.1385,0.0016,-7.9718,8.5233,8.005,-0.0249
5.6637,LMPC,-8.0529,8.5206,7.6383,3.1403,0.0009,-8.0618,8.5213,7.9712,-0.0231
5.6681,LMPC,-8.0529,8.5206,7.6383,3.1403,0.0009,-8.0618,8.5213,7.9712,-0.0231
5.6726,LMPC,-8.1291,8.5198,7.6109,3.1421,0.0001,-8.1218,8.52,7.9486,-0.0212
5.6768,LMPC,-8.1291,8.5198,7.6109,3.1421,0.0001,-8.1218,8.52,7.9486,-0.0212
5.6811,LMPC,-8.1291,8.5198,7.6109,3.1421,0.0001,-8.1218,8.52,7.9486,-0.0212
5.6858,LMPC,-8.2051,8.5189,7.5824,3.1444,0.0007,-8.2118,8.518,7.9145,-0.019
5.6902,LMPC,-8.2051,8.5189,7.5824,3.1444,0.0007,-8.2118,8.518,7.9145,-0.019
5.6946,LMPC,-8.2808,8.5181,7.5529,3.1467,0.0016,-8.2717,8.5167,7.8918,-0.0167
5.6988,LMPC,-8.2808,8.5181,7.5529,3.1467,0.0016,-8.2717,8.5167,7.8918,-0.0167
5.7032,LMPC,-8.2808,8.5181,7.5529,3.1467,0.0016,-8.2717,8.5167,7.8918,-0.0167
5.7077,LMPC,-8.3562,8.5172,7.5248,3.1493,0.0023,-8.3617,8.5148,7.8575,-0.0141
5.7121,LMPC,-8.4313,8.5164,7.4956,3.1519,0.0031,-8.4217,8.5135,7.8345,-0.0114
5.7164,LMPC,-8.4313,8.5164,7.4956,3.1519,0.0031,-8.4217,8.5135,7.8345,-0.0114
5.7208,LMPC,-8.4313,8.5164,7.4956,3.1519,0.0031,-8.4217,8.5135,7.8345,-0.0114
5.7255,LMPC,-8.5061,8.5155,7.4676,3.1549,0.0038,-8.5117,8.5115,7.8,-0.0085
5.7298,LMPC,-8.5061,8.5155,7.4676,3.1549,0.0038,-8.5117,8.5115,7.8,-0.0085
5.7345,LMPC,-8.5806,8.5145,7.4385,3.1578,0.0045,-8.5717,8.5102,7.7769,-0.0055
5.7392,LMPC,-8.5806,8.5145,7.4385,3.1578,0.0045,-8.5717,8.5102,7.7769,-0.0055
5.744,LMPC,-8.6548,8.5135,7.4106,3.1611,0.0051,-8.6617,8.5083,7.7421,-0.0023
5.7483,LMPC,-8.6548,8.5135,7.4106,3.1611,0.0051,-8.6617,8.5083,7.7421,-0.0023
5.7531,LMPC,-8.7288,8.5125,7.3815,3.1642,0.0057,-8.7216,8.507,7.7188,0.0009
5.7575,LMPC,-8.7288,8.5125,7.3815,3.1642,0.0057,-8.7216,8.507,7.7188,0.0009
5.7618,LMPC,-8.7288,8.5125,7.3815,3.1642,0.0057,-8.7216,8.507,7.7188,0.0009
5.7661,LMPC,-8.8024,8.5113,7.3535,3.1677,0.0061,-8.8116,8.505,7.6837,0.0043
5.7706,LMPC,-8.8024,8.5113,7.3535,3.1677,0.0061,-8.8116,8.505,7.6837,0.0043
5.7753,LMPC,-8.8758,8.5101,7.3243,3.171,0.0065,-8.8716,8.5037,7.6603,0.0077
5.7796,LMPC,-8.8758,8.5101,7.3243,3.171,0.0065,-8.8716,8.5037,7.6603,0.0077
5.7843,LMPC,-8.9489,8.5087,7.2963,3.1747,0.0067,-8.9616,8.5017,7.625,0.0113
5.7888,LMPC,-8.9489,8.5087,7.2963,3.1747,0.0067,-8.9616,8.5017,7.625,0.0113
5.7934,LMPC,-9.0217,8.5073,7.267,3.1782,0.0069,-9.0216,8.5004,7.6013,0.0148
5.7977,LMPC,-9.0217,8.5073,7.267,3.1782,0.0069,-9.0216,8.5004,7.6013,0.0148
5.8021,LMPC,-9.0217,8.5073,7.267,3.1782,0.0069,-9.0216,8.5004,7.6013,0.0148
5.807,LMPC,-9.0942,8.5057,7.2388,3.182,0.0069,-9.0816,8.4991,7.5776,0.0186
5.8117,LMPC,-9.1665,8.5041,7.2093,3.1853,0.0068,-9.1715,8.4972,7.5419,0.0219
5.8162,LMPC,-9.1665,8.5041,7.2093,3.1853,0.0068,-9.1715,8.4972,7.5419,0.0219
5.8205,LMPC,-9.1665,8.5041,7.2093,3.1853,0.0068,-9.1715,8.4972,7.5419,0.0219
5.8253,LMPC,-9.2384,8.5024,7.181,3.1875,0.0066,-9.2315,8.4959,7.518,0.0241
5.8298,LMPC,-9.2384,8.5024,7.181,3.1875,0.0066,-9.2315,8.4959,7.518,0.0241
5.8345,LMPC,-9.31,8.5006,7.1513,3.1891,0.0064,-9.3215,8.4939,7.482,0.0258
5.8393,LMPC,-9.31,8.5006,7.1513,3.1891,0.0064,-9.3215,8.4939,7.482,0.0258
5.8444,LMPC,-9.3814,8.4988,7.1228,3.1899,0.0062,-9.3815,8.4926,7.4579,0.0265
5.8492,LMPC,-9.3814,8.4988,7.1228,3.1899,0.0062,-9.3815,8.4926,7.4579,0.0265
5.8542,LMPC,-9.4524,8.4969,7.0951,3.1903,0.0058,-9.4415,8.4913,7.4337,0.0269
5.8592,LMPC,-9.4524,8.4969,7.0951,3.1903,0.0058,-9.4415,8.4913,7.4337,0.0269
5.8645,LMPC,-9.5232,8.4949,7.066,3.19,0.0054,-9.5315,8.4893,7.3973,0.0266
5.8691,LMPC,-9.5232,8.4949,7.066,3.19,0.0054,-9.5315,8.4893,7.3973,0.0266
5.8739,LMPC,-9.5937,8.4929,7.0378,3.1894,0.0049,-9.5914,8.488,7.3729,0.0261
5.8787,LMPC,-9.5937,8.4929,7.0378,3.1894,0.0049,-9.5914,8.488,7.3729,0.0261
5.9051,LMPC,-9.8034,8.4867,6.9519,3.1855,0.0033,-9.8014,8.4835,7.287,0.0221
5.9095,LMPC,-9.8034,8.4867,6.9519,3.1855,0.0033,-9.8014,8.4835,7.287,0.0221
5.9142,LMPC,-9.8728,8.4846,6.9225,3.1837,0.0027,-9.8614,8.4822,7.2622,0.0204
5.9187,LMPC,-9.8728,8.4846,6.9225,3.1837,0.0027,-9.8614,8.4822,7.2622,0.0204
5.9231,LMPC,-9.8728,8.4846,6.9225,3.1837,0.0027,-9.8614,8.4822,7.2622,0.0204
5.9277,LMPC,-9.9418,8.4825,6.894,3.1816,0.0021,-9.9514,8.4802,7.225,0.0182
5.9323,LMPC,-10.0106,8.4803,6.871,3.1794,0.0014,-10.0113,8.4789,7.2,0.0161
5.9369,LMPC,-10.0106,8.4803,6.871,3.1794,0.0014,-10.0113,8.4789,7.2,0.0161
5.9414,LMPC,-10.0106,8.4803,6.871,3.1794,0.0014,-10.0113,8.4789,7.2,0.0161
5.9459,LMPC,-10.0792,8.4782,6.8523,3.1769,0.0008,-10.0713,8.4776,7.175,0.0136
5.9503,LMPC,-10.0792,8.4782,6.8523,3.1769,0.0008,-10.0713,8.4776,7.175,0.0136
5.9549,LMPC,-10.1475,8.4762,6.8209,3.1745,0.0002,-10.1613,8.4757,7.1372,0.0111
5.9592,LMPC,-10.1475,8.4762,6.8209,3.1745,0.0002,-10.1613,8.4757,7.1372,0.0111
5.9635,LMPC,-10.2156,8.4741,6.7907,3.1717,0.0004,-10.2213,8.4743,7.112,0.0083
5.9682,LMPC,-10.2156,8.4741,6.7907,3.1717,0.0004,-10.2213,8.4743,7.112,0.0083
5.9731,LMPC,-10.2833,8.4721,6.7592,3.169,0.0009,-10.2813,8.473,7.0866,0.0056
5.9776,LMPC,-10.2833,8.4721,6.7592,3.169,0.0009,-10.2813,8.473,7.0866,0.0056
5.9821,LMPC,-10.2833,8.4721,6.7592,3.169,0.0009,-10.2813,8.473,7.0866,0.0056
5.9871,LMPC,-10.3507,8.4702,6.7289,3.166,0.0013,-10.3413,8.4717,7.0612,0.0026
5.9919,LMPC,-10.4178,8.4683,6.6996,3.163,0.0017,-10.4312,8.4698,7.0228,-0.0003
5.9964,LMPC,-10.4178,8.4683,6.6996,3.163,0.0017,-10.4312,8.4698,7.0228,-0.0003
6.0011,LMPC,-10.4178,8.4683,6.6996,3.163,0.0017,-10.4312,8.4698,7.0228,-0.0003
6.0091,LMPC,-10.4846,8.4666,6.6687,3.1598,0.0021,-10.4912,8.4685,6.9971,-0.0036
6.0138,LMPC,-10.5511,8.4648,6.6389,3.1571,0.0023,-10.5512,8.4672,6.9714,-0.0063
6.0184,LMPC,-10.5511,8.4648,6.6389,3.1571,0.0023,-10.5512,8.4672,6.9714,-0.0063
6.0231,LMPC,-10.5511,8.4648,6.6389,3.1571,0.0023,-10.5512,8.4672,6.9714,-0.0063
6.0279,LMPC,-10.6174,8.4631,6.6099,3.1554,0.0026,-10.6112,8.4659,6.9455,-0.008
6.0325,LMPC,-10.6833,8.4614,6.5816,3.1543,0.0029,-10.6712,8.4646,6.9195,-0.0091
6.0371,LMPC,-10.6833,8.4614,6.5816,3.1543,0.0029,-10.6712,8.4646,6.9195,-0.0091
6.0415,LMPC,-10.6833,8.4614,6.5816,3.1543,0.0029,-10.6712,8.4646,6.9195,-0.0091
6.0462,LMPC,-10.749,8.4597,6.5514,3.154,0.0031,-10.7612,8.4626,6.8804,-0.0093
6.0509,LMPC,-10.749,8.4597,6.5514,3.154,0.0031,-10.7612,8.4626,6.8804,-0.0093
6.0557,LMPC,-10.8143,8.4581,6.5221,3.1541,0.0034,-10.8211,8.4613,6.8542,-0.0093
6.06,LMPC,-10.8143,8.4581,6.5221,3.1541,0.0034,-10.8211,8.4613,6.8542,-0.0093
6.0647,LMPC,-10.8794,8.4565,6.4934,3.1548,0.0036,-10.8811,8.46,6.8279,-0.0085
6.0692,LMPC,-10.8794,8.4565,6.4934,3.1548,0.0036,-10.8811,8.46,6.8279,-0.0085
6.0742,LMPC,-10.9441,8.4549,6.4653,3.1557,0.0037,-10.9411,8.4587,6.8015,-0.0076
6.0786,LMPC,-10.9441,8.4549,6.4653,3.1557,0.0037,-10.9411,8.4587,6.8015,-0.0076
6.083,LMPC,-10.9441,8.4549,6.4653,3.1557,0.0037,-10.9411,8.4587,6.8015,-0.0076
6.0879,LMPC,-11.0086,8.4533,6.4376,3.1575,0.0039,-11.0011,8.4574,6.775,-0.0058
6.0927,LMPC,-11.0728,8.4516,6.4102,3.1608,0.0043,-11.0611,8.4561,6.7483,-0.0026
6.0971,LMPC,-11.0728,8.4516,6.4102,3.1608,0.0043,-11.0611,8.4561,6.7483,-0.0026
6.1015,LMPC,-11.0728,8.4516,6.4102,3.1608,0.0043,-11.0611,8.4561,6.7483,-0.0026
6.1062,LMPC,-11.1368,8.4498,6.3823,3.1648,0.0046,-11.1511,8.4541,6.7082,0.0015
6.1105,LMPC,-11.1368,8.4498,6.3823,3.1648,0.0046,-11.1511,8.4541,6.7082,0.0015
6.1149,LMPC,-11.2004,8.4479,6.3542,3.17,0.0051,-11.2111,8.4528,6.6813,0.0066
6.1191,LMPC,-11.2004,8.4479,6.3542,3.17,0.0051,-11.2111,8.4528,6.6813,0.0066
6.1239,LMPC,-11.2638,8.4459,6.3263,3.1757,0.0058,-11.271,8.4515,6.6543,0.0123
6.1284,LMPC,-11.2638,8.4459,6.3263,3.1757,0.0058,-11.271,8.4515,6.6543,0.0123
6.1329,LMPC,-11.3269,8.4438,6.2991,3.1826,0.0065,-11.331,8.4502,6.6272,0.0192
6.1374,LMPC,-11.3269,8.4438,6.2991,3.1826,0.0065,-11.331,8.4502,6.6272,0.0192
6.1419,LMPC,-11.3269,8.4438,6.2991,3.1826,0.0065,-11.331,8.4502,6.6272,0.0192
6.1463,LMPC,-11.3897,8.4413,6.2734,3.1912,0.0076,-11.391,8.4489,6.6,0.0278
6.1505,LMPC,-11.3897,8.4413,6.2734,3.1912,0.0076,-11.391,8.4489,6.6,0.0278
6.1553,LMPC,-11.4523,8.4387,6.2469,3.2008,0.0089,-11.451,8.4476,6.5727,0.0374
6.1597,LMPC,-11.4523,8.4387,6.2469,3.2008,0.0089,-11.451,8.4476,6.5727,0.0374
6.164,LMPC,-11.5145,8.4357,6.2188,3.2117,0.0105,-11.511,8.4463,6.5452,0.0483
6.1681,LMPC,-11.5145,8.4357,6.2188,3.2117,0.0105,-11.511,8.4463,6.5452,0.0483
6.1727,LMPC,-11.5765,8.4325,6.1921,3.2233,0.0124,-11.571,8.445,6.5177,0.0599
6.177,LMPC,-11.5765,8.4325,6.1921,3.2233,0.0124,-11.571,8.445,6.5177,0.0599
6.1811,LMPC,-11.5765,8.4325,6.1921,3.2233,0.0124,-11.571,8.445,6.5177,0.0599
6.1854,LMPC,-11.6382,8.4289,6.1657,3.2362,0.0146,-11.631,8.4437,6.49,0.0728
6.1901,LMPC,-11.6382,8.4289,6.1657,3.2362,0.0146,-11.631,8.4437,6.49,0.0728
6.1947,LMPC,-11.6995,8.4248,6.1383,3.2509,0.0174,-11.6909,8.4424,6.4622,0.0875
6.1989,LMPC,-11.6995,8.4248,6.1383,3.2509,0.0174,-11.6909,8.4424,6.4622,0.0875
6.2031,LMPC,-11.6995,8.4248,6.1383,3.2509,0.0174,-11.6909,8.4424,6.4622,0.0875
6.2078,LMPC,-11.7606,8.4202,6.1134,3.2667,0.0206,-11.7509,8.4411,6.4343,0.1033
6.2124,LMPC,-11.8215,8.4151,6.0924,3.2837,0.0244,-11.8109,8.4398,6.4062,0.1204
6.2166,LMPC,-11.8215,8.4151,6.0924,3.2837,0.0244,-11.8109,8.4398,6.4062,0.1204
6.2207,LMPC,-11.8215,8.4151,6.0924,3.2837,0.0244,-11.8109,8.4398,6.4062,0.1204
6.2254,LMPC,-11.882,8.4095,6.0763,3.3013,0.0288,-11.8709,8.4385,6.3781,0.1379
6.2298,LMPC,-11.882,8.4095,6.0763,3.3013,0.0288,-11.8709,8.4385,6.3781,0.1379
6.2343,LMPC,-11.9424,8.4032,6.0581,3.3199,0.0337,-11.9309,8.4372,6.3498,0.1566
6.2384,LMPC,-11.9424,8.4032,6.0581,3.3199,0.0337,-11.9309,8.4372,6.3498,0.1566
6.2428,LMPC,-11.9424,8.4032,6.0581,3.3199,0.0337,-11.9309,8.4372,6.3498,0.1566
6.2474,LMPC,-12.0025,8.3961,6.0406,3.3401,0.0395,-11.9909,8.4359,6.3214,0.1767
6.2519,LMPC,-12.0623,8.3884,6.0265,3.3612,0.0459,-12.0509,8.4346,6.2929,0.1978
6.256,LMPC,-12.0623,8.3884,6.0265,3.3612,0.0459,-12.0509,8.4346,6.2929,0.1978
6.2601,LMPC,-12.0623,8.3884,6.0265,3.3612,0.0459,-12.0509,8.4346,6.2929,0.1978
6.2644,LMPC,-12.1219,8.3798,6.0172,3.3834,0.0532,-12.1108,8.4333,6.2642,0.2201
6.2687,LMPC,-12.1219,8.3798,6.0172,3.3834,0.0532,-12.1108,8.4333,6.2642,0.2201
6.2731,LMPC,-12.1812,8.3702,6.0051,3.4073,0.0615,-12.1708,8.4319,6.2354,0.2439
6.2773,LMPC,-12.1812,8.3702,6.0051,3.4073,0.0615,-12.1708,8.4319,6.2354,0.2439
6.2816,LMPC,-12.1812,8.3702,6.0051,3.4073,0.0615,-12.1708,8.4319,6.2354,0.2439
6.2863,LMPC,-12.2403,8.3597,5.9931,3.4321,0.0707,-12.2308,8.4306,6.2064,0.2688
6.2906,LMPC,-12.2403,8.3597,5.9931,3.4321,0.0707,-12.2308,8.4306,6.2064,0.2688
6.2951,LMPC,-12.2991,8.3482,5.9863,3.4583,0.0809,-12.2908,8.4293,6.1774,0.295
6.2994,LMPC,-12.2991,8.3482,5.9863,3.4583,0.0809,-12.2908,8.4293,6.1774,0.295
6.304,LMPC,-12.3576,8.3356,5.9809,3.4861,0.0923,-12.3508,8.428,6.1482,0.3227
6.3082,LMPC,-12.3576,8.3356,5.9809,3.4861,0.0923,-12.3508,8.428,6.1482,0.3227
6.3124,LMPC,-12.4157,8.3218,5.976,3.5146,0.1048,-12.4108,8.4267,6.1188,0.3513
6.3377,LMPC,-12.5311,8.2905,5.9763,3.5753,0.1336,-12.5307,8.4241,6.0597,0.4119
6.3416,LMPC,-12.5311,8.2905,5.9763,3.5753,0.1336,-12.5307,8.4241,6.0597,0.4119
6.3455,LMPC,-12.5882,8.2728,5.9757,3.6071,0.15,-12.5907,8.4228,6.0299,0.4437
6.3507,LMPC,-12.5882,8.2728,5.9757,3.6071,0.15,-12.5907,8.4228,6.0299,0.4437
6.3576,LMPC,-12.6448,8.2538,5.9752,3.6399,0.1678,-12.6507,8.4215,6.0,0.4763
6.363,LMPC,-12.6448,8.2538,5.9752,3.6399,0.1678,-12.6507,8.4215,6.0,0.4763
6.3678,LMPC,-12.701,8.2334,5.9749,3.6731,0.176,-12.739,8.4071,6.015,0.4621
6.3724,LMPC,-12.7566,8.2115,5.9746,3.7069,0.1844,-12.7972,8.3924,6.0299,0.4447
6.3767,LMPC,-12.7566,8.2115,5.9746,3.7069,0.1844,-12.7972,8.3924,6.0299,0.4447
6.3807,LMPC,-12.7566,8.2115,5.9746,3.7069,0.1844,-12.7972,8.3924,6.0299,0.4447
6.3851,LMPC,-12.8116,8.1882,5.9758,3.7408,0.1942,-12.8553,8.3777,6.0,0.4274
6.3892,LMPC,-12.8116,8.1882,5.9758,3.7408,0.1942,-12.8553,8.3777,6.0,0.4274
6.3934,LMPC,-12.866,8.1634,5.978,3.7752,0.1928,-12.9383,8.3437,6.015,0.3799
6.3976,LMPC,-12.866,8.1634,5.978,3.7752,0.1928,-12.9383,8.3437,6.015,0.3799
6.4021,LMPC,-12.866,8.1634,5.978,3.7752,0.1928,-12.9383,8.3437,6.015,0.3799
6.407,LMPC,-12.9196,8.137,5.9811,3.8107,0.194,-12.9922,8.3174,6.0299,0.3589
6.4116,LMPC,-12.9725,8.109,5.9844,3.8465,0.1875,-13.0964,8.2588,6.0,0.282
6.4159,LMPC,-12.9725,8.109,5.9844,3.8465,0.1875,-13.0964,8.2588,6.0,0.282
6.4204,LMPC,-12.9725,8.109,5.9844,3.8465,0.1875,-13.0964,8.2588,6.0,0.282
6.425,LMPC,-13.0246,8.0795,5.9885,3.8829,0.1823,-13.1443,8.2227,6.0299,0.2621
6.4293,LMPC,-13.0246,8.0795,5.9885,3.8829,0.1823,-13.1443,8.2227,6.0299,0.2621
6.4336,LMPC,-13.0757,8.0483,5.9929,3.9193,0.1783,-13.1922,8.1866,6.015,0.2421
6.438,LMPC,-13.0757,8.0483,5.9929,3.9193,0.1783,-13.1922,8.1866,6.015,0.2421
6.4423,LMPC,-13.0757,8.0483,5.9929,3.9193,0.1783,-13.1922,8.1866,6.015,0.2421
6.447,LMPC,-13.126,8.0156,5.9969,3.9561,0.1673,-13.2586,8.1265,6.015,0.1944
6.4513,LMPC,-13.126,8.0156,5.9969,3.9561,0.1673,-13.2586,8.1265,6.015,0.1944
6.4559,LMPC,-13.1752,7.9813,6.001,3.9929,0.1558,-13.2987,8.0819,6.0448,0.1748
6.4604,LMPC,-13.1752,7.9813,6.001,3.9929,0.1558,-13.2987,8.0819,6.0448,0.1748
6.4649,LMPC,-13.2233,7.9454,6.0054,4.0298,0.1455,-13.3388,8.0372,6.015,0.1554
6.4692,LMPC,-13.2233,7.9454,6.0054,4.0298,0.1455,-13.3388,8.0372,6.015,0.1554
6.4739,LMPC,-13.2703,7.908,6.01,4.0666,0.1275,-13.3917,7.9649,6.015,0.1077
6.4782,LMPC,-13.2703,7.908,6.01,4.0666,0.1275,-13.3917,7.9649,6.015,0.1077
6.4825,LMPC,-13.2703,7.908,6.01,4.0666,0.1275,-13.3917,7.9649,6.015,0.1077
6.4871,LMPC,-13.3161,7.869,6.0151,4.1036,0.1147,-13.4072,7.9392,6.0299,0.1164
6.4918,LMPC,-13.3606,7.8285,6.0216,4.1401,0.0975,-13.438,7.8878,6.0299,0.0967
6.4962,LMPC,-13.3606,7.8285,6.0216,4.1401,0.0975,-13.438,7.8878,6.0299,0.0967
6.5005,LMPC,-13.3606,7.8285,6.0216,4.1401,0.0975,-13.438,7.8878,6.0299,0.0967
6.5082,LMPC,-13.4038,7.7865,6.0292,4.1766,0.0761,-13.4804,7.8087,6.0,0.0486
6.5129,LMPC,-13.4456,7.7431,6.037,4.2126,0.0524,-13.5009,7.7523,6.0299,0.0282
6.5171,LMPC,-13.4456,7.7431,6.037,4.2126,0.0524,-13.5009,7.7523,6.0299,0.0282
6.5215,LMPC,-13.4456,7.7431,6.037,4.2126,0.0524,-13.5009,7.7523,6.0299,0.0282
6.5262,LMPC,-13.486,7.6982,6.0459,4.2483,0.0304,-13.5213,7.6959,6.015,0.0076
6.5304,LMPC,-13.486,7.6982,6.0459,4.2483,0.0304,-13.5213,7.6959,6.015,0.0076
6.5349,LMPC,-13.525,7.6519,6.0544,4.2833,0.0127,-13.5315,7.6677,6.0,0.0144
6.5394,LMPC,-13.525,7.6519,6.0544,4.2833,0.0127,-13.5315,7.6677,6.0,0.0144
6.544,LMPC,-13.5625,7.6043,6.0632,4.317,0.0123,-13.5468,7.61,6.0,-0.0082
6.5482,LMPC,-13.5625,7.6043,6.0632,4.317,0.0123,-13.5468,7.61,6.0,-0.0082
6.5526,LMPC,-13.5984,7.5554,6.073,4.3499,0.0416,-13.5561,7.5507,6.0299,-0.0317
6.5569,LMPC,-13.5984,7.5554,6.073,4.3499,0.0416,-13.5561,7.5507,6.0299,-0.0317
6.5612,LMPC,-13.5984,7.5554,6.073,4.3499,0.0416,-13.5561,7.5507,6.0299,-0.0317
6.5656,LMPC,-13.6329,7.5053,6.0831,4.3815,0.0687,-13.5654,7.4914,6.015,-0.0565
6.5698,LMPC,-13.6329,7.5053,6.0831,4.3815,0.0687,-13.5654,7.4914,6.015,-0.0565
6.5745,LMPC,-13.6658,7.4541,6.0935,4.4114,0.0943,-13.5741,7.4321,6.0,-0.083
6.5791,LMPC,-13.6658,7.4541,6.0935,4.4114,0.0943,-13.5741,7.4321,6.0,-0.083
6.5837,LMPC,-13.6972,7.4018,6.1034,4.4401,0.1219,-13.573,7.4021,6.0,-0.0824
6.588,LMPC,-13.6972,7.4018,6.1034,4.4401,0.1219,-13.573,7.4021,6.0,-0.0824
6.5927,LMPC,-13.7271,7.3486,6.1137,4.4674,0.1557,-13.5708,7.3422,6.0299,-0.1115
6.5969,LMPC,-13.7271,7.3486,6.1137,4.4674,0.1557,-13.5708,7.3422,6.0299,-0.1115
6.6011,LMPC,-13.7271,7.3486,6.1137,4.4674,0.1557,-13.5708,7.3422,6.0299,-0.1115
6.6057,LMPC,-13.7554,7.2943,6.1237,4.4929,0.1828,-13.5697,7.3122,6.0299,-0.1142
6.6099,LMPC,-13.7554,7.2943,6.1237,4.4929,0.1828,-13.5697,7.3122,6.0299,-0.1142
6.6143,LMPC,-13.7822,7.2392,6.1331,4.5173,0.2138,-13.5675,7.2522,6.0,-0.1461
6.6185,LMPC,-13.7822,7.2392,6.1331,4.5173,0.2138,-13.5675,7.2522,6.0,-0.1461
6.623,LMPC,-13.7822,7.2392,6.1331,4.5173,0.2138,-13.5675,7.2522,6.0,-0.1461
6.6482,LMPC,-13.8537,7.0694,6.1547,4.582,0.3055,-13.5502,7.1336,6.0448,-0.1653
6.6522,LMPC,-13.8746,7.0115,6.1597,4.6015,0.3382,-13.5401,7.0745,6.0745,-0.1845
6.6561,LMPC,-13.8746,7.0115,6.1597,4.6015,0.3382,-13.5401,7.0745,6.0745,-0.1845
6.6612,LMPC,-13.8746,7.0115,6.1597,4.6015,0.3382,-13.5401,7.0745,6.0745,-0.1845
6.6662,LMPC,-13.8941,6.953,6.1638,4.6206,0.3676,-13.5278,6.9854,6.1188,-0.1953
6.6707,LMPC,-13.8941,6.953,6.1638,4.6206,0.3676,-13.5278,6.9854,6.1188,-0.1953
6.6754,LMPC,-13.9121,6.894,6.1677,4.6389,0.3917,-13.5216,6.9257,6.1482,-0.177
6.6798,LMPC,-13.9121,6.894,6.1677,4.6389,0.3917,-13.5216,6.9257,6.1482,-0.177
6.6842,LMPC,-13.9289,6.8347,6.1714,4.656,0.4145,-13.5154,6.866,6.1774,-0.1599
6.6882,LMPC,-13.9289,6.8347,6.1714,4.656,0.4145,-13.5154,6.866,6.1774,-0.1599
6.6928,LMPC,-13.9443,6.7749,6.1729,4.6725,0.436,-13.5092,6.8063,6.2064,-0.1434
6.6969,LMPC,-13.9443,6.7749,6.1729,4.6725,0.436,-13.5092,6.8063,6.2064,-0.1434
6.7012,LMPC,-13.9443,6.7749,6.1729,4.6725,0.436,-13.5092,6.8063,6.2064,-0.1434
6.7055,LMPC,-13.9584,6.7148,6.1736,4.688,0.4562,-13.5061,6.7765,6.2209,-0.1279
6.7096,LMPC,-13.9584,6.7148,6.1736,4.688,0.4562,-13.5061,6.7765,6.2209,-0.1279
6.714,LMPC,-13.9713,6.6544,6.172,4.7022,0.4753,-13.4999,6.7168,6.2498,-0.1137
6.7186,LMPC,-13.9713,6.6544,6.172,4.7022,0.4753,-13.4999,6.7168,6.2498,-0.1137
6.7229,LMPC,-13.9713,6.6544,6.172,4.7022,0.4753,-13.4999,6.7168,6.2498,-0.1137
6.7274,LMPC,-13.9831,6.5939,6.166,4.7159,0.4932,-13.4937,6.6571,6.2785,-0.1001
6.7317,LMPC,-13.9936,6.5332,6.1565,4.7291,0.51,-13.4875,6.5975,6.3071,-0.0868
6.7362,LMPC,-13.9936,6.5332,6.1565,4.7291,0.51,-13.4875,6.5975,6.3071,-0.0868
6.7404,LMPC,-13.9936,6.5332,6.1565,4.7291,0.51,-13.4875,6.5975,6.3071,-0.0868
6.7449,LMPC,-14.003,6.4724,6.1474,4.7424,0.5257,-13.4813,6.5378,6.3356,-0.0736
6.7492,LMPC,-14.003,6.4724,6.1474,4.7424,0.5257,-13.4813,6.5378,6.3356,-0.0736
6.7539,LMPC,-14.0113,6.4115,6.1384,4.755,0.5402,-13.4751,6.4781,6.364,-0.061
6.7583,LMPC,-14.0113,6.4115,6.1384,4.755,0.5402,-13.4751,6.4781,6.364,-0.061
6.7625,LMPC,-14.0113,6.4115,6.1384,4.755,0.5402,-13.4751,6.4781,6.364,-0.061
6.7671,LMPC,-14.0186,6.3506,6.1264,4.7665,0.5538,-13.4689,6.4184,6.3922,-0.0494
6.7719,LMPC,-14.0249,6.2898,6.112,4.7776,0.5663,-13.4627,6.3588,6.3953,-0.0383
6.7761,LMPC,-14.0249,6.2898,6.112,4.7776,0.5663,-13.4627,6.3588,6.3953,-0.0383
6.7803,LMPC,-14.0249,6.2898,6.112,4.7776,0.5663,-13.4627,6.3588,6.3953,-0.0383
6.785,LMPC,-14.0303,6.2289,6.1002,4.7877,0.578,-13.4565,6.2991,6.3671,-0.0282
6.7893,LMPC,-14.0303,6.2289,6.1002,4.7877,0.578,-13.4565,6.2991,6.3671,-0.0282
6.7938,LMPC,-14.0348,6.1682,6.0891,4.7962,0.5859,-13.4477,6.1795,6.3103,-0.003
6.7982,LMPC,-14.0348,6.1682,6.0891,4.7962,0.5859,-13.4477,6.1795,6.3103,-0.003
6.8027,LMPC,-14.0348,6.1682,6.0891,4.7962,0.5859,-13.4477,6.1795,6.3103,-0.003
6.8074,LMPC,-14.0385,6.1074,6.0818,4.8037,0.5925,-13.4455,6.1195,6.2817,0.0232
6.8118,LMPC,-14.0414,6.0467,6.0779,4.8097,0.598,-13.4433,6.0595,6.253,0.048
6.8161,LMPC,-14.0414,6.0467,6.0779,4.8097,0.598,-13.4433,6.0595,6.253,0.048
6.8206,LMPC,-14.0414,6.0467,6.0779,4.8097,0.598,-13.4433,6.0595,6.253,0.048
6.8252,LMPC,-14.0435,5.986,6.076,4.8149,0.6023,-13.4412,5.9996,6.2241,0.0633
6.8294,LMPC,-14.0435,5.986,6.076,4.8149,0.6023,-13.4412,5.9996,6.2241,0.0633
6.834,LMPC,-14.0449,5.9252,6.0761,4.8186,0.6058,-13.4392,5.9396,6.1951,0.0681
6.8385,LMPC,-14.0449,5.9252,6.0761,4.8186,0.6058,-13.4392,5.9396,6.1951,0.0681
6.8429,LMPC,-14.0449,5.9252,6.0761,4.8186,0.6058,-13.4392,5.9396,6.1951,0.0681
6.8474,LMPC,-14.0457,5.8644,6.0787,4.8204,0.6086,-13.4373,5.8796,6.166,0.0711
6.852,LMPC,-14.0459,5.8036,6.0818,4.821,0.6108,-13.4353,5.8197,6.1367,0.0728
6.8563,LMPC,-14.0459,5.8036,6.0818,4.821,0.6108,-13.4353,5.8197,6.1367,0.0728
6.8606,LMPC,-14.0459,5.8036,6.0818,4.821,0.6108,-13.4353,5.8197,6.1367,0.0728
6.8649,LMPC,-14.0456,5.7428,6.0852,4.8203,0.6127,-13.4331,5.7597,6.1073,0.0721
6.869,LMPC,-14.0456,5.7428,6.0852,4.8203,0.6127,-13.4331,5.7597,6.1073,0.0721
6.8736,LMPC,-14.0449,5.6819,6.0893,4.8189,0.6141,-13.431,5.6998,6.0778,0.0706
6.8779,LMPC,-14.0449,5.6819,6.0893,4.8189,0.6141,-13.431,5.6998,6.0778,0.0706
6.8821,LMPC,-14.0449,5.6819,6.0893,4.8189,0.6141,-13.431,5.6998,6.0778,0.0706
6.8865,LMPC,-14.0437,5.621,6.094,4.8162,0.6127,-13.43,5.5799,6.0481,0.0836
6.8911,LMPC,-14.0437,5.621,6.094,4.8162,0.6127,-13.43,5.5799,6.0481,0.0836
6.8957,LMPC,-14.0422,5.5601,6.099,4.8121,0.6094,-13.433,5.5199,6.0448,0.1031
6.8999,LMPC,-14.0422,5.5601,6.099,4.8121,0.6094,-13.433,5.5199,6.0448,0.1031
6.9043,LMPC,-14.0405,5.4991,6.1042,4.8069,0.5958,-13.4573,5.3425,6.0299,0.1932
6.9088,LMPC,-14.0405,5.4991,6.1042,4.8069,0.5958,-13.4573,5.3425,6.0299,0.1932
6.9134,LMPC,-14.0386,5.4381,6.1091,4.8008,0.5819,-13.4727,5.2845,6.0597,0.23
6.9175,LMPC,-14.0386,5.4381,6.1091,4.8008,0.5819,-13.4727,5.2845,6.0597,0.23
6.9217,LMPC,-14.0386,5.4381,6.1091,4.8008,0.5819,-13.4727,5.2845,6.0597,0.23
6.9263,LMPC,-14.0365,5.377,6.1129,4.7941,0.5668,-13.488,5.2265,6.0893,0.2662
6.9308,LMPC,-14.0365,5.377,6.1129,4.7941,0.5668,-13.488,5.2265,6.0893,0.2662
6.9352,LMPC,-14.0343,5.3159,6.1158,4.7869,0.5527,-13.4943,5.1972,6.1041,0.2658
6.9394,LMPC,-14.0343,5.3159,6.1158,4.7869,0.5527,-13.4943,5.1972,6.1041,0.2658
6.9441,LMPC,-14.032,5.2548,6.1181,4.7794,0.5388,-13.5057,5.1383,6.1335,0.2583
6.9485,LMPC,-14.032,5.2548,6.1181,4.7794,0.5388,-13.5057,5.1383,6.1335,0.2583
6.953,LMPC,-14.0297,5.1936,6.1201,4.7715,0.5249,-13.5171,5.0794,6.1628,0.2504
6.9572,LMPC,-14.0297,5.1936,6.1201,4.7715,0.5249,-13.5171,5.0794,6.1628,0.2504
6.9616,LMPC,-14.0297,5.1936,6.1201,4.7715,0.5249,-13.5171,5.0794,6.1628,0.2504
6.9664,LMPC,-14.0274,5.1324,6.1214,4.7636,0.511,-13.5228,5.0499,6.1774,0.2425
6.9706,LMPC,-14.0274,5.1324,6.1214,4.7636,0.511,-13.5228,5.0499,6.1774,0.2425
6.9752,LMPC,-14.0251,5.0713,6.122,4.7555,0.4972,-13.5342,4.991,6.2064,0.2343
6.9796,LMPC,-14.0251,5.0713,6.122,4.7555,0.4972,-13.5342,4.991,6.2064,0.2343
6.9842,LMPC,-14.023,5.0101,6.1209,4.7474,0.4835,-13.5456,4.9321,6.2354,0.2263
6.9884,LMPC,-14.023,5.0101,6.1209,4.7474,0.4835,-13.5456,4.9321,6.2354,0.2263
6.9928,LMPC,-14.021,4.9489,6.1176,4.7391,0.4699,-13.557,4.8732,6.2642,0.218
6.997,LMPC,-14.021,4.9489,6.1176,4.7391,0.4699,-13.557,4.8732,6.2642,0.218
7.0014,LMPC,-14.021,4.9489,6.1176,4.7391,0.4699,-13.557,4.8732,6.2642,0.218
7.009,LMPC,-14.0191,4.8878,6.1125,4.7314,0.4564,-13.5685,4.8143,6.2929,0.2103
7.0135,LMPC,-14.0173,4.8268,6.1048,4.7246,0.443,-13.5799,4.7554,6.3214,0.2035
7.0179,LMPC,-14.0173,4.8268,6.1048,4.7246,0.443,-13.5799,4.7554,6.3214,0.2035
7.0223,LMPC,-14.0173,4.8268,6.1048,4.7246,0.443,-13.5799,4.7554,6.3214,0.2035
7.0267,LMPC,-14.0156,4.7658,6.0994,4.7184,0.4298,-13.5913,4.6965,6.3498,0.1973
7.031,LMPC,-14.0156,4.7658,6.0994,4.7184,0.4298,-13.5913,4.6965,6.3498,0.1973
7.0356,LMPC,-14.0141,4.7048,6.0991,4.713,0.4167,-13.6027,4.6376,6.3781,0.1919
7.04,LMPC,-14.0141,4.7048,6.0991,4.713,0.4167,-13.6027,4.6376,6.3781,0.1919
7.0444,LMPC,-14.0127,4.6438,6.0962,4.708,0.4038,-13.6141,4.5787,6.364,0.1869
7.0486,LMPC,-14.0127,4.6438,6.0962,4.708,0.4038,-13.6141,4.5787,6.364,0.1869
7.0533,LMPC,-14.0116,4.5829,6.0928,4.7036,0.391,-13.6255,4.5198,6.3356,0.1825
7.0577,LMPC,-14.0116,4.5829,6.0928,4.7036,0.391,-13.6255,4.5198,6.3356,0.1825
7.062,LMPC,-14.0116,4.5829,6.0928,4.7036,0.391,-13.6255,4.5198,6.3356,0.1825
7.0666,LMPC,-14.0106,4.522,6.0931,4.6995,0.3785,-13.6369,4.4609,6.3071,0.1784
7.0711,LMPC,-14.0106,4.522,6.0931,4.6995,0.3785,-13.6369,4.4609,6.3071,0.1784
7.0756,LMPC,-14.0098,4.461,6.0936,4.6959,0.3661,-13.6483,4.402,6.2785,0.1747
7.0798,LMPC,-14.0098,4.461,6.0936,4.6959,0.3661,-13.6483,4.402,6.2785,0.1747
7.0843,LMPC,-14.0092,4.4001,6.0928,4.6924,0.3539,-13.6597,4.3431,6.2498,0.1712
7.0887,LMPC,-14.0092,4.4001,6.0928,4.6924,0.3539,-13.6597,4.3431,6.2498,0.1712
7.0933,LMPC,-14.0087,4.3392,6.0932,4.6893,0.3419,-13.6711,4.2842,6.2209,0.1682
7.0975,LMPC,-14.0087,4.3392,6.0932,4.6893,0.3419,-13.6711,4.2842,6.2209,0.1682
7.1019,LMPC,-14.0087,4.3392,6.0932,4.6893,0.3419,-13.6711,4.2842,6.2209,0.1682
7.1066,LMPC,-14.0085,4.2782,6.0947,4.6862,0.3301,-13.6825,4.2253,6.1919,0.1651
7.1108,LMPC,-14.0085,4.2782,6.0947,4.6862,0.3301,-13.6825,4.2253,6.1919,0.1651
7.1152,LMPC,-14.0085,4.2173,6.0955,4.6835,0.3185,-13.694,4.1664,6.1628,0.1624
7.1197,LMPC,-14.0085,4.2173,6.0955,4.6835,0.3185,-13.694,4.1664,6.1628,0.1624
7.1243,LMPC,-14.0086,4.1563,6.0958,4.6808,0.307,-13.7054,4.1075,6.1335,0.1597
7.1286,LMPC,-14.0086,4.1563,6.0958,4.6808,0.307,-13.7054,4.1075,6.1335,0.1597
7.1329,LMPC,-14.0089,4.0954,6.0967,4.6787,0.2957,-13.7168,4.0486,6.1041,0.1576
7.1373,LMPC,-14.0089,4.0954,6.0967,4.6787,0.2957,-13.7168,4.0486,6.1041,0.1576
7.1417,LMPC,-14.0089,4.0954,6.0967,4.6787,0.2957,-13.7168,4.0486,6.1041,0.1576
7.1461,LMPC,-14.0093,4.0344,6.0973,4.6777,0.2845,-13.7282,3.9897,6.0745,0.1566
7.1504,LMPC,-14.0093,4.0344,6.0973,4.6777,0.2845,-13.7282,3.9897,6.0745,0.1566
7.1551,LMPC,-14.0098,3.9734,6.0955,4.6773,0.2734,-13.7396,3.9307,6.0448,0.1562
7.1594,LMPC,-14.0098,3.9734,6.0955,4.6773,0.2734,-13.7396,3.9307,6.0448,0.1562
7.1639,LMPC,-14.0104,3.9125,6.0958,4.6777,0.2624,-13.751,3.8718,6.015,0.1565
7.1681,LMPC,-14.0104,3.9125,6.0958,4.6777,0.2624,-13.751,3.8718,6.015,0.1565
7.1729,LMPC,-14.0111,3.8515,6.0966,4.6784,0.2443,-13.7757,3.7855,6.0299,0.1909
7.1772,LMPC,-14.0111,3.8515,6.0966,4.6784,0.2443,-13.7757,3.7855,6.0299,0.1909
7.1815,LMPC,-14.0111,3.8515,6.0966,4.6784,0.2443,-13.7757,3.7855,6.0299,0.1909
7.1859,LMPC,-14.0119,3.7906,6.098,4.6797,0.226,-13.7946,3.7285,6.0299,0.2257
7.1903,LMPC,-14.0119,3.7906,6.098,4.6797,0.226,-13.7946,3.7285,6.0299,0.2257
7.1949,LMPC,-14.0127,3.7296,6.0999,4.6813,0.2075,-13.8135,3.6716,6.0,0.2606
7.1991,LMPC,-14.0127,3.7296,6.0999,4.6813,0.2075,-13.8135,3.6716,6.0,0.2606
7.2034,LMPC,-14.0127,3.7296,6.0999,4.6813,0.2075,-13.8135,3.6716,6.0,0.2606
7.2081,LMPC,-14.0136,3.6686,6.1023,4.6832,0.1803,-13.8501,3.5896,6.0299,0.3065
7.2126,LMPC,-14.0145,3.6075,6.1051,4.6852,0.1545,-13.8765,3.5357,6.0299,0.3363
7.2168,LMPC,-14.0145,3.6075,6.1051,4.6852,0.1545,-13.8765,3.5357,6.0299,0.3363
7.2212,LMPC,-14.0145,3.6075,6.1051,4.6852,0.1545,-13.8765,3.5357,6.0299,0.3363
7.2258,LMPC,-14.0154,3.5465,6.1092,4.6876,0.1287,-13.9029,3.4818,6.0,0.3664
7.23,LMPC,-14.0154,3.5465,6.1092,4.6876,0.1287,-13.9029,3.4818,6.0,0.3664
7.2346,LMPC,-14.0163,3.4854,6.1136,4.6899,0.1065,-13.9141,3.4541,6.0,0.3706
7.2391,LMPC,-14.0163,3.4854,6.1136,4.6899,0.1065,-13.9141,3.4541,6.0,0.3706
7.2438,LMPC,-14.0173,3.4242,6.1184,4.6924,0.0914,-13.9301,3.3962,6.0299,0.3397
7.2479,LMPC,-14.0173,3.4242,6.1184,4.6924,0.0914,-13.9301,3.3962,6.0299,0.3397
7.2523,LMPC,-14.0182,3.363,6.1243,4.6949,0.0761,-13.9461,3.3384,6.0299,0.3088
7.2563,LMPC,-14.0182,3.363,6.1243,4.6949,0.0761,-13.9461,3.3384,6.0299,0.3088
7.2609,LMPC,-14.0182,3.363,6.1243,4.6949,0.0761,-13.9461,3.3384,6.0299,0.3088
7.2655,LMPC,-14.0191,3.3017,6.1305,4.6976,0.0606,-13.9621,3.2806,6.0,0.278
7.2697,LMPC,-14.0191,3.3017,6.1305,4.6976,0.0606,-13.9621,3.2806,6.0,0.278
7.2745,LMPC,-14.0199,3.2404,6.1369,4.7001,0.0493,-13.9659,3.2511,6.0,0.257
7.279,LMPC,-14.0199,3.2404,6.1369,4.7001,0.0493,-13.9659,3.2511,6.0,0.257
7.2832,LMPC,-14.0199,3.2404,6.1369,4.7001,0.0493,-13.9659,3.2511,6.0,0.257
7.2876,LMPC,-14.0207,3.179,6.1428,4.7028,0.0494,-13.9676,3.1911,6.0299,0.2033
7.2922,LMPC,-14.0215,3.1176,6.1494,4.7053,0.053,-13.9702,3.1011,6.015,0.1213
7.2967,LMPC,-14.0215,3.1176,6.1494,4.7053,0.053,-13.9702,3.1011,6.015,0.1213
7.301,LMPC,-14.0215,3.1176,6.1494,4.7053,0.053,-13.9702,3.1011,6.015,0.1213
7.3056,LMPC,-14.0221,3.056,6.1566,4.7079,0.0494,-13.971,3.0711,6.0,0.0957
7.3101,LMPC,-14.0221,3.056,6.1566,4.7079,0.0494,-13.971,3.0711,6.0,0.0957
7.3147,LMPC,-14.0227,2.9944,6.1639,4.7104,0.055,-13.9666,3.0113,6.0299,0.0611
7.3189,LMPC,-14.0227,2.9944,6.1639,4.7104,0.055,-13.9666,3.0113,6.0299,0.0611
7.3231,LMPC,-14.0227,2.9944,6.1639,4.7104,0.055,-13.9666,3.0113,6.0299,0.0611
7.328,LMPC,-14.0232,2.9328,6.1703,4.7133,0.0613,-13.9614,2.9516,6.0597,0.0294
7.3326,LMPC,-14.0236,2.871,6.1758,4.7172,0.0675,-13.9562,2.8918,6.0893,-0.0014
7.3367,LMPC,-14.0236,2.871,6.1758,4.7172,0.0675,-13.9562,2.8918,6.0893,-0.0014
7.341,LMPC,-14.0236,2.871,6.1758,4.7172,0.0675,-13.9562,2.8918,6.0893,-0.0014
7.3457,LMPC,-14.0237,2.8093,6.1803,4.7216,0.0715,-13.952,2.8019,6.1335,-0.0152
7.35,LMPC,-14.0237,2.8093,6.1803,4.7216,0.0715,-13.952,2.8019,6.1335,-0.0152
7.3545,LMPC,-14.0237,2.7474,6.1836,4.7267,0.073,-13.9505,2.7419,6.1628,-0.0101
7.359,LMPC,-14.0237,2.7474,6.1836,4.7267,0.073,-13.9505,2.7419,6.1628,-0.0101
7.3634,LMPC,-14.0237,2.7474,6.1836,4.7267,0.073,-13.9505,2.7419,6.1628,-0.0101
7.3686,LMPC,-14.0235,2.6856,6.1862,4.7321,0.0743,-13.9491,2.682,6.1919,-0.0047
7.3734,LMPC,-14.0231,2.6237,6.1877,4.7381,0.0754,-13.9476,2.622,6.2209,0.0013
7.3779,LMPC,-14.0231,2.6237,6.1877,4.7381,0.0754,-13.9476,2.622,6.2209,0.0013
7.3823,LMPC,-14.0231,2.6237,6.1877,4.7381,0.0754,-13.9476,2.622,6.2209,0.0013
7.3875,LMPC,-14.0224,2.5618,6.1882,4.7442,0.0763,-13.9461,2.562,6.2498,0.0074
7.3924,LMPC,-14.0215,2.5,6.1876,4.7511,0.0769,-13.9447,2.502,6.2785,0.0143
7.3969,LMPC,-14.0215,2.5,6.1876,4.7511,0.0769,-13.9447,2.502,6.2785,0.0143
7.4013,LMPC,-14.0215,2.5,6.1876,4.7511,0.0769,-13.9447,2.502,6.2785,0.0143
7.4059,LMPC,-14.0203,2.4381,6.183,4.7592,0.0771,-13.9432,2.442,6.3071,0.0224
7.4105,LMPC,-14.0203,2.4381,6.183,4.7592,0.0771,-13.9432,2.442,6.3071,0.0224
7.4155,LMPC,-14.0187,2.3764,6.175,4.7682,0.0771,-13.9418,2.382,6.3356,0.0314
7.4201,LMPC,-14.0187,2.3764,6.175,4.7682,0.0771,-13.9418,2.382,6.3356,0.0314
7.4249,LMPC,-14.0168,2.3147,6.1652,4.7781,0.0767,-13.9403,2.3221,6.364,0.0413
7.4294,LMPC,-14.0168,2.3147,6.1652,4.7781,0.0767,-13.9403,2.3221,6.364,0.0413
7.4342,LMPC,-14.0145,2.2531,6.1536,4.7887,0.0759,-13.9388,2.2621,6.3922,0.0519
7.4384,LMPC,-14.0145,2.2531,6.1536,4.7887,0.0759,-13.9388,2.2621,6.3922,0.0519
7.443,LMPC,-14.0145,2.2531,6.1536,4.7887,0.0759,-13.9388,2.2621,6.3922,0.0519
7.4685,LMPC,-14.0051,2.0694,6.1086,4.8246,0.071,-13.9344,2.0821,6.4761,0.0878
7.4725,LMPC,-14.001,2.0086,6.0914,4.8389,0.0683,-13.933,2.0222,6.4622,0.1021
7.4772,LMPC,-14.001,2.0086,6.0914,4.8389,0.0683,-13.933,2.0222,6.4622,0.1021
7.4824,LMPC,-14.001,2.0086,6.0914,4.8389,0.0683,-13.933,2.0222,6.4622,0.1021
7.487,LMPC,-13.9963,1.9479,6.0745,4.8541,0.0651,-13.9315,1.9622,6.4343,0.1173
7.4912,LMPC,-13.9963,1.9479,6.0745,4.8541,0.0651,-13.9315,1.9622,6.4343,0.1173
7.4959,LMPC,-13.991,1.8875,6.0609,4.8704,0.0613,-13.93,1.9022,6.4062,0.1336
7.5001,LMPC,-13.991,1.8875,6.0609,4.8704,0.0613,-13.93,1.9022,6.4062,0.1336
7.5076,LMPC,-13.9851,1.8272,6.0498,4.8871,0.0568,-13.9286,1.8422,6.3781,0.1503
7.5119,LMPC,-13.9784,1.7671,6.0386,4.9048,0.0517,-13.9271,1.7822,6.3498,0.168
7.5161,LMPC,-13.9784,1.7671,6.0386,4.9048,0.0517,-13.9271,1.7822,6.3498,0.168
7.5205,LMPC,-13.9784,1.7671,6.0386,4.9048,0.0517,-13.9271,1.7822,6.3498,0.168
7.5251,LMPC,-13.971,1.7072,6.0305,4.9239,0.0457,-13.9256,1.7222,6.3214,0.1871
7.5293,LMPC,-13.971,1.7072,6.0305,4.9239,0.0457,-13.9256,1.7222,6.3214,0.1871
7.534,LMPC,-13.9628,1.6475,6.0249,4.9436,0.039,-13.9242,1.6623,6.2929,0.2068
7.5385,LMPC,-13.9628,1.6475,6.0249,4.9436,0.039,-13.9242,1.6623,6.2929,0.2068
7.5429,LMPC,-13.9628,1.6475,6.0249,4.9436,0.039,-13.9242,1.6623,6.2929,0.2068
7.5473,LMPC,-13.9538,1.588,6.0216,4.9644,0.0314,-13.9227,1.6023,6.2642,0.2276
7.5521,LMPC,-13.9438,1.5286,6.0159,4.9867,0.0229,-13.9212,1.5423,6.2354,0.2499
7.5566,LMPC,-13.9438,1.5286,6.0159,4.9867,0.0229,-13.9212,1.5423,6.2354,0.2499
7.5609,LMPC,-13.9438,1.5286,6.0159,4.9867,0.0229,-13.9212,1.5423,6.2354,0.2499
7.5654,LMPC,-13.9328,1.4695,6.0148,5.0098,0.0134,-13.9198,1.4823,6.2064,0.273
7.57,LMPC,-13.9328,1.4695,6.0148,5.0098,0.0134,-13.9198,1.4823,6.2064,0.273
7.5747,LMPC,-13.9208,1.4105,6.0153,5.0341,0.0028,-13.9183,1.4223,6.1774,0.2973
7.5789,LMPC,-13.9208,1.4105,6.0153,5.0341,0.0028,-13.9183,1.4223,6.1774,0.2973
7.5833,LMPC,-13.9208,1.4105,6.0153,5.0341,0.0028,-13.9183,1.4223,6.1774,0.2973
7.5879,LMPC,-13.9077,1.3518,6.0154,5.0598,0.0089,-13.9168,1.3623,6.1482,0.3231
7.5925,LMPC,-13.8935,1.2934,6.0156,5.0865,0.0217,-13.9154,1.3024,6.1188,0.3497
7.5966,LMPC,-13.8935,1.2934,6.0156,5.0865,0.0217,-13.9154,1.3024,6.1188,0.3497
7.6009,LMPC,-13.8935,1.2934,6.0156,5.0865,0.0217,-13.9154,1.3024,6.1188,0.3497
7.6056,LMPC,-13.8781,1.2352,6.0167,5.1141,0.0357,-13.9139,1.2424,6.0893,0.3773
7.6098,LMPC,-13.8781,1.2352,6.0167,5.1141,0.0357,-13.9139,1.2424,6.0893,0.3773
7.6143,LMPC,-13.8615,1.1774,6.0174,5.1422,0.0509,-13.9125,1.1824,6.0597,0.4054
7.6238,LMPC,-13.8436,1.12,6.0176,5.1713,0.0673,-13.911,1.1224,6.0299,0.4345
7.6278,LMPC,-13.8436,1.12,6.0176,5.1713,0.0673,-13.911,1.1224,6.0299,0.4345
7.6319,LMPC,-13.8244,1.0629,6.0181,5.2018,0.0852,-13.9095,1.0624,6.0,0.465
7.6365,LMPC,-13.8244,1.0629,6.0181,5.2018,0.0852,-13.9095,1.0624,6.0,0.465
7.6411,LMPC,-13.8244,1.0629,6.0181,5.2018,0.0852,-13.9095,1.0624,6.0,0.465
7.6457,LMPC,-13.8038,1.0064,6.019,5.2332,0.0935,-13.8952,0.9739,6.0299,0.4472
7.6499,LMPC,-13.8038,1.0064,6.019,5.2332,0.0935,-13.8952,0.9739,6.0299,0.4472
7.6547,LMPC,-13.7818,0.9503,6.0191,5.2654,0.1046,-13.883,0.9151,6.0299,0.4364
7.659,LMPC,-13.7818,0.9503,6.0191,5.2654,0.1046,-13.883,0.9151,6.0299,0.4364
7.6633,LMPC,-13.7818,0.9503,6.0191,5.2654,0.1046,-13.883,0.9151,6.0299,0.4364
7.6678,LMPC,-13.7585,0.8949,6.0189,5.2982,0.1171,-13.8709,0.8563,6.0,0.4262
7.6726,LMPC,-13.7337,0.84,6.0197,5.3317,0.1213,-13.8493,0.8007,6.015,0.4067
7.6769,LMPC,-13.7337,0.84,6.0197,5.3317,0.1213,-13.8493,0.8007,6.015,0.4067
7.6811,LMPC,-13.7337,0.84,6.0197,5.3317,0.1213,-13.8493,0.8007,6.015,0.4067
7.6858,LMPC,-13.7075,0.7858,6.02,5.3653,0.1232,-13.8243,0.7461,6.0448,0.3839
7.6903,LMPC,-13.7075,0.7858,6.02,5.3653,0.1232,-13.8243,0.7461,6.0448,0.3839
7.6948,LMPC,-13.6798,0.7323,6.0209,5.3993,0.1264,-13.7994,0.6915,6.015,0.3616
7.699,LMPC,-13.6798,0.7323,6.0209,5.3993,0.1264,-13.7994,0.6915,6.015,0.3616
7.7035,LMPC,-13.6798,0.7323,6.0209,5.3993,0.1264,-13.7994,0.6915,6.015,0.3616
7.7082,LMPC,-13.6507,0.6796,6.0229,5.4333,0.1205,-13.7538,0.6144,6.015,0.311
7.7126,LMPC,-13.6201,0.6278,6.026,5.4674,0.1162,-13.7189,0.5656,6.0299,0.2888
7.7167,LMPC,-13.6201,0.6278,6.026,5.4674,0.1162,-13.7189,0.5656,6.0299,0.2888
7.7212,LMPC,-13.6201,0.6278,6.026,5.4674,0.1162,-13.7189,0.5656,6.0299,0.2888
7.7259,LMPC,-13.5879,0.5768,6.0301,5.5011,0.1131,-13.684,0.5168,6.0,0.2662
7.7302,LMPC,-13.5879,0.5768,6.0301,5.5011,0.1131,-13.684,0.5168,6.0,0.2662
7.7346,LMPC,-13.5543,0.5267,6.0352,5.5348,0.1003,-13.6236,0.4506,6.015,0.2153
7.7393,LMPC,-13.5543,0.5267,6.0352,5.5348,0.1003,-13.6236,0.4506,6.015,0.2153
7.744,LMPC,-13.5192,0.4775,6.0412,5.568,0.0899,-13.5801,0.4093,6.0299,0.1921
7.7482,LMPC,-13.5192,0.4775,6.0412,5.568,0.0899,-13.5801,0.4093,6.0299,0.1921
7.7527,LMPC,-13.4827,0.4294,6.0492,5.6009,0.0809,-13.5365,0.3681,6.0,0.1687
7.7572,LMPC,-13.4827,0.4294,6.0492,5.6009,0.0809,-13.5365,0.3681,6.0,0.1687
7.7617,LMPC,-13.4827,0.4294,6.0492,5.6009,0.0809,-13.5365,0.3681,6.0,0.1687
7.7662,LMPC,-13.4446,0.3823,6.0578,5.6331,0.0675,-13.4893,0.3314,6.0,0.1446
7.7703,LMPC,-13.4446,0.3823,6.0578,5.6331,0.0675,-13.4893,0.3314,6.0,0.1446
7.7751,LMPC,-13.4051,0.3363,6.0672,5.6651,0.05,-13.4387,0.2993,6.0299,0.1202
7.7796,LMPC,-13.4051,0.3363,6.0672,5.6651,0.05,-13.4387,0.2993,6.0299,0.1202
7.7841,LMPC,-13.3642,0.2915,6.077,5.6964,0.0339,-13.388,0.2671,6.015,0.0951
7.7883,LMPC,-13.3642,0.2915,6.077,5.6964,0.0339,-13.388,0.2671,6.015,0.0951
7.7931,LMPC,-13.3219,0.2478,6.0854,5.7275,0.0184,-13.3369,0.236,6.0,0.0699
7.7975,LMPC,-13.3219,0.2478,6.0854,5.7275,0.0184,-13.3369,0.236,6.0,0.0699
7.8017,LMPC,-13.3219,0.2478,6.0854,5.7275,0.0184,-13.3369,0.236,6.0,0.0699
7.8063,LMPC,-13.2782,0.2054,6.0925,5.758,0.0058,-13.281,0.2141,6.015,0.044
7.8109,LMPC,-13.2782,0.2054,6.0925,5.758,0.0058,-13.281,0.2141,6.015,0.044
7.8156,LMPC,-13.2333,0.1642,6.0984,5.7875,0.0284,-13.2251,0.1922,6.0299,0.0172
7.8198,LMPC,-13.2333,0.1642,6.0984,5.7875,0.0284,-13.2251,0.1922,6.0299,0.0172
7.8244,LMPC,-13.1872,0.1243,6.103,5.8167,0.0492,-13.1693,0.1703,6.0,-0.01
7.829,LMPC,-13.1872,0.1243,6.103,5.8167,0.0492,-13.1693,0.1703,6.0,-0.01
7.8337,LMPC,-13.1399,0.0856,6.1069,5.8453,0.0686,-13.1407,0.1614,6.0,-0.0095
7.8379,LMPC,-13.1399,0.0856,6.1069,5.8453,0.0686,-13.1407,0.1614,6.0,-0.0095
7.8426,LMPC,-13.1399,0.0856,6.1069,5.8453,0.0686,-13.1407,0.1614,6.0,-0.0095
7.8476,LMPC,-13.0914,0.0484,6.1096,5.8739,0.0987,-13.0817,0.1506,6.0299,-0.0373
7.8522,LMPC,-13.042,0.0126,6.1113,5.9022,0.1269,-13.0227,0.1398,6.0597,-0.0653
7.8564,LMPC,-13.042,0.0126,6.1113,5.9022,0.1269,-13.0227,0.1398,6.0597,-0.0653
7.8608,LMPC,-13.042,0.0126,6.1113,5.9022,0.1269,-13.0227,0.1398,6.0597,-0.0653
7.8654,LMPC,-12.9914,-0.0218,6.1118,5.9308,0.1529,-12.9637,0.129,6.0893,-0.0931
7.8697,LMPC,-12.9914,-0.0218,6.1118,5.9308,0.1529,-12.9637,0.129,6.0893,-0.0931
7.8743,LMPC,-12.94,-0.0548,6.1098,5.9591,0.1759,-12.934,0.1249,6.1041,-0.0848
7.8785,LMPC,-12.94,-0.0548,6.1098,5.9591,0.1759,-12.934,0.1249,6.1041,-0.0848
7.9034,LMPC,-12.8345,-0.1164,6.1058,6.0142,0.2287,-12.8146,0.1126,6.1628,-0.0826
7.9076,LMPC,-12.7806,-0.1449,6.1067,6.0408,0.2523,-12.7549,0.1065,6.1919,-0.0824
7.9123,LMPC,-12.7258,-0.172,6.1086,6.0669,0.271,-12.6956,0.0976,6.2209,-0.0599
7.919,LMPC,-12.7258,-0.172,6.1086,6.0669,0.271,-12.6956,0.0976,6.2209,-0.0599
7.9243,LMPC,-12.6704,-0.1977,6.1104,6.0921,0.2877,-12.6363,0.0882,6.2498,-0.0347
7.9287,LMPC,-12.6704,-0.1977,6.1104,6.0921,0.2877,-12.6363,0.0882,6.2498,-0.0347
7.9333,LMPC,-12.6143,-0.2219,6.1122,6.1158,0.3029,-12.5771,0.0789,6.2785,-0.011
7.9376,LMPC,-12.6143,-0.2219,6.1122,6.1158,0.3029,-12.5771,0.0789,6.2785,-0.011
7.9418,LMPC,-12.6143,-0.2219,6.1122,6.1158,0.3029,-12.5771,0.0789,6.2785,-0.011
7.9462,LMPC,-12.5575,-0.2446,6.1138,6.1387,0.3165,-12.5178,0.0695,6.2642,0.0119
7.9505,LMPC,-12.5575,-0.2446,6.1138,6.1387,0.3165,-12.5178,0.0695,6.2642,0.0119
7.9559,LMPC,-12.5002,-0.2659,6.1168,6.1605,0.3286,-12.4585,0.0602,6.2354,0.0337
7.9602,LMPC,-12.5002,-0.2659,6.1168,6.1605,0.3286,-12.4585,0.0602,6.2354,0.0337
7.9646,LMPC,-12.4423,-0.2858,6.1205,6.1816,0.3392,-12.3993,0.0509,6.2064,0.0548
7.9691,LMPC,-12.4423,-0.2858,6.1205,6.1816,0.3392,-12.3993,0.0509,6.2064,0.0548
7.9737,LMPC,-12.384,-0.3043,6.1249,6.2016,0.3484,-12.34,0.0415,6.1774,0.0748
7.978,LMPC,-12.384,-0.3043,6.1249,6.2016,0.3484,-12.34,0.0415,6.1774,0.0748
7.9821,LMPC,-12.384,-0.3043,6.1249,6.2016,0.3484,-12.34,0.0415,6.1774,0.0748
7.9865,LMPC,-12.3251,-0.3214,6.13,6.2199,0.3562,-12.2807,0.0322,6.1482,0.0931
7.9911,LMPC,-12.3251,-0.3214,6.13,6.2199,0.3562,-12.2807,0.0322,6.1482,0.0931
7.9958,LMPC,-12.2659,-0.3372,6.1353,6.2372,0.3626,-12.2215,0.0228,6.1188,0.1104
8.0001,LMPC,-12.2659,-0.3372,6.1353,6.2372,0.3626,-12.2215,0.0228,6.1188,0.1104
8.0078,LMPC,-12.2063,-0.3517,6.1397,6.2534,0.3676,-12.1622,0.0135,6.0893,0.1266
8.0124,LMPC,-12.1463,-0.3649,6.1429,6.2691,0.3715,-12.1029,0.0043,6.0597,0.1413
8.0167,LMPC,-12.1463,-0.3649,6.1429,6.2691,0.3715,-12.1029,0.0043,6.0597,0.1413
8.0211,LMPC,-12.1463,-0.3649,6.1429,6.2691,0.3715,-12.1029,0.0043,6.0597,0.1413
8.0258,LMPC,-12.086,-0.3769,6.1448,6.2839,0.3742,-12.0436,-0.0048,6.0299,0.155
8.0302,LMPC,-12.086,-0.3769,6.1448,6.2839,0.3742,-12.0436,-0.0048,6.0299,0.155
8.0348,LMPC,-12.0255,-0.3878,6.1455,6.2974,0.3757,-11.9547,-0.0186,6.0,0.1668
8.0396,LMPC,-12.0255,-0.3878,6.1455,6.2974,0.3757,-11.9547,-0.0186,6.0,0.1668
8.0446,LMPC,-11.9649,-0.3974,6.1435,6.3103,0.376,-11.9547,-0.0186,6.0,0.1797
8.0492,LMPC,-11.9649,-0.3974,6.1435,6.3103,0.376,-11.9547,-0.0186,6.0,0.1797
8.0543,LMPC,-11.9041,-0.406,6.1374,6.3224,0.3835,-11.9248,-0.0166,6.0,0.1676
8.0594,LMPC,-11.9041,-0.406,6.1374,6.3224,0.3835,-11.9248,-0.0166,6.0,0.1676
8.0648,LMPC,-11.8432,-0.4136,6.1288,6.3332,0.3924,-11.8949,-0.0139,6.015,0.1514
8.0694,LMPC,-11.8432,-0.4136,6.1288,6.3332,0.3924,-11.8949,-0.0139,6.015,0.1514
8.0742,LMPC,-11.7823,-0.4201,6.1192,6.3436,0.4139,-11.8053,-0.0056,6.0597,0.0804
8.0789,LMPC,-11.7823,-0.4201,6.1192,6.3436,0.4139,-11.8053,-0.0056,6.0597,0.0804
8.0833,LMPC,-11.7823,-0.4201,6.1192,6.3436,0.4139,-11.8053,-0.0056,6.0597,0.0804
8.0879,LMPC,-11.7214,-0.4257,6.1098,6.3532,0.4232,-11.7754,-0.0029,6.0745,0.0629
8.0928,LMPC,-11.6606,-0.4304,6.0977,6.3626,0.4355,-11.7158,0.0033,6.1041,0.0397
8.0973,LMPC,-11.6606,-0.4304,6.0977,6.3626,0.4355,-11.7158,0.0033,6.1041,0.0397
8.1016,LMPC,-11.6606,-0.4304,6.0977,6.3626,0.4355,-11.7158,0.0033,6.1041,0.0397
8.1063,LMPC,-11.5998,-0.4342,6.086,6.3715,0.4467,-11.6561,0.0101,6.1335,0.0346
8.1107,LMPC,-11.5998,-0.4342,6.086,6.3715,0.4467,-11.6561,0.0101,6.1335,0.0346
8.1156,LMPC,-11.539,-0.437,6.0744,6.3804,0.4568,-11.5965,0.0169,6.1628,0.0294
8.1202,LMPC,-11.539,-0.437,6.0744,6.3804,0.4568,-11.5965,0.0169,6.1628,0.0294
8.1249,LMPC,-11.4783,-0.4391,6.0722,6.3884,0.4658,-11.507,0.0259,6.2064,0.0251
8.1293,LMPC,-11.4783,-0.4391,6.0722,6.3884,0.4658,-11.507,0.0259,6.2064,0.0251
8.1341,LMPC,-11.4176,-0.4404,6.0691,6.3948,0.472,-11.4472,0.0307,6.2354,0.0315
8.1387,LMPC,-11.4176,-0.4404,6.0691,6.3948,0.472,-11.4472,0.0307,6.2354,0.0315
8.143,LMPC,-11.4176,-0.4404,6.0691,6.3948,0.472,-11.4472,0.0307,6.2354,0.0315
8.1475,LMPC,-11.357,-0.441,6.0683,6.4002,0.4775,-11.3874,0.0355,6.2642,0.0369
8.1524,LMPC,-11.2963,-0.441,6.0632,6.4046,0.4823,-11.3276,0.0403,6.2785,0.0413
8.1569,LMPC,-11.2963,-0.441,6.0632,6.4046,0.4823,-11.3276,0.0403,6.2785,0.0413
8.1613,LMPC,-11.2963,-0.441,6.0632,6.4046,0.4823,-11.3276,0.0403,6.2785,0.0413
8.1661,LMPC,-11.2357,-0.4403,6.0527,6.4087,0.4864,-11.2678,0.0451,6.2498,0.0453
8.1707,LMPC,-11.2357,-0.4403,6.0527,6.4087,0.4864,-11.2678,0.0451,6.2498,0.0453
8.1753,LMPC,-11.1753,-0.439,6.0414,6.4118,0.49,-11.208,0.0499,6.2209,0.0485
8.1799,LMPC,-11.1753,-0.439,6.0414,6.4118,0.49,-11.208,0.0499,6.2209,0.0485
8.1849,LMPC,-11.1149,-0.4372,6.0363,6.4136,0.493,-11.1482,0.0547,6.1919,0.0503
8.1894,LMPC,-11.1149,-0.4372,6.0363,6.4136,0.493,-11.1482,0.0547,6.1919,0.0503
8.1941,LMPC,-11.0546,-0.435,6.0364,6.4144,0.4956,-11.0883,0.0595,6.1628,0.0511
8.1985,LMPC,-11.0546,-0.435,6.0364,6.4144,0.4956,-11.0883,0.0595,6.1628,0.0511
8.2237,LMPC,-10.934,-0.4293,6.0393,6.4129,0.4996,-10.9687,0.0691,6.1041,0.0496
8.2279,LMPC,-10.8737,-0.4259,6.0421,6.4111,0.5007,-10.9089,0.0736,6.0745,0.0495
8.2331,LMPC,-10.8133,-0.4221,6.0441,6.4088,0.501,-10.849,0.0776,6.0448,0.0518
8.2376,LMPC,-10.8133,-0.4221,6.0441,6.4088,0.501,-10.849,0.0776,6.0448,0.0518
8.2421,LMPC,-10.8133,-0.4221,6.0441,6.4088,0.501,-10.849,0.0776,6.0448,0.0518
8.2467,LMPC,-10.753,-0.4182,6.0455,6.4058,0.501,-10.7892,0.0815,6.015,0.0533
8.2513,LMPC,-10.753,-0.4182,6.0455,6.4058,0.501,-10.7892,0.0815,6.015,0.0533
8.256,LMPC,-10.6927,-0.414,6.0468,6.4014,0.4896,-10.6398,0.0766,6.0299,0.1
8.2604,LMPC,-10.6927,-0.414,6.0468,6.4014,0.4896,-10.6398,0.0766,6.0299,0.1
8.2649,LMPC,-10.6324,-0.4098,6.0481,6.3963,0.4808,-10.5801,0.0704,6.0597,0.1267
8.2696,LMPC,-10.6324,-0.4098,6.0481,6.3963,0.4808,-10.5801,0.0704,6.0597,0.1267
8.2744,LMPC,-10.5721,-0.4054,6.0457,6.3904,0.4716,-10.5204,0.0644,6.0893,0.151
8.2789,LMPC,-10.5721,-0.4054,6.0457,6.3904,0.4716,-10.5204,0.0644,6.0893,0.151
8.2832,LMPC,-10.5721,-0.4054,6.0457,6.3904,0.4716,-10.5204,0.0644,6.0893,0.151
8.2881,LMPC,-10.5118,-0.401,6.0462,6.3841,0.4646,-10.4904,0.063,6.0745,0.1447
8.2926,LMPC,-10.4515,-0.3966,6.0478,6.3772,0.4575,-10.4305,0.0604,6.0448,0.1378
8.2963,LMPC,-10.4515,-0.3966,6.0478,6.3772,0.4575,-10.4305,0.0604,6.0448,0.1378
8.3001,LMPC,-10.4515,-0.3966,6.0478,6.3772,0.4575,-10.4305,0.0604,6.0448,0.1378
8.3046,LMPC,-10.3911,-0.3922,6.0536,6.3704,0.4504,-10.3705,0.0578,6.015,0.1311
8.3084,LMPC,-10.3911,-0.3922,6.0536,6.3704,0.4504,-10.3705,0.0578,6.015,0.1311
8.3123,LMPC,-10.3307,-0.3877,6.0594,6.3645,0.4284,-10.2237,0.0307,6.0448,0.2059
8.3171,LMPC,-10.3307,-0.3877,6.0594,6.3645,0.4284,-10.2237,0.0307,6.0448,0.2059
8.3219,LMPC,-10.3307,-0.3877,6.0594,6.3645,0.4284,-10.2237,0.0307,6.0448,0.2059
8.3266,LMPC,-10.2703,-0.3832,6.0642,6.3589,0.4113,-10.1655,0.0161,6.0745,0.2475
8.3308,LMPC,-10.2703,-0.3832,6.0642,6.3589,0.4113,-10.1655,0.0161,6.0745,0.2475
8.3354,LMPC,-10.2098,-0.3788,6.0679,6.3539,0.3933,-10.1073,0.0016,6.1041,0.2768
8.3397,LMPC,-10.2098,-0.3788,6.0679,6.3539,0.3933,-10.1073,0.0016,6.1041,0.2768
8.3442,LMPC,-10.1492,-0.3744,6.0709,6.3492,0.3747,-10.049,-0.0127,6.1335,0.2779
8.3482,LMPC,-10.1492,-0.3744,6.0709,6.3492,0.3747,-10.049,-0.0127,6.1335,0.2779
8.3528,LMPC,-10.0887,-0.3701,6.0732,6.345,0.3563,-9.9907,-0.0269,6.1335,0.2796
8.3572,LMPC,-10.0887,-0.3701,6.0732,6.345,0.3563,-9.9907,-0.0269,6.1335,0.2796
8.3611,LMPC,-10.0887,-0.3701,6.0732,6.345,0.3563,-9.9907,-0.0269,6.1335,0.2796
8.3652,LMPC,-10.028,-0.3659,6.0779,6.341,0.3384,-9.9615,-0.034,6.1188,0.2784
8.369,LMPC,-10.028,-0.3659,6.0779,6.341,0.3384,-9.9615,-0.034,6.1188,0.2784
8.3734,LMPC,-9.9674,-0.3617,6.0835,6.3374,0.3203,-9.9032,-0.0478,6.0893,0.2784
8.3774,LMPC,-9.9674,-0.3617,6.0835,6.3374,0.3203,-9.9032,-0.0478,6.0893,0.2784
8.3815,LMPC,-9.9674,-0.3617,6.0835,6.3374,0.3203,-9.9032,-0.0478,6.0893,0.2784
8.387,LMPC,-9.9066,-0.3577,6.0898,6.334,0.3029,-9.8447,-0.0612,6.0597,0.2749
8.3925,LMPC,-9.8458,-0.3538,6.0969,6.3309,0.2856,-9.7862,-0.0745,6.0299,0.2718
8.3972,LMPC,-9.8458,-0.3538,6.0969,6.3309,0.2856,-9.7862,-0.0745,6.0299,0.2718
8.4015,LMPC,-9.8458,-0.3538,6.0969,6.3309,0.2856,-9.7862,-0.0745,6.0299,0.2718
8.4063,LMPC,-9.785,-0.35,6.1047,6.3278,0.2689,-9.7276,-0.0874,6.0,0.2666
8.4107,LMPC,-9.785,-0.35,6.1047,6.3278,0.2689,-9.7276,-0.0874,6.0,0.2666
8.4151,LMPC,-9.724,-0.3464,6.1127,6.3251,0.2561,-9.6977,-0.0902,6.015,0.2474
8.4191,LMPC,-9.724,-0.3464,6.1127,6.3251,0.2561,-9.6977,-0.0902,6.015,0.2474
8.4243,LMPC,-9.724,-0.3464,6.1127,6.3251,0.2561,-9.6977,-0.0902,6.015,0.2474
8.4306,LMPC,-9.6629,-0.3428,6.1213,6.3223,0.2475,-9.638,-0.096,6.0448,0.2117
8.4348,LMPC,-9.6017,-0.3394,6.1306,6.3199,0.2386,-9.5783,-0.1017,6.0745,0.1763
8.4384,LMPC,-9.6017,-0.3394,6.1306,6.3199,0.2386,-9.5783,-0.1017,6.0745,0.1763
8.4424,LMPC,-9.6017,-0.3394,6.1306,6.3199,0.2386,-9.5783,-0.1017,6.0745,0.1763
8.4465,LMPC,-9.5405,-0.3362,6.1404,6.3174,0.2297,-9.5186,-0.1075,6.1041,0.1457
8.4501,LMPC,-9.5405,-0.3362,6.1404,6.3174,0.2297,-9.5186,-0.1075,6.1041,0.1457
8.4539,LMPC,-9.4791,-0.333,6.1508,6.3151,0.221,-9.4588,-0.1129,6.1335,0.1399
8.458,LMPC,-9.4791,-0.333,6.1508,6.3151,0.221,-9.4588,-0.1129,6.1335,0.1399
8.4618,LMPC,-9.4791,-0.333,6.1508,6.3151,0.221,-9.4588,-0.1129,6.1335,0.1399
8.4657,LMPC,-9.4176,-0.33,6.1606,6.3128,0.2125,-9.399,-0.1183,6.1335,0.1341
8.4693,LMPC,-9.4176,-0.33,6.1606,6.3128,0.2125,-9.399,-0.1183,6.1335,0.1341
8.4734,LMPC,-9.356,-0.3271,6.171,6.3111,0.204,-9.3393,-0.1238,6.1041,0.1289
