time_s,label,x,y,v,yaw,cte,ref_x,ref_y,ref_v,yaw_diff
0.123,NMPC,0.0,0.0,0.0,0.0,0.0,0.0,0.0,7.4626,0.0
0.128,NMPC,0.0,0.0,0.0,0.0,0.0,0.0,0.0,7.4626,0.0
0.1336,NMPC,0.0,0.0,0.0,0.0,0.0,0.0,0.0,7.4626,0.0
0.1443,NMPC,0.0,0.0,0.0,0.0,0.0,0.0,0.0,7.4626,0.0
0.1507,NMPC,0.0,0.0,0.0,0.0,0.0,0.0,0.0,7.4626,0.0
0.1566,NMPC,0.0,0.0,0.0,0.0,0.0,0.0,0.0,7.4626,0.0
0.162,NMPC,0.0,0.0,0.0,0.0,0.0,0.0,0.0,7.4626,0.0
0.1694,NMPC,0.0,0.0,0.0,0.0,0.0,0.0,0.0,7.4626,0.0
0.1952,NMPC,0.0035,0.0,0.2555,0.0001,0.0,0.0,0.0,7.4626,0.0001
0.202,NMPC,0.0035,0.0,0.2555,0.0001,0.0,0.0,0.0,7.4626,0.0001
0.2088,NMPC,0.0066,0.0,0.3506,0.0002,0.0,0.0,0.0,7.4626,0.0002
0.2155,NMPC,0.0105,0.0,0.4457,0.0,0.0,0.0,0.0,7.4626,0.0
0.2227,NMPC,0.0105,0.0,0.4457,0.0,0.0,0.0,0.0,7.4626,0.0
0.2292,NMPC,0.0155,-0.0,0.5408,-0.0002,0.0,0.03,0.0,7.4747,-0.0002
0.2354,NMPC,0.0214,-0.0001,0.6359,-0.0003,0.0001,0.03,0.0,7.4747,-0.0003
0.2425,NMPC,0.0214,-0.0001,0.6359,-0.0003,0.0001,0.03,0.0,7.4747,-0.0003
0.2497,NMPC,0.0282,-0.0001,0.731,-0.0006,0.0001,0.03,0.0,7.4747,-0.0006
0.258,NMPC,0.036,-0.0001,0.8261,-0.0008,0.0001,0.03,0.0,7.4747,-0.0008
0.2657,NMPC,0.0447,-0.0002,0.9212,-0.0013,0.0002,0.03,0.0,7.4747,-0.0013
0.2743,NMPC,0.0544,-0.0003,1.0163,-0.0015,0.0003,0.06,0.0,7.4867,-0.0015
0.2844,NMPC,0.0544,-0.0003,1.0163,-0.0015,0.0003,0.06,0.0,7.4867,-0.0015
0.292,NMPC,0.0766,-0.0004,1.2065,-0.0014,0.0004,0.09,0.0,7.4987,-0.0014
0.2996,NMPC,0.0766,-0.0004,1.2065,-0.0014,0.0004,0.09,0.0,7.4987,-0.0014
0.3098,NMPC,0.0892,-0.0003,1.3016,-0.0012,0.0003,0.09,0.0,7.4987,-0.0012
0.3253,NMPC,0.1027,-0.0003,1.3967,-0.0008,0.0003,0.09,0.0,7.4987,-0.0008
0.3358,NMPC,0.1325,-0.0002,1.5869,0.0002,0.0002,0.12,0.0,7.5107,0.0002
0.3444,NMPC,0.1488,-0.0001,1.682,0.0007,0.0001,0.15,0.0,7.5227,0.0007
0.3521,NMPC,0.1661,-0.0,1.7771,0.0013,0.0,0.18,0.0,7.5346,0.0013
0.3605,NMPC,0.1661,-0.0,1.7771,0.0013,0.0,0.18,0.0,7.5346,0.0013
0.3685,NMPC,0.1844,0.0001,1.8722,0.0019,0.0001,0.18,0.0,7.5346,0.0019
0.3777,NMPC,0.2036,0.0002,1.9673,0.0026,0.0002,0.21,0.0,7.5466,0.0026
0.3876,NMPC,0.2237,0.0004,2.0624,0.0031,0.0004,0.21,0.0,7.5466,0.0031
0.3958,NMPC,0.2448,0.0005,2.1575,0.0032,0.0005,0.24,0.0,7.5585,0.0032
0.404,NMPC,0.2669,0.0006,2.2526,0.0031,0.0006,0.27,0.0,7.5704,0.0031
0.4123,NMPC,0.2669,0.0006,2.2526,0.0031,0.0006,0.27,0.0,7.5704,0.0031
0.4221,NMPC,0.2899,0.0006,2.3477,0.0027,0.0006,0.3,0.0,7.5823,0.0027
0.4387,NMPC,0.3387,0.0007,2.5379,0.0018,0.0007,0.33,0.0,7.5941,0.0018
0.4506,NMPC,0.3646,0.0007,2.633,0.0012,0.0007,0.36,0.0,7.606,0.0012
0.461,NMPC,0.3914,0.0006,2.7281,0.0004,0.0006,0.39,0.0,7.6178,0.0004
0.4698,NMPC,0.4191,0.0006,2.8232,-0.0003,0.0006,0.42,0.0,7.6296,-0.0003
0.4782,NMPC,0.4479,0.0005,2.9183,-0.0011,0.0005,0.45,0.0,7.6414,-0.0011
0.4863,NMPC,0.4775,0.0004,3.0134,-0.0019,0.0004,0.48,0.0,7.6532,-0.0019
0.4958,NMPC,0.5081,0.0002,3.1085,-0.0028,0.0002,0.51,0.0,7.6649,-0.0028
0.5047,NMPC,0.5081,0.0002,3.1085,-0.0028,0.0002,0.51,0.0,7.6649,-0.0028
0.5171,NMPC,0.5722,-0.0002,3.2987,-0.0047,0.0002,0.57,0.0,7.6884,-0.0047
0.5263,NMPC,0.6056,-0.0004,3.3938,-0.0055,0.0004,0.6,0.0,7.7,-0.0055
0.5344,NMPC,0.6401,-0.0006,3.4889,-0.006,0.0006,0.63,0.0,7.7117,-0.006
0.5439,NMPC,0.6401,-0.0006,3.4889,-0.006,0.0006,0.63,0.0,7.7117,-0.006
0.5517,NMPC,0.7117,-0.001,3.6791,-0.0058,0.001,0.72,0.0,7.7467,-0.0058
0.5605,NMPC,0.7117,-0.001,3.6791,-0.0058,0.001,0.72,0.0,7.7467,-0.0058
0.5688,NMPC,0.749,-0.0012,3.7742,-0.0053,0.0012,0.75,0.0,7.7583,-0.0053
0.5771,NMPC,0.7872,-0.0013,3.8693,-0.0048,0.0013,0.78,0.0,7.7699,-0.0048
0.5855,NMPC,0.8264,-0.0014,3.9644,-0.004,0.0014,0.84,0.0,7.793,-0.004
0.5955,NMPC,0.8665,-0.0015,4.0595,-0.0032,0.0015,0.87,0.0,7.8045,-0.0032
0.6037,NMPC,0.8665,-0.0015,4.0595,-0.0032,0.0015,0.87,0.0,7.8045,-0.0032
0.6124,NMPC,0.9076,-0.0016,4.1546,-0.0023,0.0016,0.9,0.0,7.8161,-0.0023
0.6213,NMPC,0.9496,-0.0017,4.2497,-0.0014,0.0017,0.96,0.0,7.8391,-0.0014
0.6299,NMPC,0.9926,-0.0017,4.3448,-0.0003,0.0017,0.99,0.0,7.8505,-0.0003
0.6384,NMPC,1.0365,-0.0017,4.4399,0.0006,0.0017,1.05,0.0,7.8734,0.0006
0.6475,NMPC,1.0814,-0.0016,4.535,0.0017,0.0016,1.08,0.0,7.8848,0.0017
0.6547,NMPC,1.1272,-0.0016,4.6301,0.0027,0.0016,1.14,0.0,7.9076,0.0027
0.6627,NMPC,1.1272,-0.0016,4.6301,0.0027,0.0016,1.14,0.0,7.9076,0.0027
0.671,NMPC,1.174,-0.0014,4.7252,0.0038,0.0014,1.17,0.0,7.919,0.0038
0.6804,NMPC,1.2217,-0.0013,4.8203,0.0048,0.0013,1.23,0.0,7.9417,0.0048
0.6887,NMPC,1.2704,-0.0011,4.9154,0.0059,0.0011,1.26,0.0,7.953,0.0059
0.6974,NMPC,1.32,-0.0008,5.0105,0.0068,0.0008,1.32,0.0,7.9756,0.0068
0.7064,NMPC,1.3706,-0.0006,5.1056,0.0073,0.0006,1.38,0.0,7.9982,0.0073
0.7154,NMPC,1.4221,-0.0004,5.2007,0.0073,0.0004,1.41,0.0,8.0094,0.0073
0.724,NMPC,1.4221,-0.0004,5.2007,0.0073,0.0004,1.41,0.0,8.0094,0.0073
0.7326,NMPC,1.528,0.0001,5.3909,0.0064,0.0001,1.53,0.0,8.0542,0.0064
0.7434,NMPC,1.528,0.0001,5.3909,0.0064,0.0001,1.53,0.0,8.0542,0.0064
0.7522,NMPC,1.5824,0.0003,5.4842,0.0057,0.0003,1.59,0.0,8.0766,0.0057
0.7865,NMPC,1.8088,0.001,5.8267,0.0011,0.001,1.8,0.0,8.1542,0.0011
0.7943,NMPC,1.8674,0.001,5.9041,-0.0003,0.001,1.86,0.0,8.1762,-0.0003
0.8019,NMPC,1.8674,0.001,5.9041,-0.0003,0.001,1.86,0.0,8.1762,-0.0003
0.8144,NMPC,1.9269,0.0011,5.9778,-0.0016,0.0011,1.92,0.0,8.1982,-0.0016
0.8262,NMPC,2.0478,0.001,6.1149,-0.0043,0.001,2.04,0.0,8.242,-0.0043
0.835,NMPC,2.1093,0.0009,6.1833,-0.0058,0.0009,2.1,0.0,8.2638,-0.0058
0.8436,NMPC,2.1093,0.0009,6.1833,-0.0058,0.0009,2.1,0.0,8.2638,-0.0058
0.8517,NMPC,2.1714,0.0007,6.2496,-0.007,0.0007,2.16,0.0,8.2856,-0.007
0.8595,NMPC,2.2343,0.0006,6.3126,-0.0079,0.0006,2.22,0.0,8.3073,-0.0079
0.8673,NMPC,2.2977,0.0004,6.3738,-0.0085,0.0004,2.31,0.0,8.3397,-0.0085
0.8769,NMPC,2.3617,0.0002,6.4341,-0.0083,0.0002,2.37,0.0,8.3613,-0.0083
0.8856,NMPC,2.4264,-0.0,6.4925,-0.0079,0.0,2.43,0.0,8.3828,-0.0079
0.8945,NMPC,2.4916,-0.0002,6.5482,-0.0069,0.0002,2.49,0.0,8.4042,-0.0069
0.9046,NMPC,2.5573,-0.0004,6.6023,-0.0058,0.0004,2.55,0.0,8.4256,-0.0058
0.9169,NMPC,2.6236,-0.0006,6.6564,-0.0044,0.0006,2.61,0.0,8.4469,-0.0044
0.926,NMPC,2.6904,-0.0007,6.7089,-0.0029,0.0007,2.7,0.0,8.4534,-0.0029
0.9355,NMPC,2.7578,-0.0008,6.76,-0.0011,0.0008,2.76,0.0,8.4321,-0.0011
0.9464,NMPC,2.8256,-0.0009,6.8097,0.0006,0.0009,2.82,0.0,8.4107,0.0006
0.9545,NMPC,2.894,-0.0009,6.858,0.0025,0.0009,2.88,0.0,8.3893,0.0025
0.9636,NMPC,2.894,-0.0009,6.858,0.0025,0.0009,2.88,0.0,8.3893,0.0025
0.9732,NMPC,3.0321,-0.0008,6.9501,0.0063,0.0008,3.03,0.0,8.3355,0.0063
0.9825,NMPC,3.0321,-0.0008,6.9501,0.0063,0.0008,3.03,0.0,8.3355,0.0063
0.9923,NMPC,3.1018,-0.0006,6.992,0.0081,0.0006,3.09,0.0,8.3138,0.0081
1.001,NMPC,3.1719,-0.0004,7.031,0.0101,0.0004,3.18,0.0,8.2813,0.0101
1.014,NMPC,3.3132,0.0001,7.1014,0.0123,0.0001,3.3,0.0,8.2377,0.0123
1.0226,NMPC,3.3132,0.0001,7.1014,0.0123,0.0001,3.3,0.0,8.2377,0.0123
1.0314,NMPC,3.3844,0.0004,7.1315,0.0125,0.0004,3.39,0.0,8.2049,0.0125
1.0413,NMPC,3.4558,0.0007,7.1602,0.012,0.0007,3.45,0.0,8.1829,0.012
1.0501,NMPC,3.5276,0.001,7.1865,0.0113,0.001,3.54,0.0,8.1498,0.0113
1.0591,NMPC,3.5996,0.0013,7.2101,0.0099,0.0013,3.6,0.0,8.1277,0.0099
1.0678,NMPC,3.6718,0.0016,7.2304,0.0085,0.0016,3.66,0.0,8.1056,0.0085
1.0773,NMPC,3.7442,0.0019,7.2498,0.0066,0.0019,3.75,0.0,8.0722,0.0066
1.0863,NMPC,3.8167,0.0021,7.2667,0.0047,0.0021,3.81,0.0,8.0498,0.0047
1.0953,NMPC,3.8895,0.0023,7.2817,0.0025,0.0023,3.9,0.0,8.0162,0.0025
1.1039,NMPC,3.8895,0.0023,7.2817,0.0025,0.0023,3.9,0.0,8.0162,0.0025
1.1139,NMPC,4.0354,0.0026,7.3055,-0.0022,0.0026,4.05,0.0,7.9599,-0.0022
1.1226,NMPC,4.0354,0.0026,7.3055,-0.0022,0.0026,4.05,0.0,7.9599,-0.0022
1.1314,NMPC,4.1085,0.0027,7.3151,-0.0046,0.0027,4.11,0.0,7.9373,-0.0046
1.1418,NMPC,4.1816,0.0027,7.3215,-0.0072,0.0027,4.17,0.0,7.9145,-0.0072
1.151,NMPC,4.2549,0.0026,7.326,-0.0097,0.0026,4.26,0.0,7.8804,-0.0097
1.1602,NMPC,4.3282,0.0024,7.3303,-0.0124,0.0024,4.32,0.0,7.8575,-0.0124
1.1692,NMPC,4.4015,0.0022,7.3317,-0.0146,0.0022,4.41,0.0,7.823,-0.0146
1.179,NMPC,4.4748,0.002,7.333,-0.0159,0.002,4.47,0.0,7.8,-0.0159
1.1877,NMPC,4.5481,0.0017,7.3332,-0.0166,0.0017,4.56,0.0,7.7653,-0.0166
1.1966,NMPC,4.6214,0.0014,7.3297,-0.0165,0.0014,4.62,0.0,7.7421,-0.0165
1.2054,NMPC,4.6947,0.0011,7.3203,-0.016,0.0011,4.68,0.0,7.7188,-0.016
1.2146,NMPC,4.7678,0.0008,7.3083,-0.015,0.0008,4.77,0.0,7.6837,-0.015
1.2239,NMPC,4.7678,0.0008,7.3083,-0.015,0.0008,4.77,0.0,7.6837,-0.015
1.2327,NMPC,4.9137,0.0001,7.2746,-0.012,0.0001,4.92,0.0,7.625,-0.012
1.2432,NMPC,4.9137,0.0001,7.2746,-0.012,0.0001,4.92,0.0,7.625,-0.012
1.2522,NMPC,4.9863,-0.0002,7.2494,-0.0102,0.0002,4.98,0.0,7.6013,-0.0102
1.2609,NMPC,5.0587,-0.0005,7.2246,-0.008,0.0005,5.07,0.0,7.5657,-0.008
1.2696,NMPC,5.1308,-0.0008,7.1978,-0.0057,0.0008,5.13,0.0,7.5419,-0.0057
1.2789,NMPC,5.2026,-0.0011,7.1761,-0.0031,0.0011,5.19,0.0,7.518,-0.0031
1.2882,NMPC,5.2743,-0.0013,7.1473,-0.0005,0.0013,5.28,0.0,7.482,-0.0005
1.2972,NMPC,5.3456,-0.0015,7.1241,0.0024,0.0015,5.34,0.0,7.4579,0.0024
1.3056,NMPC,5.4167,-0.0016,7.1007,0.0053,0.0016,5.43,0.0,7.4216,0.0053
1.3148,NMPC,5.4876,-0.0016,7.075,0.0085,0.0016,5.49,0.0,7.3973,0.0085
1.3243,NMPC,5.4876,-0.0016,7.075,0.0085,0.0016,5.49,0.0,7.3973,0.0085
1.3334,NMPC,5.6286,-0.0014,7.0247,0.0149,0.0014,5.64,0.0,7.3362,0.0149
1.3422,NMPC,5.6286,-0.0014,7.0247,0.0149,0.0014,5.64,0.0,7.3362,0.0149
1.3522,NMPC,5.6987,-0.0011,6.9929,0.0177,0.0011,5.7,0.0,7.3116,0.0177
1.3618,NMPC,5.7685,-0.0009,6.9603,0.0195,0.0009,5.76,0.0,7.287,0.0195
1.371,NMPC,5.8379,-0.0006,6.9293,0.0208,0.0006,5.85,0.0,7.2498,0.0208
1.3812,NMPC,5.9071,-0.0003,6.9042,0.0212,0.0003,5.91,0.0,7.225,0.0212
1.3904,NMPC,5.976,0.0001,6.8723,0.0213,0.0001,5.97,0.0,7.2,0.0213
1.4011,NMPC,6.0445,0.0004,6.8464,0.0207,0.0004,6.03,0.0,7.175,0.0207
1.4118,NMPC,6.1129,0.0009,6.8208,0.0199,0.0009,6.12,0.0,7.1372,0.0199
1.4216,NMPC,6.181,0.0013,6.7953,0.0186,0.0013,6.18,0.0,7.112,0.0186
1.4316,NMPC,6.2488,0.0018,6.7676,0.0171,0.0018,6.24,0.0,7.0866,0.0171
1.4418,NMPC,6.3163,0.0022,6.7405,0.0152,0.0022,6.33,0.0,7.0484,0.0152
1.4519,NMPC,6.3836,0.0027,6.7138,0.0133,0.0027,6.39,0.0,7.0228,0.0133
1.4628,NMPC,6.4506,0.0031,6.6874,0.011,0.0031,6.45,0.0,6.9971,0.011
1.4727,NMPC,6.5173,0.0036,6.6588,0.0087,0.0036,6.51,0.0,6.9714,0.0087
1.4834,NMPC,6.5838,0.004,6.6309,0.0061,0.004,6.57,0.0,6.9455,0.0061
1.4939,NMPC,6.7158,0.0048,6.574,0.0027,0.0048,6.72,0.0,6.8804,0.0027
1.5043,NMPC,6.7158,0.0048,6.574,0.0027,0.0048,6.72,0.0,6.8804,0.0027
1.5187,NMPC,6.8467,0.0057,6.517,0.0022,0.0057,6.84,0.0,6.8279,0.0022
1.5293,NMPC,6.9118,0.0062,6.4893,0.0026,0.0062,6.9,0.0,6.8015,0.0026
1.5395,NMPC,6.9765,0.0067,6.462,0.0038,0.0067,6.99,0.0,6.7617,0.0038
1.5499,NMPC,7.041,0.0073,6.4295,0.0061,0.0073,7.05,0.0,6.735,0.0061
1.5599,NMPC,7.1051,0.0081,6.4032,0.0097,0.0081,7.11,0.0,6.7082,0.0097
1.5697,NMPC,7.169,0.0089,6.382,0.0142,0.0089,7.17,0.0,6.6813,0.0142
1.5801,NMPC,7.2327,0.0099,6.3531,0.0196,0.0099,7.23,0.0,6.6543,0.0196
1.5901,NMPC,7.2961,0.011,6.3246,0.0256,0.011,7.29,0.0,6.6272,0.0256
1.5998,NMPC,7.3592,0.0123,6.2979,0.0328,0.0123,7.35,0.0,6.6,0.0328
1.6097,NMPC,7.422,0.0139,6.2708,0.0416,0.0139,7.41,0.0,6.5727,0.0416
1.6198,NMPC,7.4846,0.0157,6.2438,0.0514,0.0157,7.47,0.0,6.5452,0.0514
1.6294,NMPC,7.5468,0.0179,6.2177,0.0628,0.0179,7.56,0.0,6.5038,0.0628
1.6395,NMPC,7.6088,0.0206,6.1905,0.0763,0.0206,7.62,0.0,6.4761,0.0763
1.6494,NMPC,7.6705,0.0237,6.1633,0.0911,0.0237,7.68,0.0,6.4483,0.0911
1.6591,NMPC,7.7319,0.0272,6.1362,0.1074,0.0272,7.74,0.0,6.4203,0.1074
1.6687,NMPC,7.793,0.0313,6.1111,0.1245,0.0313,7.8,0.0,6.3922,0.1245
1.6784,NMPC,7.8538,0.036,6.0923,0.143,0.036,7.86,0.0,6.364,0.143
1.6887,NMPC,7.9144,0.0414,6.0763,0.1631,0.0414,7.92,0.0,6.3356,0.1631
1.6983,NMPC,7.9748,0.0475,6.0599,0.1841,0.0475,7.98,0.0,6.3071,0.1841
1.7082,NMPC,8.035,0.0544,6.0483,0.2064,0.0544,8.04,0.0,6.2785,0.2064
1.7187,NMPC,8.0949,0.0622,6.0383,0.2303,0.0622,8.1,0.0,6.2498,0.2303
1.7284,NMPC,8.1546,0.071,6.0289,0.2552,0.071,8.16,0.0,6.2209,0.2552
1.7402,NMPC,8.214,0.0807,6.0204,0.2814,0.0807,8.22,0.0,6.1919,0.2814
1.7502,NMPC,8.2732,0.0916,6.0167,0.3091,0.0916,8.28,0.0,6.1628,0.3091
1.7601,NMPC,8.3322,0.1036,6.0134,0.3377,0.1036,8.34,0.0,6.1335,0.3377
1.77,NMPC,8.3908,0.1167,6.0088,0.3672,0.1167,8.4,0.0,6.1041,0.3672
1.78,NMPC,8.4491,0.1311,6.0082,0.397,0.1309,8.46,0.0002,6.0745,0.3958
1.7899,NMPC,8.5071,0.1469,6.0093,0.4276,0.146,8.52,0.0009,6.0448,0.4228
1.7998,NMPC,8.5648,0.1639,6.0098,0.4592,0.1626,8.58,0.0015,6.015,0.451
1.8098,NMPC,8.6219,0.1824,6.0104,0.4914,0.1749,8.669,0.0092,6.0,0.4547
1.82,NMPC,8.6787,0.2024,6.0122,0.5244,0.1811,8.7269,0.025,6.0299,0.4318
1.8296,NMPC,8.7349,0.2237,6.0139,0.5575,0.1883,8.7848,0.0408,6.015,0.409
1.8397,NMPC,8.7905,0.2466,6.0156,0.5914,0.1898,8.8694,0.0703,6.0,0.3588
1.8499,NMPC,8.8454,0.2711,6.0181,0.6265,0.1891,8.9232,0.097,6.0299,0.3375
1.8602,NMPC,8.8997,0.2971,6.0213,0.6621,0.1894,8.9769,0.1236,6.015,0.3167
1.87,NMPC,8.9532,0.3248,6.0247,0.6984,0.1829,9.0538,0.1697,6.0039,0.2685
1.8799,NMPC,9.0059,0.354,6.0287,0.7349,0.1754,9.1015,0.2061,6.0338,0.2486
1.8896,NMPC,9.0577,0.3849,6.0338,0.7717,0.1691,9.1491,0.2425,6.015,0.2291
1.899,NMPC,9.1086,0.4173,6.0385,0.8085,0.1549,9.2151,0.3032,6.015,0.1813
1.9087,NMPC,9.1585,0.4514,6.0441,0.8454,0.1411,9.2549,0.348,6.0448,0.1619
1.9185,NMPC,9.2073,0.4871,6.0505,0.8821,0.1285,9.2948,0.3929,6.015,0.1423
1.9281,NMPC,9.255,0.5244,6.0589,0.9187,0.1075,9.3471,0.4656,6.015,0.0943
1.9375,NMPC,9.3016,0.5633,6.0679,0.9544,0.0879,9.3776,0.5173,6.0299,0.0737
1.9466,NMPC,9.3469,0.6036,6.0775,0.9888,0.0699,9.4081,0.5689,6.0,0.0517
1.9567,NMPC,9.3911,0.6454,6.0888,1.0222,0.049,9.4346,0.6225,6.0,0.0288
1.966,NMPC,9.434,0.6887,6.1005,1.0544,0.0229,9.4547,0.679,6.0299,0.0046
1.9756,NMPC,9.4756,0.7335,6.1126,1.0859,0.0016,9.4748,0.7355,6.015,-0.0203
1.9849,NMPC,9.4756,0.7335,6.1126,1.0859,0.0016,9.4748,0.7355,6.015,-0.0203
1.9943,NMPC,9.5547,0.8269,6.1418,1.1444,0.0492,9.4997,0.8217,6.0,-0.0463
2.0031,NMPC,9.5547,0.8269,6.1418,1.1444,0.0492,9.4997,0.8217,6.0,-0.0463
2.016,NMPC,9.6286,0.9255,6.1737,1.1968,0.1111,9.5175,0.9403,6.0299,-0.1066
2.0288,NMPC,9.6636,0.9764,6.19,1.2203,0.1394,9.526,0.9997,6.0,-0.1382
2.038,NMPC,9.6972,1.0285,6.2055,1.2425,0.1676,9.5266,1.0297,6.015,-0.1347
2.0474,NMPC,9.7295,1.0816,6.2214,1.2632,0.2003,9.528,1.0897,6.0448,-0.1514
2.0573,NMPC,9.7606,1.1356,6.2364,1.2822,0.2313,9.5294,1.1497,6.0745,-0.1698
2.0664,NMPC,9.7904,1.1905,6.2538,1.2999,0.2598,9.5313,1.2096,6.1041,-0.1838
2.0758,NMPC,9.8189,1.2462,6.2704,1.3164,0.2834,9.5365,1.2694,6.1335,-0.1674
2.0858,NMPC,9.8462,1.3027,6.2871,1.3322,0.3057,9.5417,1.3292,6.1628,-0.1516
2.0953,NMPC,9.8724,1.36,6.3028,1.3473,0.3267,9.5469,1.3889,6.1919,-0.1365
2.1045,NMPC,9.8724,1.36,6.3028,1.3473,0.3267,9.5469,1.3889,6.1919,-0.1365
2.1136,NMPC,9.921,1.4766,6.3349,1.3763,0.365,9.5574,1.5085,6.2498,-0.1075
2.1234,NMPC,9.921,1.4766,6.3349,1.3763,0.365,9.5574,1.5085,6.2498,-0.1075
2.1345,NMPC,9.9437,1.5358,6.3512,1.3893,0.3825,9.5626,1.5683,6.2785,-0.0945
2.1448,NMPC,9.9858,1.656,6.3841,1.4134,0.414,9.573,1.6878,6.3356,-0.0704
2.1593,NMPC,10.0054,1.7169,6.4001,1.4248,0.4282,9.5783,1.7476,6.364,-0.059
2.1713,NMPC,10.0239,1.7782,6.4164,1.4358,0.4413,9.5835,1.8073,6.3922,-0.048
2.1805,NMPC,10.0414,1.84,6.432,1.4468,0.4534,9.5887,1.8671,6.4203,-0.037
2.1901,NMPC,10.058,1.9022,6.4473,1.4573,0.4645,9.5965,1.9568,6.4622,-0.0265
2.2,NMPC,10.0738,1.9648,6.4634,1.4668,0.4747,9.6017,2.0165,6.49,-0.0169
2.2094,NMPC,10.0887,2.0278,6.4788,1.4759,0.4841,9.607,2.0763,6.5177,-0.0079
2.2191,NMPC,10.1027,2.0911,6.4939,1.4844,0.4926,9.6122,2.1361,6.5452,0.0006
2.2287,NMPC,10.116,2.1548,6.5089,1.4927,0.5003,9.6174,2.1959,6.5727,0.0089
2.2387,NMPC,10.1284,2.2187,6.5236,1.5006,0.5071,9.6226,2.2556,6.6,0.0169
2.2481,NMPC,10.1401,2.283,6.5389,1.5086,0.5132,9.6278,2.3154,6.6272,0.0248
2.2645,NMPC,10.1511,2.3476,6.5546,1.5163,0.5184,9.6357,2.4051,6.6678,0.0325
2.28,NMPC,10.1708,2.4775,6.5854,1.5317,0.5268,9.6461,2.5246,6.7216,0.0479
2.2911,NMPC,10.1795,2.5428,6.5993,1.5396,0.5298,9.6513,2.5844,6.7483,0.0558
2.3002,NMPC,10.1877,2.6084,6.6116,1.5471,0.5322,9.6565,2.6442,6.775,0.0634
2.3094,NMPC,10.1952,2.6741,6.6227,1.5539,0.534,9.6644,2.7338,6.8147,0.0702
2.3208,NMPC,10.2021,2.74,6.6333,1.5604,0.5352,9.6696,2.7936,6.8411,0.0766
2.3302,NMPC,10.2085,2.8061,6.6425,1.5664,0.5358,9.6748,2.8534,6.8673,0.0826
2.3391,NMPC,10.2143,2.8723,6.6493,1.5723,0.5358,9.68,2.9131,6.8935,0.0886
2.3486,NMPC,10.2195,2.9386,6.6547,1.578,0.5352,9.6852,2.9729,6.9195,0.0942
2.3626,NMPC,10.2242,3.005,6.6589,1.5838,0.5341,9.6931,3.0626,6.9584,0.1001
2.3724,NMPC,10.2283,3.0715,6.662,1.5895,0.5324,9.6983,3.1223,6.9843,0.1058
2.3822,NMPC,10.2319,3.138,6.6638,1.5955,0.5302,9.7035,3.1821,7.01,0.1117
2.3921,NMPC,10.235,3.2046,6.6646,1.6014,0.5275,9.7087,3.2419,7.0356,0.1176
2.4015,NMPC,10.2376,3.2712,6.663,1.6075,0.5243,9.7166,3.3315,7.0739,0.1238
2.4102,NMPC,10.2397,3.3377,6.6575,1.6138,0.5206,9.7218,3.3913,7.0993,0.13
2.4199,NMPC,10.2413,3.4043,6.6489,1.6205,0.5164,9.727,3.4511,7.112,0.1367
2.4291,NMPC,10.2424,3.4707,6.6376,1.627,0.5118,9.7322,3.5109,7.0866,0.1432
2.4386,NMPC,10.2431,3.537,6.624,1.6327,0.5067,9.7374,3.5706,7.0612,0.1489
2.448,NMPC,10.2434,3.6031,6.6085,1.6382,0.5013,9.7453,3.6603,7.0228,0.1544
2.4579,NMPC,10.2434,3.6692,6.5942,1.6431,0.4955,9.7505,3.7201,6.9971,0.1594
2.4673,NMPC,10.2429,3.735,6.5799,1.6479,0.4892,9.7557,3.7798,6.9714,0.1642
2.4767,NMPC,10.242,3.8008,6.567,1.6523,0.4827,9.7609,3.8396,6.9455,0.1685
2.515,NMPC,10.2348,4.0622,6.5093,1.668,0.4528,9.7844,4.1086,6.8279,0.1842
2.5245,NMPC,10.2348,4.0622,6.5093,1.668,0.4528,9.7844,4.1086,6.8279,0.1842
2.5339,NMPC,10.2291,4.192,6.4822,1.6751,0.4358,9.7948,4.2281,6.775,0.1913
2.5433,NMPC,10.2291,4.192,6.4822,1.6751,0.4358,9.7948,4.2281,6.775,0.1913
2.553,NMPC,10.2258,4.2566,6.4724,1.6785,0.4269,9.8,4.2879,6.7483,0.1947
2.5627,NMPC,10.2222,4.3212,6.4617,1.6816,0.4176,9.8053,4.3477,6.7216,0.1978
2.572,NMPC,10.2182,4.3856,6.4399,1.6849,0.4081,9.8105,4.4075,6.6948,0.2011
2.5813,NMPC,10.214,4.4498,6.4223,1.6881,0.3983,9.8183,4.4971,6.6543,0.2043
2.5911,NMPC,10.2094,4.5137,6.3996,1.6915,0.3882,9.8235,4.5569,6.6272,0.2077
2.6003,NMPC,10.2046,4.5774,6.3811,1.6947,0.3779,9.8287,4.6167,6.6,0.2109
2.6093,NMPC,10.1995,4.641,6.3616,1.6982,0.3673,9.834,4.6764,6.5727,0.2144
2.6189,NMPC,10.1942,4.7042,6.341,1.7015,0.3565,9.8392,4.7362,6.5452,0.2177
2.6286,NMPC,10.1886,4.7673,6.3193,1.705,0.3454,9.8444,4.796,6.5177,0.2212
2.6375,NMPC,10.1828,4.8301,6.2971,1.7083,0.3341,9.8496,4.8557,6.49,0.2245
2.6461,NMPC,10.1767,4.8927,6.2741,1.7119,0.3226,9.8548,4.9155,6.4622,0.2281
2.6555,NMPC,10.1704,4.955,6.2507,1.7153,0.3109,9.8601,4.9753,6.4343,0.2315
2.6641,NMPC,10.1704,4.955,6.2507,1.7153,0.3109,9.8601,4.9753,6.4343,0.2315
2.6733,NMPC,10.1571,5.0789,6.2152,1.7223,0.2869,9.8705,5.0948,6.3781,0.2385
2.682,NMPC,10.1571,5.0789,6.2152,1.7223,0.2869,9.8705,5.0948,6.3781,0.2385
2.6917,NMPC,10.1501,5.1406,6.2048,1.7257,0.2745,9.8757,5.1546,6.3498,0.242
2.7008,NMPC,10.1428,5.2022,6.1964,1.7289,0.2619,9.8809,5.2144,6.3214,0.2451
2.7099,NMPC,10.1353,5.2637,6.1912,1.732,0.2491,9.8862,5.2742,6.2929,0.2482
2.72,NMPC,10.1276,5.3251,6.187,1.7348,0.2393,9.8883,5.3341,6.2642,0.2371
2.7298,NMPC,10.1196,5.3864,6.1858,1.7376,0.23,9.8897,5.3941,6.2354,0.2229
2.7391,NMPC,10.1114,5.4477,6.1849,1.7401,0.2203,9.8912,5.4541,6.2064,0.2083
2.7483,NMPC,10.103,5.509,6.1856,1.7427,0.2104,9.8927,5.514,6.1774,0.2008
2.7587,NMPC,10.0944,5.5703,6.1869,1.7449,0.2,9.8944,5.574,6.1482,0.203
2.7678,NMPC,10.0856,5.6315,6.1888,1.7473,0.1894,9.8962,5.634,6.1188,0.2053
2.7773,NMPC,10.0765,5.6927,6.1914,1.7494,0.1786,9.8979,5.694,6.0893,0.2073
2.7877,NMPC,10.0673,5.754,6.1947,1.7516,0.1699,9.8974,5.754,6.0597,0.1982
2.7971,NMPC,10.0578,5.8152,6.1984,1.7535,0.1609,9.8969,5.814,6.0299,0.1889
2.8068,NMPC,10.0482,5.8765,6.2017,1.7556,0.1518,9.8964,5.874,6.0,0.1797
2.8162,NMPC,10.0384,5.9377,6.2043,1.7575,0.1433,9.8954,5.9039,6.0,0.1745
2.8261,NMPC,10.0284,5.9989,6.2057,1.7596,0.1438,9.8859,5.9631,6.0299,0.1488
2.8353,NMPC,10.0182,6.0602,6.2061,1.7615,0.1442,9.8763,6.0224,6.0597,0.1229
2.8445,NMPC,10.0182,6.0602,6.2061,1.7615,0.1442,9.8763,6.0224,6.0597,0.1229
2.8544,NMPC,9.9973,6.1824,6.195,1.7656,0.1416,9.8562,6.1709,6.1335,0.0901
2.8637,NMPC,9.9973,6.1824,6.195,1.7656,0.1416,9.8562,6.1709,6.1335,0.0901
2.873,NMPC,9.9758,6.3042,6.171,1.772,0.1328,9.8436,6.2903,6.1919,0.0965
2.8823,NMPC,9.9758,6.3042,6.171,1.772,0.1328,9.8436,6.2903,6.1919,0.0965
2.8918,NMPC,9.9646,6.3648,6.1571,1.7764,0.1281,9.8374,6.35,6.2209,0.101
2.9008,NMPC,9.9533,6.4253,6.1458,1.7818,0.1232,9.8311,6.4096,6.2498,0.1063
2.9096,NMPC,9.9417,6.4856,6.1289,1.7875,0.118,9.8248,6.4693,6.2785,0.112
2.9186,NMPC,9.9299,6.5456,6.1152,1.7943,0.1125,9.8186,6.529,6.3071,0.1188
2.9278,NMPC,9.9178,6.6055,6.0951,1.8026,0.1067,9.8123,6.5886,6.3356,0.1271
2.9372,NMPC,9.9053,6.6651,6.0787,1.8118,0.1005,9.806,6.6483,6.364,0.1364
2.9468,NMPC,9.8925,6.7244,6.0668,1.8225,0.094,9.7997,6.708,6.3922,0.147
2.9567,NMPC,9.8792,6.7836,6.0569,1.8349,0.0869,9.7935,6.7677,6.364,0.1594
2.9662,NMPC,9.8654,6.8425,6.0476,1.8483,0.0794,9.7872,6.8273,6.3356,0.1728
2.9758,NMPC,9.8512,6.9012,6.039,1.8632,0.0713,9.7809,6.887,6.3071,0.1878
2.9852,NMPC,9.8512,6.9012,6.039,1.8632,0.0713,9.7809,6.887,6.3071,0.1878
2.9948,NMPC,9.8207,7.018,6.0298,1.8976,0.0533,9.7684,7.0063,6.2498,0.2221
3.0042,NMPC,9.8207,7.018,6.0298,1.8976,0.0533,9.7684,7.0063,6.2498,0.2221
3.017,NMPC,9.7875,7.1338,6.0213,1.9381,0.0323,9.7558,7.1257,6.1919,0.2626
3.0264,NMPC,9.7697,7.1913,6.0175,1.9603,0.0206,9.7496,7.1854,6.1628,0.2849
3.0356,NMPC,9.751,7.2485,6.0144,1.9842,0.008,9.7433,7.245,6.1335,0.3087
3.0449,NMPC,9.751,7.2485,6.0144,1.9842,0.008,9.7433,7.245,6.1335,0.3087
3.0546,NMPC,9.7107,7.3618,6.0105,2.0366,0.0202,9.7308,7.3644,6.0745,0.3611
3.0639,NMPC,9.7107,7.3618,6.0105,2.0366,0.0202,9.7308,7.3644,6.0745,0.3611
3.0727,NMPC,9.689,7.4179,6.0105,2.0645,0.0359,9.7245,7.424,6.0448,0.389
3.0819,NMPC,9.6663,7.4735,6.0114,2.0929,0.0527,9.7182,7.4837,6.015,0.4174
3.0915,NMPC,9.6424,7.5287,6.0134,2.1223,0.0687,9.7099,7.543,6.0,0.4379
3.1009,NMPC,9.6173,7.5833,6.0154,2.153,0.0801,9.6956,7.6013,6.0299,0.4338
3.1102,NMPC,9.5909,7.6374,6.0168,2.1844,0.0929,9.6813,7.6596,6.015,0.4304
3.1201,NMPC,9.5633,7.6909,6.0182,2.2168,0.1021,9.655,7.7452,6.0,0.4028
3.1297,NMPC,9.5344,7.7437,6.0207,2.2495,0.1049,9.6272,7.7984,6.0299,0.3792
3.1384,NMPC,9.5041,7.7957,6.0235,2.2827,0.1089,9.5995,7.8516,6.015,0.3561
3.1476,NMPC,9.4726,7.847,6.0258,2.3161,0.114,9.5718,7.9048,6.0,0.3331
3.1568,NMPC,9.4396,7.8975,6.0288,2.3498,0.1045,9.5162,7.9755,6.0299,0.2822
3.1665,NMPC,9.4053,7.9471,6.0327,2.3833,0.1021,9.4788,8.0224,6.015,0.2594
3.1763,NMPC,9.3697,7.9958,6.0388,2.4169,0.1005,9.4411,8.0691,6.0,0.2366
3.1869,NMPC,9.3326,8.0435,6.0457,2.45,0.0892,9.3955,8.108,6.015,0.2134
3.1967,NMPC,9.2942,8.0902,6.0529,2.4829,0.0792,9.3498,8.1469,6.0299,0.19
3.206,NMPC,9.2544,8.1359,6.0589,2.5155,0.0704,9.3041,8.1858,6.0,0.1662
3.2154,NMPC,9.2133,8.1804,6.0641,2.5481,0.0501,9.2282,8.2336,6.0299,0.1143
3.2252,NMPC,9.2133,8.1804,6.0641,2.5481,0.0501,9.2282,8.2336,6.0299,0.1143
3.2345,NMPC,9.1272,8.266,6.0728,2.6113,0.0228,9.1498,8.2778,6.015,0.0929
3.2438,NMPC,9.1272,8.266,6.0728,2.6113,0.0228,9.1498,8.2778,6.015,0.0929
3.2534,NMPC,9.0362,8.3466,6.0843,2.6714,0.0181,9.0396,8.3239,6.0299,0.0403
3.2628,NMPC,9.0362,8.3466,6.0843,2.6714,0.0181,9.0396,8.3239,6.0299,0.0403
3.2718,NMPC,8.989,8.385,6.0922,2.7004,0.0406,8.9827,8.3429,6.0299,0.013
3.2808,NMPC,8.9406,8.4221,6.0998,2.7287,0.0613,8.9258,8.3618,6.0,-0.0151
3.2907,NMPC,8.8912,8.4579,6.108,2.7565,0.0883,8.8669,8.3728,6.015,-0.0384
3.3002,NMPC,8.8406,8.4923,6.1158,2.7834,0.1102,8.8372,8.3772,6.0299,-0.0363
3.3096,NMPC,8.7892,8.5253,6.1259,2.8089,0.1371,8.7779,8.3862,6.0597,-0.0606
3.3188,NMPC,8.7367,8.5571,6.1355,2.8334,0.162,8.7186,8.3951,6.0893,-0.0858
3.3282,NMPC,8.6833,8.5875,6.1457,2.8568,0.1807,8.6306,8.414,6.1335,-0.068
3.3371,NMPC,8.6291,8.6165,6.1564,2.8797,0.1974,8.572,8.427,6.1188,-0.0451
3.3462,NMPC,8.5741,8.6442,6.1676,2.9014,0.2126,8.5427,8.4334,6.1041,-0.0234
3.3558,NMPC,8.5183,8.6706,6.1782,2.9216,0.2274,8.4839,8.4453,6.0745,-0.0085
3.397,NMPC,8.3467,8.742,6.2161,2.9768,0.268,8.3068,8.4769,6.0,0.0112
3.406,NMPC,8.2292,8.7834,6.2441,3.0081,0.3065,8.2168,8.4761,6.0299,-0.0115
3.415,NMPC,8.1696,8.8024,6.2572,3.0222,0.3229,8.1868,8.4759,6.0448,-0.0155
3.4245,NMPC,8.1696,8.8024,6.2572,3.0222,0.3229,8.1868,8.4759,6.0448,-0.0155
3.4332,NMPC,8.0491,8.837,6.2824,3.0481,0.358,8.0369,8.4791,6.1188,-0.0382
3.4421,NMPC,8.0491,8.837,6.2824,3.0481,0.358,8.0369,8.4791,6.1188,-0.0382
3.4513,NMPC,7.9882,8.8526,6.2975,3.0599,0.3703,7.977,8.4824,6.1482,-0.0263
3.4605,NMPC,7.9269,8.8673,6.3136,3.0704,0.3816,7.9171,8.4857,6.1774,-0.0159
3.4696,NMPC,7.8652,8.881,6.3288,3.08,0.3919,7.8572,8.489,6.2064,-0.0063
3.4785,NMPC,7.8031,8.8938,6.3434,3.0887,0.4012,7.7673,8.494,6.2498,0.0024
3.4873,NMPC,7.7407,8.9057,6.3601,3.097,0.4096,7.7074,8.4973,6.2785,0.0107
3.4965,NMPC,7.678,8.9167,6.3761,3.1047,0.4171,7.6475,8.5006,6.3071,0.0184
3.5062,NMPC,7.615,8.9269,6.3922,3.1122,0.4238,7.5876,8.5039,6.3356,0.0259
3.5189,NMPC,7.5516,8.9362,6.4096,3.119,0.4296,7.5277,8.5073,6.364,0.0328
3.5285,NMPC,7.488,8.9449,6.427,3.1248,0.4348,7.4678,8.5106,6.3922,0.0385
3.5378,NMPC,7.4242,8.9529,6.4465,3.1299,0.4392,7.4079,8.5139,6.4203,0.0436
3.5469,NMPC,7.36,8.9602,6.4666,3.1342,0.443,7.3479,8.5172,6.4483,0.0479
3.5564,NMPC,7.2956,8.9669,6.4862,3.1382,0.4461,7.2581,8.5222,6.49,0.0519
3.5661,NMPC,7.2309,8.973,6.5048,3.1417,0.4486,7.1982,8.5255,6.5177,0.0554
3.5754,NMPC,7.166,8.9786,6.5231,3.1452,0.4506,7.1383,8.5288,6.5452,0.0589
3.5846,NMPC,7.166,8.9786,6.5231,3.1452,0.4506,7.1383,8.5288,6.5452,0.0589
3.5936,NMPC,7.0356,8.988,6.56,3.1518,0.4528,7.0185,8.5355,6.6,0.0655
3.6027,NMPC,7.0356,8.988,6.56,3.1518,0.4528,7.0185,8.5355,6.6,0.0655
3.6119,NMPC,6.97,8.992,6.5793,3.155,0.4531,6.9585,8.5388,6.6272,0.0688
3.6211,NMPC,6.9042,8.9955,6.5982,3.1585,0.453,6.8687,8.5438,6.6678,0.0722
3.6304,NMPC,6.8382,8.9985,6.6167,3.1618,0.4524,6.8088,8.5471,6.6948,0.0755
3.6392,NMPC,6.772,9.0011,6.6343,3.1654,0.4513,6.7489,8.5504,6.7216,0.0792
3.6482,NMPC,6.7056,9.0033,6.6524,3.1691,0.4498,6.689,8.5537,6.7483,0.0828
3.6572,NMPC,6.639,9.0051,6.6697,3.173,0.4479,6.6291,8.557,6.775,0.0867
3.6661,NMPC,6.5722,9.0064,6.6866,3.177,0.4455,6.5392,8.562,6.8147,0.0907
3.6745,NMPC,6.5053,9.0074,6.7039,3.1812,0.4428,6.4793,8.5653,6.8411,0.0949
3.6835,NMPC,6.5053,9.0074,6.7039,3.1812,0.4428,6.4793,8.5653,6.8411,0.0949
3.6929,NMPC,6.4382,9.008,6.7217,3.1852,0.4397,6.4194,8.5687,6.8673,0.0989
3.7049,NMPC,6.3709,9.0083,6.739,3.1883,0.4363,6.3595,8.572,6.8935,0.102
3.7144,NMPC,6.2357,9.008,6.774,3.1932,0.4285,6.2097,8.5803,6.9584,0.1069
3.7236,NMPC,6.2357,9.008,6.774,3.1932,0.4285,6.2097,8.5803,6.9584,0.1069
3.7329,NMPC,6.0999,9.0066,6.8084,3.1967,0.4196,6.0899,8.5869,7.01,0.1104
3.7419,NMPC,6.0999,9.0066,6.8084,3.1967,0.4196,6.0899,8.5869,7.01,0.1104
3.7511,NMPC,6.0318,9.0055,6.8244,3.1982,0.4148,6.0,8.5919,7.0484,0.1119
3.761,NMPC,5.9634,9.0042,6.8387,3.1994,0.4097,5.9401,8.5952,7.0739,0.1131
3.7706,NMPC,5.895,9.0026,6.8505,3.2007,0.4043,5.8802,8.5985,7.0993,0.1144
3.7798,NMPC,5.8265,9.0008,6.8618,3.2018,0.3987,5.7903,8.6035,7.1372,0.1155
3.7915,NMPC,5.7579,8.9988,6.8706,3.2031,0.3929,5.7304,8.6068,7.1624,0.1168
3.8025,NMPC,5.6891,8.9966,6.879,3.2043,0.3869,5.6705,8.6101,7.1875,0.118
3.8115,NMPC,5.6204,8.9942,6.8861,3.2057,0.3807,5.6106,8.6135,7.2125,0.1194
3.8204,NMPC,5.5515,8.9916,6.8929,3.207,0.3743,5.5207,8.6184,7.2498,0.1207
3.8294,NMPC,5.4826,8.9888,6.8988,3.2085,0.3677,5.4608,8.6218,7.2746,0.1223
3.8381,NMPC,5.4137,8.9859,6.9042,3.21,0.361,5.4009,8.6251,7.2993,0.1237
3.8471,NMPC,5.3447,8.9828,6.9087,3.2117,0.354,5.3111,8.6301,7.3362,0.1254
3.8563,NMPC,5.2756,8.9795,6.9124,3.2133,0.3469,5.2512,8.6334,7.3607,0.1271
3.8655,NMPC,5.2066,8.976,6.9153,3.2152,0.3396,5.1913,8.6367,7.3851,0.1289
3.8746,NMPC,5.1375,8.9724,6.9178,3.217,0.3322,5.1313,8.64,7.4095,0.1307
3.8833,NMPC,5.1375,8.9724,6.9178,3.217,0.3322,5.1313,8.64,7.4095,0.1307
3.8922,NMPC,5.0684,8.9686,6.9194,3.219,0.3246,5.0415,8.645,7.3825,0.1327
3.901,NMPC,4.9993,8.9647,6.9203,3.2209,0.3169,4.9816,8.6483,7.3581,0.1346
3.9098,NMPC,4.9303,8.9606,6.9196,3.223,0.309,4.9217,8.6516,7.3336,0.1367
3.9185,NMPC,4.8612,8.9564,6.9146,3.2247,0.301,4.8318,8.6566,7.2967,0.1385
3.9276,NMPC,4.7922,8.9522,6.9061,3.2255,0.2929,4.7719,8.6599,7.272,0.1392
3.9375,NMPC,4.7234,8.9478,6.8993,3.2258,0.2848,4.712,8.6632,7.2472,0.1395
3.9521,NMPC,4.6545,8.9434,6.8897,3.2253,0.2766,4.6521,8.6666,7.2223,0.139
3.9672,NMPC,4.5859,8.939,6.8775,3.2246,0.2684,4.5622,8.6715,7.1848,0.1383
3.9786,NMPC,4.4489,8.93,6.8472,3.2218,0.2518,4.4424,8.6782,7.1345,0.1355
3.9877,NMPC,4.3807,8.9255,6.8296,3.2199,0.2435,4.3525,8.6832,7.0966,0.1336
3.999,NMPC,4.3126,8.9209,6.8105,3.218,0.2352,4.2926,8.6865,7.0712,0.1317
4.0365,NMPC,4.0421,8.9029,6.7605,3.2082,0.2023,4.023,8.7014,6.9557,0.122
4.0451,NMPC,3.9746,8.8985,6.7607,3.2055,0.1941,3.9631,8.7047,6.9297,0.1192
4.0537,NMPC,3.9071,8.8941,6.7608,3.2028,0.186,3.9032,8.708,6.9037,0.1165
4.0625,NMPC,3.9071,8.8941,6.7608,3.2028,0.186,3.9032,8.708,6.9037,0.1165
4.072,NMPC,3.8397,8.8898,6.7609,3.1999,0.178,3.8433,8.7114,6.8776,0.1137
4.0812,NMPC,3.7722,8.8856,6.7607,3.1972,0.17,3.7535,8.7163,6.8382,0.111
4.0902,NMPC,3.7047,8.8814,6.7627,3.1944,0.1621,3.6936,8.7197,6.8119,0.1081
4.0998,NMPC,3.6372,8.8773,6.7649,3.192,0.1543,3.6336,8.723,6.7854,0.1057
4.1091,NMPC,3.5697,8.8732,6.7673,3.1907,0.1465,3.5737,8.7263,6.7588,0.1044
4.119,NMPC,3.5021,8.8691,6.7697,3.1899,0.1386,3.4839,8.7313,6.7187,0.1036
4.1284,NMPC,3.4345,8.865,6.7709,3.1899,0.1308,3.424,8.7346,6.6919,0.1037
4.138,NMPC,3.3669,8.861,6.771,3.1903,0.1231,3.3641,8.7379,6.6649,0.1041
4.1474,NMPC,3.2994,8.857,6.7673,3.1913,0.1153,3.3041,8.7412,6.6379,0.1051
4.1567,NMPC,3.2318,8.853,6.7599,3.1926,0.1115,3.2442,8.7409,6.6649,0.0887
4.1657,NMPC,3.1644,8.8489,6.7496,3.1942,0.1093,3.1542,8.7398,6.7053,0.061
4.1743,NMPC,3.0971,8.8449,6.7372,3.196,0.1059,3.0942,8.739,6.7321,0.0432
4.183,NMPC,3.0971,8.8449,6.7372,3.196,0.1059,3.0942,8.739,6.7321,0.0432
4.1927,NMPC,3.0299,8.8409,6.7226,3.1982,0.1047,3.0342,8.7363,6.7588,0.0394
4.2027,NMPC,2.9629,8.8369,6.7064,3.2003,0.1036,2.9743,8.7335,6.7854,0.0358
4.2127,NMPC,2.8961,8.8328,6.6841,3.2028,0.1026,2.9144,8.7307,6.8119,0.0325
4.2223,NMPC,2.8295,8.8287,6.6614,3.2053,0.101,2.8244,8.7275,6.8514,0.0325
4.2322,NMPC,2.7631,8.8246,6.6391,3.208,0.0989,2.7645,8.7257,6.8776,0.0353
4.2418,NMPC,2.6969,8.8204,6.6211,3.2107,0.0968,2.7045,8.7238,6.9037,0.038
4.2545,NMPC,2.6309,8.8162,6.6037,3.2137,0.0946,2.6445,8.7219,6.9297,0.0409
4.2643,NMPC,2.5651,8.8119,6.5866,3.2165,0.0924,2.5546,8.7191,6.9686,0.0438
4.2735,NMPC,2.434,8.803,6.5516,3.2221,0.0876,2.4346,8.7154,6.9195,0.0494
4.2822,NMPC,2.434,8.803,6.5516,3.2221,0.0876,2.4346,8.7154,6.9195,0.0494
4.2914,NMPC,2.3687,8.7986,6.5339,3.2236,0.0852,2.3746,8.7135,6.8935,0.0509
4.3009,NMPC,2.3036,8.7941,6.5166,3.2245,0.0828,2.3147,8.7117,6.8673,0.0518
4.3092,NMPC,2.2387,8.7897,6.4997,3.2247,0.0803,2.2547,8.7098,6.8411,0.0519
4.3186,NMPC,2.174,8.7852,6.4831,3.2244,0.0778,2.1647,8.707,6.8015,0.0517
4.3279,NMPC,2.1094,8.7807,6.4638,3.2236,0.0754,2.1048,8.7051,6.775,0.0508
4.3369,NMPC,2.045,8.7762,6.4482,3.2225,0.0728,2.0448,8.7033,6.7483,0.0498
4.3463,NMPC,1.9807,8.7716,6.4326,3.221,0.0703,1.9848,8.7014,6.7216,0.0482
4.3557,NMPC,1.9167,8.7671,6.4144,3.2193,0.0678,1.9249,8.6995,6.6948,0.0466
4.3651,NMPC,1.8528,8.7626,6.3967,3.2173,0.0653,1.8649,8.6977,6.6678,0.0446
4.3742,NMPC,1.789,8.7582,6.3805,3.2153,0.0628,1.8049,8.6958,6.6408,0.0425
4.3828,NMPC,1.789,8.7582,6.3805,3.2153,0.0628,1.8049,8.6958,6.6408,0.0425
4.3919,NMPC,1.7255,8.7538,6.3604,3.2129,0.0604,1.715,8.693,6.6,0.0401
4.4014,NMPC,1.6621,8.7494,6.3412,3.2106,0.058,1.655,8.6912,6.5727,0.0378
4.4101,NMPC,1.599,8.745,6.3227,3.2079,0.0556,1.595,8.6893,6.5452,0.0352
4.4189,NMPC,1.536,8.7408,6.3047,3.2054,0.0533,1.535,8.6874,6.5177,0.0327
4.4282,NMPC,1.4731,8.7366,6.2871,3.2026,0.0511,1.4751,8.6856,6.49,0.0299
4.4375,NMPC,1.4105,8.7325,6.2729,3.1999,0.0489,1.4151,8.6837,6.4622,0.0272
4.4464,NMPC,1.348,8.7284,6.2566,3.197,0.0468,1.3551,8.6818,6.4343,0.0243
4.4555,NMPC,1.2856,8.7245,6.2471,3.1943,0.0448,1.2952,8.68,6.4062,0.0216
4.4647,NMPC,1.2856,8.7245,6.2471,3.1943,0.0448,1.2952,8.68,6.4062,0.0216
4.474,NMPC,1.1609,8.7169,6.2429,3.1887,0.0411,1.1752,8.6762,6.3498,0.016
4.4832,NMPC,1.1609,8.7169,6.2429,3.1887,0.0411,1.1752,8.6762,6.3498,0.016
4.493,NMPC,1.0986,8.7133,6.2424,3.1859,0.0395,1.0853,8.6734,6.3071,0.0132
4.5027,NMPC,1.0363,8.7098,6.2441,3.1833,0.0379,1.0253,8.6716,6.2785,0.0106
4.5158,NMPC,0.9115,8.7031,6.2491,3.1781,0.0351,0.9054,8.6678,6.2209,0.0054
4.5254,NMPC,0.8491,8.6999,6.2533,3.1755,0.0338,0.8454,8.666,6.1919,0.0028
4.5353,NMPC,0.7866,8.6969,6.2573,3.1732,0.0327,0.7854,8.6641,6.1628,0.0004
4.5446,NMPC,0.7866,8.6969,6.2573,3.1732,0.0327,0.7854,8.6641,6.1628,0.0004
4.554,NMPC,0.6615,8.6912,6.2697,3.1684,0.0309,0.6655,8.6604,6.1041,-0.0044
4.5637,NMPC,0.6615,8.6912,6.2697,3.1684,0.0309,0.6655,8.6604,6.1041,-0.0044
4.5733,NMPC,0.536,8.686,6.2865,3.1638,0.0296,0.5455,8.6566,6.0448,-0.0089
4.5836,NMPC,0.536,8.686,6.2865,3.1638,0.0296,0.5455,8.6566,6.0448,-0.0089
4.5936,NMPC,0.4102,8.6813,6.3045,3.1595,0.0243,0.3957,8.6568,6.0299,0.0049
4.6034,NMPC,0.4102,8.6813,6.3045,3.1595,0.0243,0.3957,8.6568,6.0299,0.0049
4.6128,NMPC,0.284,8.6771,6.3246,3.1553,0.0137,0.2759,8.6636,6.0893,0.0404
4.6219,NMPC,0.284,8.6771,6.3246,3.1553,0.0137,0.2759,8.6636,6.0893,0.0404
4.6315,NMPC,0.2207,8.6752,6.3358,3.1531,0.0089,0.2159,8.6664,6.1188,0.0481
4.6408,NMPC,0.1573,8.6734,6.3465,3.1512,0.0048,0.156,8.6686,6.1482,0.0462
4.6502,NMPC,0.0938,8.6718,6.3607,3.1491,0.0009,0.096,8.6708,6.1774,0.0441
4.6596,NMPC,0.0301,8.6703,6.3742,3.1473,0.003,0.036,8.673,6.2064,0.0422
4.6687,NMPC,-0.0337,8.6689,6.3888,3.1453,0.0067,-0.0239,8.6752,6.2354,0.0402
4.6777,NMPC,-0.0976,8.6677,6.4028,3.1434,0.0103,-0.0839,8.6774,6.2642,0.0384
4.6874,NMPC,-0.1617,8.6665,6.4171,3.1415,0.0137,-0.1738,8.6807,6.3071,0.0364
4.6969,NMPC,-0.2259,8.6655,6.4316,3.14,0.0171,-0.2338,8.6829,6.3356,0.035
4.7066,NMPC,-0.2903,8.6645,6.4464,3.1395,0.0205,-0.2937,8.6851,6.364,0.0345
4.7163,NMPC,-0.3549,8.6636,6.4613,3.1395,0.0237,-0.3537,8.6873,6.3922,0.0344
4.7259,NMPC,-0.4195,8.6627,6.4772,3.1403,0.0251,-0.4137,8.6876,6.4203,0.0252
4.7355,NMPC,-0.4844,8.6618,6.4932,3.1413,0.0262,-0.4737,8.6879,6.4483,0.0164
4.7446,NMPC,-0.4844,8.6618,6.4932,3.1413,0.0262,-0.4737,8.6879,6.4483,0.0164
4.754,NMPC,-0.6146,8.6602,6.5294,3.1446,0.0255,-0.6236,8.6857,6.5177,-0.0022
4.7638,NMPC,-0.6146,8.6602,6.5294,3.1446,0.0255,-0.6236,8.6857,6.5177,-0.0022
4.7731,NMPC,-0.7456,8.6586,6.5676,3.1488,0.0222,-0.7435,8.6808,6.5727,-0.0123
4.7826,NMPC,-0.7456,8.6586,6.5676,3.1488,0.0222,-0.7435,8.6808,6.5727,-0.0123
4.7921,NMPC,-0.8113,8.6578,6.5867,3.1512,0.0212,-0.8035,8.6792,6.6,-0.0122
4.8018,NMPC,-0.8773,8.6569,6.6049,3.1535,0.0207,-0.8635,8.6779,6.6272,-0.0098
4.8114,NMPC,-0.9434,8.656,6.6257,3.1561,0.0201,-0.9535,8.6759,6.6678,-0.0073
4.8207,NMPC,-1.0098,8.6551,6.6454,3.1585,0.0196,-1.0135,8.6746,6.6948,-0.0049
4.8302,NMPC,-1.0763,8.6541,6.666,3.1611,0.0192,-1.0735,8.6733,6.7216,-0.0023
4.8394,NMPC,-1.1431,8.653,6.6855,3.1635,0.0188,-1.1334,8.672,6.7483,0.0001
4.8485,NMPC,-1.21,8.6519,6.705,3.166,0.0185,-1.2234,8.67,6.7882,0.0027
4.8577,NMPC,-1.2772,8.6506,6.7255,3.1684,0.0182,-1.2834,8.6687,6.8147,0.005
4.8673,NMPC,-1.3445,8.6493,6.7468,3.1708,0.0181,-1.3434,8.6674,6.8411,0.0075
4.8767,NMPC,-1.4121,8.648,6.7679,3.1728,0.018,-1.4034,8.6661,6.8673,0.0094
4.8862,NMPC,-1.4798,8.6466,6.7889,3.1738,0.0179,-1.4934,8.6642,6.9065,0.0104
4.8959,NMPC,-1.5478,8.6451,6.8103,3.1742,0.0178,-1.5533,8.6629,6.9325,0.0108
4.9048,NMPC,-1.616,8.6437,6.8326,3.1739,0.0178,-1.6133,8.6616,6.9584,0.0105
4.9136,NMPC,-1.6844,8.6422,6.8554,3.1732,0.0178,-1.6733,8.6603,6.9843,0.0098
4.9222,NMPC,-1.6844,8.6422,6.8554,3.1732,0.0178,-1.6733,8.6603,6.9843,0.0098
4.9314,NMPC,-1.7531,8.6407,6.8789,3.172,0.0178,-1.7633,8.6583,7.0228,0.0086
4.9396,NMPC,-1.822,8.6392,6.9031,3.1705,0.0178,-1.8233,8.657,7.0484,0.0072
4.9477,NMPC,-1.8911,8.6377,6.9269,3.1687,0.0178,-1.8833,8.6557,7.0739,0.0053
4.9557,NMPC,-1.9605,8.6362,6.9509,3.1668,0.0178,-1.9732,8.6537,7.112,0.0034
4.964,NMPC,-1.9605,8.6362,6.9509,3.1668,0.0178,-1.9732,8.6537,7.112,0.0034
4.9721,NMPC,-2.1,8.6333,6.9978,3.1624,0.0177,-2.0932,8.6511,7.1624,-0.001
4.9798,NMPC,-2.1,8.6333,6.9978,3.1624,0.0177,-2.0932,8.6511,7.1624,-0.001
4.9878,NMPC,-2.17,8.6318,7.0206,3.16,0.0176,-2.1832,8.6492,7.2,-0.0034
4.9959,NMPC,-2.2404,8.6305,7.0436,3.1576,0.0175,-2.2432,8.6479,7.225,-0.0057
5.0045,NMPC,-2.3109,8.6291,7.0677,3.1552,0.0172,-2.3032,8.6466,7.2498,-0.0082
5.0164,NMPC,-2.3817,8.6279,7.0907,3.1528,0.017,-2.3931,8.6446,7.287,-0.0105
5.0245,NMPC,-2.4527,8.6267,7.1148,3.1503,0.0166,-2.4531,8.6433,7.3116,-0.013
5.0333,NMPC,-2.5239,8.6256,7.1378,3.148,0.0162,-2.5131,8.642,7.3362,-0.0153
5.0415,NMPC,-2.5239,8.6256,7.1378,3.148,0.0162,-2.5131,8.642,7.3362,-0.0153
5.0494,NMPC,-2.5954,8.6245,7.1618,3.1456,0.0157,-2.6031,8.64,7.3729,-0.0178
5.0576,NMPC,-2.6672,8.6236,7.1859,3.1437,0.0151,-2.6631,8.6387,7.3973,-0.0197
5.0671,NMPC,-2.7391,8.6226,7.2099,3.1427,0.0145,-2.7531,8.6368,7.4337,-0.0206
5.0757,NMPC,-2.8114,8.6217,7.2339,3.1423,0.0138,-2.813,8.6355,7.4579,-0.021
5.0837,NMPC,-2.8838,8.6208,7.2578,3.1427,0.0132,-2.873,8.6342,7.482,-0.0207
5.0915,NMPC,-2.8838,8.6208,7.2578,3.1427,0.0132,-2.873,8.6342,7.482,-0.0207
5.0998,NMPC,-2.9565,8.6199,7.2807,3.1434,0.0125,-2.963,8.6322,7.518,-0.02
5.1079,NMPC,-3.0294,8.619,7.3035,3.1447,0.0118,-3.023,8.6309,7.5419,-0.0187
5.1159,NMPC,-3.1026,8.6181,7.3265,3.1462,0.011,-3.113,8.6289,7.5776,-0.0172
5.1237,NMPC,-3.1759,8.6173,7.3506,3.1481,0.0103,-3.173,8.6276,7.6013,-0.0153
5.1319,NMPC,-3.1759,8.6173,7.3506,3.1481,0.0103,-3.173,8.6276,7.6013,-0.0153
5.1402,NMPC,-3.2496,8.6164,7.3747,3.15,0.0096,-3.2629,8.6257,7.6368,-0.0133
5.1485,NMPC,-3.3234,8.6155,7.3977,3.1523,0.0089,-3.3229,8.6244,7.6603,-0.011
5.1577,NMPC,-3.3975,8.6145,7.4207,3.1546,0.0082,-3.3829,8.6231,7.6837,-0.0088
5.1669,NMPC,-3.4718,8.6135,7.4447,3.1571,0.0076,-3.4729,8.6211,7.7188,-0.0062
5.1762,NMPC,-3.5464,8.6125,7.4688,3.1595,0.007,-3.5329,8.6198,7.7421,-0.0038
5.1851,NMPC,-3.6212,8.6114,7.4917,3.1621,0.0065,-3.6228,8.6179,7.7769,-0.0013
5.194,NMPC,-3.6962,8.6102,7.5147,3.1645,0.0061,-3.6828,8.6165,7.8,0.0012
5.2027,NMPC,-3.6962,8.6102,7.5147,3.1645,0.0061,-3.6828,8.6165,7.8,0.0012
5.2114,NMPC,-3.7714,8.6089,7.5376,3.1671,0.0057,-3.7728,8.6146,7.8345,0.0038
5.2207,NMPC,-3.8469,8.6076,7.5617,3.1695,0.0054,-3.8328,8.6133,7.8575,0.0062
5.23,NMPC,-3.9227,8.6061,7.5858,3.172,0.0052,-3.9228,8.6113,7.8918,0.0087
5.2389,NMPC,-3.9986,8.6046,7.6099,3.1741,0.0051,-4.0128,8.6094,7.9259,0.0107
5.2479,NMPC,-4.0748,8.6031,7.6339,3.1751,0.005,-4.0727,8.6081,7.9486,0.0117
5.2567,NMPC,-4.1513,8.6015,7.6568,3.1756,0.0049,-4.1627,8.6061,7.9825,0.0122
5.2664,NMPC,-4.2279,8.5999,7.6796,3.1752,0.0048,-4.2227,8.6048,8.005,0.0119
5.2756,NMPC,-4.3048,8.5982,7.7025,3.1745,0.0048,-4.3127,8.6029,8.0387,0.0112
5.2848,NMPC,-4.3819,8.5965,7.7255,3.1733,0.0048,-4.3727,8.6015,8.061,0.0099
5.294,NMPC,-4.4593,8.5948,7.7486,3.1717,0.0048,-4.4626,8.5996,8.0944,0.0084
5.3032,NMPC,-4.4593,8.5948,7.7486,3.1717,0.0048,-4.4626,8.5996,8.0944,0.0084
5.3123,NMPC,-4.5369,8.5931,7.7727,3.1698,0.0049,-4.5226,8.5983,8.1166,0.0064
5.3213,NMPC,-4.6147,8.5914,7.7968,3.1678,0.0049,-4.6126,8.5963,8.1498,0.0044
5.3309,NMPC,-4.6928,8.5897,7.8208,3.1654,0.0049,-4.7026,8.5944,8.1829,0.002
5.3405,NMPC,-4.7711,8.588,7.8443,3.163,0.0048,-4.7626,8.5931,8.2049,-0.0003
5.3503,NMPC,-4.8496,8.5864,7.8676,3.1604,0.0048,-4.8526,8.5911,8.2377,-0.0029
5.3588,NMPC,-4.9284,8.5848,7.8898,3.1579,0.0046,-4.9425,8.5892,8.2704,-0.0055
5.369,NMPC,-5.0074,8.5833,7.9112,3.1552,0.0044,-5.0025,8.5878,8.2922,-0.0082
5.3784,NMPC,-5.0866,8.5818,7.9315,3.1526,0.0042,-5.0925,8.5859,8.3247,-0.0107
5.3868,NMPC,-5.166,8.5804,7.9503,3.1499,0.0039,-5.1525,8.5846,8.3463,-0.0135
5.3958,NMPC,-5.2456,8.5791,7.9672,3.1473,0.0034,-5.2425,8.5826,8.3785,-0.016
5.405,NMPC,-5.3253,8.5779,7.9825,3.1446,0.0029,-5.3324,8.5807,8.4107,-0.0187
5.4141,NMPC,-5.4052,8.5768,7.9967,3.1424,0.0023,-5.3924,8.5794,8.4321,-0.021
5.4228,NMPC,-5.4052,8.5768,7.9967,3.1424,0.0023,-5.3924,8.5794,8.4321,-0.021
5.4321,NMPC,-5.4852,8.5756,8.0092,3.1412,0.0017,-5.4824,8.5774,8.464,-0.0222
5.4411,NMPC,-5.5653,8.5746,8.0193,3.1405,0.0011,-5.5724,8.5755,8.4959,-0.0228
5.4502,NMPC,-5.6456,8.5735,8.0281,3.1407,0.0004,-5.6324,8.5741,8.517,-0.0227
5.4592,NMPC,-5.7259,8.5725,8.0356,3.1412,0.0004,-5.7224,8.5722,8.5487,-0.0222
5.4691,NMPC,-5.8063,8.5715,8.0416,3.1424,0.0011,-5.8123,8.5702,8.5802,-0.021
5.4786,NMPC,-5.8867,8.5705,8.0474,3.1437,0.0019,-5.8723,8.5689,8.6012,-0.0196
5.488,NMPC,-5.9672,8.5695,8.0519,3.1456,0.0027,-5.9623,8.567,8.6325,-0.0178
5.4982,NMPC,-6.0477,8.5686,8.0553,3.1476,0.0035,-6.0523,8.565,8.6637,-0.0158
5.5114,NMPC,-6.1283,8.5676,8.0579,3.15,0.0042,-6.1423,8.5631,8.6637,-0.0134
5.5212,NMPC,-6.2089,8.5666,8.0593,3.1524,0.005,-6.2022,8.5618,8.6429,-0.011
5.5306,NMPC,-6.2895,8.5656,8.0598,3.1551,0.0057,-6.2922,8.5598,8.6116,-0.0083
5.5404,NMPC,-6.37,8.5645,8.0567,3.1578,0.0064,-6.3822,8.5578,8.5802,-0.0056
5.5502,NMPC,-6.4506,8.5634,8.0521,3.1608,0.007,-6.4422,8.5565,8.5592,-0.0026
5.5599,NMPC,-6.5311,8.5622,8.0527,3.1636,0.0076,-6.5322,8.5546,8.5276,0.0003
5.57,NMPC,-6.6116,8.5609,8.0532,3.1667,0.008,-6.6221,8.5526,8.4959,0.0034
5.5798,NMPC,-6.6921,8.5595,8.0512,3.1697,0.0084,-6.6821,8.5513,8.4747,0.0063
5.5905,NMPC,-6.7726,8.5581,8.0437,3.1729,0.0087,-6.7721,8.5494,8.4427,0.0095
5.6009,NMPC,-6.8529,8.5565,8.0316,3.176,0.0089,-6.8621,8.5474,8.4107,0.0126
5.6103,NMPC,-6.9332,8.5548,8.0179,3.1793,0.009,-6.9221,8.5461,8.3893,0.016
5.6197,NMPC,-7.0132,8.553,8.0007,3.1826,0.0089,-7.012,8.5441,8.357,0.0192
5.6579,NMPC,-7.3315,8.5448,7.9139,3.1926,0.0076,-7.342,8.537,8.2377,0.0292
5.6681,NMPC,-7.4105,8.5426,7.8902,3.1932,0.0071,-7.402,8.5357,8.2158,0.0298
5.6779,NMPC,-7.4893,8.5403,7.871,3.1934,0.0065,-7.4919,8.5337,8.1829,0.0301
5.6878,NMPC,-7.5679,8.5379,7.8555,3.193,0.0059,-7.5819,8.5317,8.1498,0.0296
5.6982,NMPC,-7.6463,8.5355,7.8429,3.1922,0.0051,-7.6419,8.5304,8.1277,0.0288
5.7085,NMPC,-7.7246,8.533,7.8266,3.1909,0.0044,-7.7319,8.5285,8.0944,0.0275
5.7184,NMPC,-7.8027,8.5305,7.7906,3.1894,0.0036,-7.7919,8.5272,8.0722,0.026
5.7293,NMPC,-7.8804,8.528,7.7574,3.1875,0.0027,-7.8818,8.5252,8.0387,0.0241
5.74,NMPC,-7.9577,8.5254,7.7242,3.1855,0.0018,-7.9718,8.5233,8.005,0.0222
5.7505,NMPC,-8.0348,8.5229,7.691,3.1832,0.001,-8.0318,8.522,7.9825,0.0198
5.7609,NMPC,-8.1115,8.5203,7.66,3.1808,0.0001,-8.1218,8.52,7.9486,0.0175
5.7713,NMPC,-8.1879,8.5178,7.6285,3.1781,0.0007,-8.1818,8.5187,7.9259,0.0147
5.7816,NMPC,-8.264,8.5153,7.5988,3.1754,0.0016,-8.2717,8.5167,7.8918,0.012
5.7915,NMPC,-8.3398,8.5129,7.5683,3.1723,0.0024,-8.3317,8.5154,7.8689,0.009
5.802,NMPC,-8.4153,8.5105,7.5372,3.1694,0.0031,-8.4217,8.5135,7.8345,0.006
5.8122,NMPC,-8.4905,8.5082,7.5078,3.166,0.0038,-8.4817,8.5122,7.8115,0.0027
5.8223,NMPC,-8.5653,8.506,7.4775,3.1628,0.0044,-8.5717,8.5102,7.7769,-0.0006
5.8321,NMPC,-8.6399,8.5039,7.4487,3.1593,0.0049,-8.6317,8.5089,7.7537,-0.0041
5.8422,NMPC,-8.7143,8.5018,7.4188,3.1558,0.0053,-8.7216,8.507,7.7188,-0.0075
5.8524,NMPC,-8.7883,8.4999,7.3903,3.1521,0.0056,-8.7816,8.5057,7.6955,-0.0112
5.8625,NMPC,-8.862,8.4981,7.3607,3.1485,0.0058,-8.8716,8.5037,7.6603,-0.0149
5.8722,NMPC,-8.9355,8.4965,7.3323,3.1446,0.0058,-8.9316,8.5024,7.6368,-0.0187
5.882,NMPC,-9.0086,8.495,7.3028,3.1409,0.0058,-9.0216,8.5004,7.6013,-0.0225
5.8913,NMPC,-9.0815,8.4936,7.2744,3.1369,0.0055,-9.0816,8.4991,7.5776,-0.0265
5.9015,NMPC,-9.1541,8.4924,7.2448,3.1334,0.0052,-9.1415,8.4978,7.5538,-0.03
5.9112,NMPC,-9.2264,8.4912,7.2164,3.131,0.0048,-9.2315,8.4959,7.518,-0.0324
5.9209,NMPC,-9.2984,8.4902,7.1867,3.1291,0.0042,-9.2915,8.4946,7.494,-0.0342
5.9308,NMPC,-9.3701,8.4892,7.1582,3.1282,0.0037,-9.3815,8.4926,7.4579,-0.0352
5.9411,NMPC,-9.4415,8.4883,7.1284,3.1277,0.003,-9.4415,8.4913,7.4337,-0.0357
5.9505,NMPC,-9.5127,8.4875,7.0997,3.1278,0.0022,-9.5015,8.49,7.4095,-0.0356
5.9601,NMPC,-9.5835,8.4868,7.0719,3.1282,0.0014,-9.5914,8.488,7.3729,-0.0352
5.9697,NMPC,-9.6541,8.4862,7.0427,3.1291,0.0005,-9.6514,8.4867,7.3485,-0.0343
5.9793,NMPC,-9.7244,8.4857,7.0144,3.1302,0.0005,-9.7114,8.4854,7.3239,-0.0332
5.9889,NMPC,-9.7944,8.4852,6.9846,3.1318,0.0015,-9.8014,8.4835,7.287,-0.0316
5.9982,NMPC,-9.8641,8.4847,6.9559,3.1334,0.0026,-9.8614,8.4822,7.2622,-0.03
6.0117,NMPC,-9.9335,8.4843,6.9281,3.1354,0.0037,-9.9214,8.4809,7.2374,-0.028
6.0212,NMPC,-10.0026,8.4839,6.8985,3.1374,0.0048,-10.0113,8.4789,7.2,-0.0259
6.0308,NMPC,-10.0715,8.4835,6.87,3.1398,0.0059,-10.0713,8.4776,7.175,-0.0235
6.0415,NMPC,-10.14,8.4831,6.8422,3.1422,0.007,-10.1313,8.4763,7.1498,-0.0212
6.0509,NMPC,-10.2083,8.4826,6.8127,3.1449,0.008,-10.2213,8.4743,7.112,-0.0185
6.0606,NMPC,-10.2763,8.4822,6.7841,3.1475,0.0091,-10.2813,8.473,7.0866,-0.0158
6.0705,NMPC,-10.344,8.4817,6.7562,3.1505,0.01,-10.3413,8.4717,7.0612,-0.0129
6.0804,NMPC,-10.4114,8.4812,6.7265,3.1533,0.011,-10.4012,8.4704,7.0356,-0.0101
6.0914,NMPC,-10.4785,8.4806,6.6977,3.1564,0.0119,-10.4912,8.4685,6.9971,-0.0069
6.1035,NMPC,-10.5453,8.48,6.6695,3.1595,0.0127,-10.5512,8.4672,6.9714,-0.0039
6.1134,NMPC,-10.6119,8.4792,6.6396,3.1628,0.0134,-10.6112,8.4659,6.9455,-0.0006
6.1231,NMPC,-10.6781,8.4784,6.6105,3.1659,0.014,-10.6712,8.4646,6.9195,0.0026
6.1331,NMPC,-10.7441,8.4775,6.5821,3.1694,0.0145,-10.7312,8.4633,6.8935,0.006
6.1431,NMPC,-10.8098,8.4765,6.5542,3.1727,0.0149,-10.8211,8.4613,6.8542,0.0093
6.153,NMPC,-10.8751,8.4753,6.526,3.1762,0.0152,-10.8811,8.46,6.8279,0.0128
6.162,NMPC,-10.9402,8.4741,6.497,3.1796,0.0154,-10.9411,8.4587,6.8015,0.0162
6.1716,NMPC,-11.0051,8.4726,6.4685,3.1836,0.0153,-11.0011,8.4574,6.775,0.0202
6.1809,NMPC,-11.0696,8.471,6.4403,3.1887,0.0151,-11.0611,8.4561,6.7483,0.0254
6.1905,NMPC,-11.1338,8.4691,6.4129,3.1946,0.0146,-11.1211,8.4548,6.7216,0.0312
6.2002,NMPC,-11.1978,8.467,6.3867,3.2012,0.0139,-11.2111,8.4528,6.6813,0.0379
6.2102,NMPC,-11.2615,8.4646,6.36,3.2083,0.0129,-11.271,8.4515,6.6543,0.045
6.2198,NMPC,-11.3249,8.462,6.3317,3.2161,0.0116,-11.331,8.4502,6.6272,0.0528
6.2294,NMPC,-11.388,8.4591,6.3048,3.2242,0.0101,-11.391,8.4489,6.6,0.0608
6.2409,NMPC,-11.4508,8.4559,6.2785,3.2331,0.0083,-11.451,8.4476,6.5727,0.0697
6.251,NMPC,-11.5134,8.4522,6.2516,3.2435,0.006,-11.511,8.4463,6.5452,0.0801
6.2614,NMPC,-11.5756,8.4482,6.225,3.2547,0.0033,-11.571,8.445,6.5177,0.0913
6.2719,NMPC,-11.6376,8.4437,6.1973,3.267,0.0002,-11.631,8.4437,6.49,0.1037
6.2817,NMPC,-11.6992,8.4388,6.1696,3.2799,0.0034,-11.6909,8.4424,6.4622,0.1166
6.292,NMPC,-11.7605,8.4334,6.142,3.294,0.0075,-11.7509,8.4411,6.4343,0.1307
6.304,NMPC,-11.8215,8.4273,6.1164,3.3098,0.0122,-11.8109,8.4398,6.4062,0.1464
6.3141,NMPC,-11.9427,8.4134,6.0799,3.344,0.0235,-11.9309,8.4372,6.3498,0.1806
6.3242,NMPC,-11.9427,8.4134,6.0799,3.344,0.0235,-11.9309,8.4372,6.3498,0.1806
6.3352,NMPC,-12.0627,8.3968,6.0443,3.381,0.0375,-12.0509,8.4346,6.2929,0.2177
6.3455,NMPC,-12.0627,8.3968,6.0443,3.381,0.0375,-12.0509,8.4346,6.2929,0.2177
6.3555,NMPC,-12.1817,8.3769,6.02,3.4225,0.0548,-12.1708,8.4319,6.2354,0.2592
6.3656,NMPC,-12.1817,8.3769,6.02,3.4225,0.0548,-12.1708,8.4319,6.2354,0.2592
6.3758,NMPC,-12.2995,8.3534,5.9964,3.4686,0.0758,-12.2908,8.4293,6.1774,0.3053
6.3853,NMPC,-12.358,8.3401,5.9887,3.4933,0.0878,-12.3508,8.428,6.1482,0.33
6.3952,NMPC,-12.4161,8.3257,5.9824,3.5192,0.1008,-12.4108,8.4267,6.1188,0.3558
6.4052,NMPC,-12.4161,8.3257,5.9824,3.5192,0.1008,-12.4108,8.4267,6.1188,0.3558
6.4155,NMPC,-12.5312,8.2934,5.9809,3.5762,0.1307,-12.5307,8.4241,6.0597,0.4127
6.4249,NMPC,-12.5312,8.2934,5.9809,3.5762,0.1307,-12.5307,8.4241,6.0597,0.4127
6.4351,NMPC,-12.6448,8.2558,5.9782,3.6385,0.1658,-12.6507,8.4215,6.0,0.4749
6.4454,NMPC,-12.6448,8.2558,5.9782,3.6385,0.1658,-12.6507,8.4215,6.0,0.4749
6.455,NMPC,-12.7563,8.2128,5.9803,3.7043,0.1832,-12.7972,8.3924,6.0299,0.4421
6.4645,NMPC,-12.7563,8.2128,5.9803,3.7043,0.1832,-12.7972,8.3924,6.0299,0.4421
6.4747,NMPC,-12.8655,8.1638,5.9827,3.7747,0.1924,-12.9383,8.3437,6.015,0.3793
6.485,NMPC,-12.8655,8.1638,5.9827,3.7747,0.1924,-12.9383,8.3437,6.015,0.3793
6.495,NMPC,-12.9718,8.1088,5.9886,3.8479,0.1879,-13.0964,8.2588,6.0,0.2834
6.5052,NMPC,-12.9718,8.1088,5.9886,3.8479,0.1879,-13.0964,8.2588,6.0,0.2834
6.5187,NMPC,-13.0748,8.0476,5.9965,3.9222,0.1795,-13.1922,8.1866,6.015,0.2451
6.5283,NMPC,-13.1249,8.0146,6.0003,3.9597,0.1688,-13.2586,8.1265,6.015,0.198
6.5382,NMPC,-13.1739,7.98,6.0039,3.997,0.1575,-13.2987,8.0819,6.0448,0.1789
6.5479,NMPC,-13.2219,7.9439,6.0082,4.0345,0.1476,-13.3388,8.0372,6.015,0.1601
6.5572,NMPC,-13.2687,7.9062,6.0123,4.0718,0.1299,-13.3917,7.9649,6.015,0.1128
6.5932,NMPC,-13.4017,7.7841,6.0278,4.1833,0.0792,-13.4804,7.8087,6.0,0.0553
6.6027,NMPC,-13.4433,7.7404,6.035,4.2198,0.0557,-13.5009,7.7523,6.0299,0.0355
6.6123,NMPC,-13.4834,7.6953,6.0425,4.2561,0.034,-13.5213,7.6959,6.015,0.0154
6.6217,NMPC,-13.5221,7.6488,6.0496,4.292,0.0167,-13.5315,7.6677,6.0,0.0231
6.6313,NMPC,-13.5591,7.601,6.0564,4.3278,0.008,-13.5468,7.61,6.0,0.0026
6.6416,NMPC,-13.5946,7.5519,6.0642,4.363,0.0368,-13.5561,7.5507,6.0299,-0.0186
6.6513,NMPC,-13.6285,7.5016,6.0737,4.3968,0.0635,-13.5654,7.4914,6.015,-0.0412
6.6608,NMPC,-13.6608,7.4501,6.0835,4.4297,0.0885,-13.5741,7.4321,6.0,-0.0646
6.6708,NMPC,-13.6915,7.3975,6.0937,4.4613,0.1155,-13.573,7.4021,6.0,-0.0612
6.6806,NMPC,-13.7205,7.3438,6.1034,4.4911,0.1486,-13.5708,7.3422,6.0299,-0.0878
6.6901,NMPC,-13.7479,7.2892,6.1134,4.5199,0.1793,-13.5686,7.2822,6.015,-0.1153
6.6999,NMPC,-13.7737,7.2337,6.123,4.5471,0.205,-13.5675,7.2522,6.0,-0.1162
6.7094,NMPC,-13.7979,7.1774,6.1316,4.5727,0.2314,-13.5653,7.2224,6.0,-0.1164
6.7182,NMPC,-13.8204,7.1204,6.1396,4.5973,0.2658,-13.5553,7.1632,6.0299,-0.1306
6.7276,NMPC,-13.8414,7.0626,6.1464,4.6205,0.298,-13.5452,7.1041,6.0597,-0.1461
6.7372,NMPC,-13.8608,7.0043,6.1521,4.6422,0.328,-13.5351,7.0449,6.0893,-0.1632
6.747,NMPC,-13.8787,6.9454,6.1569,4.663,0.3531,-13.5278,6.9854,6.1188,-0.1529
6.7565,NMPC,-13.8951,6.886,6.1606,4.6826,0.3755,-13.5216,6.9257,6.1482,-0.1334
6.7663,NMPC,-13.91,6.8263,6.1633,4.7007,0.3966,-13.5154,6.866,6.1774,-0.1153
6.7759,NMPC,-13.9236,6.7661,6.1651,4.718,0.4163,-13.5092,6.8063,6.2064,-0.098
6.7855,NMPC,-13.9358,6.7057,6.1662,4.734,0.4347,-13.503,6.7467,6.2354,-0.0819
6.795,NMPC,-13.9467,6.645,6.1635,4.7483,0.4518,-13.4968,6.687,6.2642,-0.0676
6.8041,NMPC,-13.9467,6.645,6.1635,4.7483,0.4518,-13.4968,6.687,6.2642,-0.0676
6.8136,NMPC,-13.9651,6.5233,6.1468,4.7725,0.4827,-13.4844,6.5676,6.3214,-0.0435
6.8228,NMPC,-13.9651,6.5233,6.1468,4.7725,0.4827,-13.4844,6.5676,6.3214,-0.0435
6.8327,NMPC,-13.9726,6.4623,6.1374,4.7831,0.4964,-13.4782,6.5079,6.3498,-0.0329
6.8424,NMPC,-13.979,6.4013,6.128,4.7932,0.5091,-13.472,6.4483,6.3781,-0.0228
6.8524,NMPC,-13.9843,6.3404,6.1158,4.8023,0.5207,-13.4658,6.3886,6.4062,-0.0136
6.8627,NMPC,-13.9888,6.2794,6.1059,4.81,0.5314,-13.4596,6.3289,6.3812,-0.006
6.8731,NMPC,-13.9923,6.2185,6.0934,4.8168,0.5412,-13.4534,6.2692,6.3529,0.0009
6.8837,NMPC,-13.995,6.1577,6.0833,4.8226,0.5471,-13.4477,6.1795,6.3103,0.0234
6.8934,NMPC,-13.9969,6.0969,6.0769,4.8277,0.5516,-13.4455,6.1195,6.2817,0.0473
6.9039,NMPC,-13.998,6.0362,6.0735,4.8315,0.5552,-13.4433,6.0595,6.253,0.0698
6.9147,NMPC,-13.9984,5.9147,6.0728,4.8344,0.5597,-13.4392,5.9396,6.1951,0.084
6.9309,NMPC,-13.9977,5.854,6.0735,4.8339,0.561,-13.4373,5.8796,6.166,0.0846
6.9413,NMPC,-13.9965,5.7933,6.076,4.8327,0.5618,-13.4353,5.8197,6.1367,0.0844
6.9515,NMPC,-13.9948,5.7325,6.079,4.8302,0.5623,-13.4331,5.7597,6.1073,0.082
6.9611,NMPC,-13.9929,5.6717,6.0819,4.8262,0.5625,-13.431,5.6998,6.0778,0.0779
6.9711,NMPC,-13.9906,5.611,6.0847,4.8212,0.5599,-13.43,5.5799,6.0481,0.0885
6.9815,NMPC,-13.9882,5.5501,6.0889,4.8151,0.5553,-13.433,5.5199,6.0448,0.1062
6.9913,NMPC,-13.9855,5.4893,6.0935,4.8086,0.54,-13.4573,5.3425,6.0299,0.1948
7.0015,NMPC,-13.9827,5.4284,6.0989,4.8013,0.5252,-13.4727,5.2845,6.0597,0.2305
7.0156,NMPC,-13.9768,5.3065,6.1077,4.7859,0.4945,-13.4943,5.1972,6.1041,0.2648
7.0255,NMPC,-13.9738,5.2454,6.1108,4.7779,0.48,-13.5,5.1678,6.1188,0.2568
7.0347,NMPC,-13.9709,5.1844,6.1132,4.7697,0.4655,-13.5114,5.1089,6.1482,0.2486
7.0441,NMPC,-13.9709,5.1844,6.1132,4.7697,0.4655,-13.5114,5.1089,6.1482,0.2486
7.0536,NMPC,-13.9653,5.0622,6.1166,4.7533,0.4368,-13.5342,4.991,6.2064,0.2322
7.0629,NMPC,-13.9653,5.0622,6.1166,4.7533,0.4368,-13.5342,4.991,6.2064,0.2322
7.0727,NMPC,-13.9627,5.0011,6.1158,4.7452,0.4226,-13.5456,4.9321,6.2354,0.2241
7.0824,NMPC,-13.9603,4.94,6.1118,4.737,0.4086,-13.557,4.8732,6.2642,0.2159
7.0921,NMPC,-13.9581,4.879,6.106,4.7289,0.3948,-13.5685,4.8143,6.2929,0.2078
7.1016,NMPC,-13.9561,4.818,6.1014,4.7207,0.3813,-13.5799,4.7554,6.3214,0.1995
7.1115,NMPC,-13.9543,4.757,6.096,4.7126,0.368,-13.5913,4.6965,6.3498,0.1915
7.1211,NMPC,-13.9529,4.6961,6.0917,4.7044,0.3549,-13.6027,4.6376,6.3781,0.1833
7.131,NMPC,-13.9516,4.6352,6.0918,4.6968,0.3421,-13.6141,4.5787,6.364,0.1757
7.1413,NMPC,-13.9506,4.5743,6.0896,4.6903,0.3296,-13.6255,4.5198,6.3356,0.1692
7.1513,NMPC,-13.9499,4.5134,6.0868,4.6845,0.3172,-13.6369,4.4609,6.3071,0.1634
7.1609,NMPC,-13.9493,4.4525,6.0872,4.6795,0.3051,-13.6483,4.402,6.2785,0.1584
7.1711,NMPC,-13.9491,4.3917,6.0878,4.6749,0.2933,-13.6597,4.3431,6.2498,0.1538
7.1835,NMPC,-13.949,4.3308,6.0873,4.6709,0.2817,-13.6711,4.2842,6.2209,0.1498
7.1936,NMPC,-13.9493,4.2699,6.0879,4.6672,0.2704,-13.6825,4.2253,6.1919,0.1461
7.2035,NMPC,-13.9497,4.209,6.0894,4.664,0.2592,-13.694,4.1664,6.1628,0.1429
7.2138,NMPC,-13.9514,4.0872,6.0906,4.6583,0.2377,-13.7168,4.0486,6.1041,0.1371
7.2231,NMPC,-13.9514,4.0872,6.0906,4.6583,0.2377,-13.7168,4.0486,6.1041,0.1371
7.2584,NMPC,-13.9572,3.8436,6.091,4.6523,0.19,-13.7757,3.7855,6.0299,0.1648
7.2675,NMPC,-13.959,3.7828,6.0925,4.6528,0.1728,-13.7946,3.7285,6.0299,0.1988
7.2773,NMPC,-13.9609,3.7218,6.0939,4.6537,0.1557,-13.8135,3.6716,6.0,0.2331
7.2866,NMPC,-13.9629,3.6609,6.0952,4.6552,0.13,-13.8501,3.5896,6.0299,0.2784
7.2957,NMPC,-13.965,3.6,6.0965,4.6568,0.1083,-13.8633,3.5626,6.0448,0.294
7.3045,NMPC,-13.965,3.6,6.0965,4.6568,0.1083,-13.8633,3.5626,6.0448,0.294
7.3147,NMPC,-13.9693,3.4781,6.1019,4.661,0.0602,-13.9141,3.4541,6.0,0.3417
7.3237,NMPC,-13.9693,3.4781,6.1019,4.661,0.0602,-13.9141,3.4541,6.0,0.3417
7.3332,NMPC,-13.9737,3.3561,6.1128,4.6677,0.0317,-13.9461,3.3384,6.0299,0.2816
7.343,NMPC,-13.9737,3.3561,6.1128,4.6677,0.0317,-13.9461,3.3384,6.0299,0.2816
7.3531,NMPC,-13.9757,3.2949,6.1185,4.6722,0.0172,-13.9621,3.2806,6.0,0.2526
7.363,NMPC,-13.9777,3.2338,6.1239,4.6775,0.0137,-13.9667,3.2211,6.015,0.2062
7.3728,NMPC,-13.9796,3.1725,6.1303,4.6831,0.0131,-13.9685,3.1611,6.0448,0.1554
7.383,NMPC,-13.9814,3.1112,6.1364,4.6893,0.0124,-13.9702,3.1011,6.015,0.1053
7.3937,NMPC,-13.983,3.0498,6.1439,4.6955,0.0144,-13.9692,3.0412,6.015,0.0636
7.4036,NMPC,-13.9844,2.9884,6.1511,4.7022,0.0207,-13.964,2.9814,6.0448,0.0356
7.4161,NMPC,-13.9857,2.9268,6.1585,4.7089,0.027,-13.9588,2.9217,6.0745,0.0076
7.4254,NMPC,-13.9875,2.8036,6.171,4.7226,0.0355,-13.952,2.8019,6.1335,-0.0142
7.4361,NMPC,-13.9881,2.7418,6.1755,4.7297,0.0376,-13.9505,2.7419,6.1628,-0.0071
7.4474,NMPC,-13.9885,2.6801,6.1788,4.7367,0.0394,-13.9491,2.682,6.1919,-0.0001
7.4571,NMPC,-13.9885,2.6182,6.1815,4.7439,0.041,-13.9476,2.622,6.2209,0.0071
7.4665,NMPC,-13.9883,2.5564,6.1829,4.7509,0.0423,-13.9461,2.562,6.2498,0.0141
7.4764,NMPC,-13.9878,2.4946,6.182,4.7582,0.0432,-13.9447,2.502,6.2785,0.0214
7.4862,NMPC,-13.9869,2.4328,6.177,4.7653,0.0439,-13.9432,2.442,6.3071,0.0285
7.4955,NMPC,-13.9858,2.3711,6.1729,4.7728,0.0443,-13.9418,2.382,6.3356,0.036
7.5049,NMPC,-13.9858,2.3711,6.1729,4.7728,0.0443,-13.9418,2.382,6.3356,0.036
7.5184,NMPC,-13.9824,2.2479,6.1495,4.7882,0.0439,-13.9388,2.2621,6.3922,0.0514
7.5278,NMPC,-13.9801,2.1865,6.1346,4.7975,0.0431,-13.9374,2.2021,6.4203,0.0607
7.5376,NMPC,-13.9774,2.1253,6.1184,4.8076,0.0419,-13.9352,2.1121,6.4622,0.0708
7.5476,NMPC,-13.9742,2.0643,6.1021,4.819,0.0402,-13.9337,2.0521,6.4761,0.0822
7.5571,NMPC,-13.9704,2.0035,6.0889,4.8321,0.0379,-13.9322,1.9922,6.4483,0.0953
7.5668,NMPC,-13.9661,1.9428,6.0782,4.8462,0.035,-13.9308,1.9322,6.4203,0.1094
7.5766,NMPC,-13.9611,1.8823,6.0602,4.8615,0.0316,-13.9293,1.8722,6.3922,0.1247
7.5862,NMPC,-13.9556,1.822,6.0469,4.8775,0.0275,-13.9278,1.8122,6.364,0.1407
7.5954,NMPC,-13.9494,1.7619,6.0404,4.8945,0.0228,-13.9264,1.7522,6.3356,0.1577
7.605,NMPC,-13.9494,1.7619,6.0404,4.8945,0.0228,-13.9264,1.7522,6.3356,0.1577
7.6151,NMPC,-13.9346,1.6421,6.0339,4.9319,0.0109,-13.9234,1.6323,6.2785,0.1952
7.6246,NMPC,-13.9346,1.6421,6.0339,4.9319,0.0109,-13.9234,1.6323,6.2785,0.1952
7.6344,NMPC,-13.9165,1.5229,6.0233,4.974,0.0043,-13.9205,1.5123,6.2209,0.2372
7.644,NMPC,-13.9165,1.5229,6.0233,4.974,0.0043,-13.9205,1.5123,6.2209,0.2372
7.6544,NMPC,-13.8945,1.4044,6.0236,5.0206,0.0233,-13.9176,1.3923,6.1628,0.2838
7.6637,NMPC,-13.8945,1.4044,6.0236,5.0206,0.0233,-13.9176,1.3923,6.1628,0.2838
7.6735,NMPC,-13.8683,1.2869,6.0238,5.0726,0.0467,-13.9147,1.2724,6.1041,0.3358
7.6868,NMPC,-13.8683,1.2869,6.0238,5.0726,0.0467,-13.9147,1.2724,6.1041,0.3358
7.6965,NMPC,-13.8372,1.1704,6.0257,5.13,0.0749,-13.9125,1.1824,6.0597,0.3932
7.7063,NMPC,-13.8198,1.1128,6.0258,5.1606,0.0909,-13.911,1.1224,6.0299,0.4238
7.7168,NMPC,-13.801,1.0555,6.0259,5.1924,0.1069,-13.9073,1.0326,6.0,0.4495
7.7264,NMPC,-13.7809,0.9987,6.0264,5.2248,0.1157,-13.8952,0.9739,6.0299,0.4389
7.7359,NMPC,-13.7594,0.9424,6.0268,5.258,0.1259,-13.883,0.9151,6.0299,0.429
7.7466,NMPC,-13.7365,0.8867,6.0247,5.2917,0.1375,-13.8709,0.8563,6.0,0.4196
7.7563,NMPC,-13.7122,0.8316,6.025,5.3259,0.1349,-13.8368,0.7734,6.0299,0.3727
7.7659,NMPC,-13.6864,0.7771,6.0245,5.3602,0.1371,-13.8119,0.7188,6.0299,0.3507
7.7753,NMPC,-13.6591,0.7234,6.025,5.3949,0.1355,-13.7712,0.6389,6.0,0.3008
7.7858,NMPC,-13.6591,0.7234,6.025,5.3949,0.1355,-13.7712,0.6389,6.0,0.3008
7.795,NMPC,-13.6001,0.6183,6.0293,5.4643,0.1258,-13.7014,0.5412,6.015,0.2575
7.804,NMPC,-13.6001,0.6183,6.0293,5.4643,0.1258,-13.7014,0.5412,6.015,0.2575
7.8141,NMPC,-13.5347,0.5169,6.0398,5.5356,0.1056,-13.6019,0.4299,6.0299,0.1879
7.8232,NMPC,-13.5347,0.5169,6.0398,5.5356,0.1056,-13.6019,0.4299,6.0299,0.1879
7.8323,NMPC,-13.4997,0.4676,6.0475,5.5715,0.0955,-13.5583,0.3887,6.015,0.1675
7.8416,NMPC,-13.4631,0.4195,6.0549,5.6071,0.0867,-13.5146,0.3475,6.0,0.1467
7.8509,NMPC,-13.425,0.3723,6.0641,5.642,0.0681,-13.464,0.3154,6.015,0.1253
7.8605,NMPC,-13.3854,0.3264,6.0729,5.6757,0.0509,-13.4133,0.2832,6.0299,0.1026
7.8697,NMPC,-13.3443,0.2816,6.0821,5.7088,0.0354,-13.3627,0.2511,6.0,0.0794
7.8794,NMPC,-13.3019,0.238,6.091,5.7411,0.0147,-13.3089,0.225,6.0,0.0553
7.889,NMPC,-13.258,0.1957,6.0984,5.773,0.0089,-13.2531,0.2031,6.0299,0.0309
7.8987,NMPC,-13.2128,0.1547,6.1046,5.8043,0.0307,-13.1972,0.1812,6.015,0.0058
7.9084,NMPC,-13.1663,0.115,6.1094,5.8344,0.0528,-13.1407,0.1614,6.0,-0.0204
7.9179,NMPC,-13.1187,0.0768,6.1131,5.8641,0.0759,-13.1112,0.156,6.015,-0.0189
7.9272,NMPC,-13.0699,0.0399,6.116,5.8933,0.1051,-13.0522,0.1452,6.0448,-0.0461
7.9364,NMPC,-13.02,0.0045,6.1178,5.9223,0.1322,-12.9932,0.1344,6.0745,-0.0734
7.947,NMPC,-12.9691,-0.0294,6.1186,5.9508,0.1582,-12.934,0.1249,6.1041,-0.0931
7.9565,NMPC,-12.9173,-0.0619,6.1172,5.9783,0.182,-12.9041,0.1218,6.1188,-0.0788
7.9663,NMPC,-12.8646,-0.0929,6.1142,6.0056,0.2084,-12.8445,0.1157,6.1482,-0.0779
7.9764,NMPC,-12.811,-0.1224,6.1139,6.0322,0.233,-12.7848,0.1095,6.1774,-0.0777
7.9862,NMPC,-12.7567,-0.1504,6.1149,6.0585,0.2545,-12.7252,0.1023,6.2064,-0.0683
7.9954,NMPC,-12.7015,-0.1769,6.1169,6.0837,0.2721,-12.666,0.0929,6.2354,-0.0431
8.0044,NMPC,-12.7015,-0.1769,6.1169,6.0837,0.2721,-12.666,0.0929,6.2354,-0.0431
8.0185,NMPC,-12.5893,-0.2255,6.1206,6.1304,0.3026,-12.5474,0.0742,6.2785,0.0036
8.0291,NMPC,-12.5322,-0.2477,6.123,6.1521,0.3156,-12.4882,0.0649,6.2498,0.0253
8.039,NMPC,-12.4745,-0.2683,6.126,6.1733,0.327,-12.4289,0.0555,6.2209,0.0465
8.0494,NMPC,-12.4164,-0.2876,6.1296,6.1933,0.3369,-12.3696,0.0462,6.1919,0.0665
8.059,NMPC,-12.3577,-0.3055,6.1331,6.2118,0.3455,-12.3104,0.0368,6.1628,0.085
8.0688,NMPC,-12.2986,-0.322,6.1365,6.2293,0.3526,-12.2511,0.0275,6.1335,0.1025
8.0818,NMPC,-12.2392,-0.3372,6.1415,6.2457,0.3584,-12.1918,0.0181,6.1041,0.1189
8.0916,NMPC,-12.1793,-0.3511,6.1459,6.2614,0.3629,-12.1326,0.0089,6.0745,0.1342
8.1015,NMPC,-12.1192,-0.3638,6.1494,6.2761,0.3663,-12.0733,-0.0003,6.0448,0.1478
8.1122,NMPC,-12.0587,-0.3753,6.1517,6.2895,0.3684,-12.014,-0.0094,6.015,0.16
8.122,NMPC,-11.9981,-0.3856,6.1526,6.3021,0.3694,-11.9547,-0.0186,6.0,0.1715
8.1314,NMPC,-11.9373,-0.3948,6.1517,6.314,0.3692,-11.9547,-0.0186,6.0,0.1834
8.1407,NMPC,-11.8763,-0.4029,6.1464,6.3257,0.3769,-11.9248,-0.0166,6.0,0.171
8.1506,NMPC,-11.8153,-0.41,6.1375,6.337,0.394,-11.8651,-0.0111,6.0299,0.128
8.1606,NMPC,-11.7543,-0.4161,6.1278,6.3474,0.4093,-11.8053,-0.0056,6.0597,0.0842
8.1698,NMPC,-11.6933,-0.4212,6.1183,6.3573,0.4226,-11.7456,-0.0001,6.0893,0.0415
8.1802,NMPC,-11.6323,-0.4254,6.1097,6.3666,0.4342,-11.686,0.0067,6.1188,0.0367
8.19,NMPC,-11.5713,-0.4288,6.0983,6.3757,0.4448,-11.6263,0.0135,6.1482,0.0317
8.1992,NMPC,-11.5105,-0.4313,6.0845,6.3841,0.4545,-11.5667,0.0203,6.1774,0.0261
8.2086,NMPC,-11.4497,-0.433,6.0755,6.3912,0.462,-11.4771,0.0283,6.2209,0.0279
8.2218,NMPC,-11.389,-0.434,6.0711,6.3975,0.4679,-11.4173,0.0331,6.2498,0.0341
8.2313,NMPC,-11.3283,-0.4344,6.0694,6.4025,0.4731,-11.3575,0.0379,6.2785,0.0392
8.2406,NMPC,-11.2676,-0.434,6.0667,6.4068,0.4776,-11.2977,0.0427,6.2642,0.0435
8.2502,NMPC,-11.207,-0.4331,6.0599,6.41,0.4816,-11.2379,0.0475,6.2354,0.0467
8.2592,NMPC,-11.1464,-0.4317,6.0497,6.4118,0.485,-11.1781,0.0523,6.2064,0.0485
8.2684,NMPC,-11.086,-0.4298,6.0439,6.4127,0.4879,-11.1182,0.0571,6.1774,0.0494
8.2783,NMPC,-11.0256,-0.4274,6.0405,6.4126,0.4904,-11.0584,0.0619,6.1482,0.0493
8.2878,NMPC,-10.9653,-0.4246,6.0408,6.4118,0.4924,-10.9986,0.0667,6.1188,0.0485
8.2975,NMPC,-10.9049,-0.4215,6.0421,6.4102,0.4941,-10.9388,0.0715,6.0893,0.0469
8.307,NMPC,-10.8446,-0.418,6.0443,6.4081,0.4947,-10.879,0.0756,6.0597,0.0488
8.3169,NMPC,-10.7843,-0.4142,6.0467,6.4052,0.495,-10.8191,0.0796,6.0299,0.0504
8.3259,NMPC,-10.7239,-0.4103,6.0482,6.4009,0.4879,-10.6696,0.0797,6.015,0.0837
8.3351,NMPC,-10.6636,-0.4062,6.0492,6.3959,0.4796,-10.6099,0.0735,6.0448,0.1104
8.3441,NMPC,-10.6636,-0.4062,6.0492,6.3959,0.4796,-10.6099,0.0735,6.0448,0.1104
8.3535,NMPC,-10.5429,-0.3978,6.049,6.3837,0.4627,-10.5204,0.0644,6.0893,0.1443
8.3627,NMPC,-10.5429,-0.3978,6.049,6.3837,0.4627,-10.5204,0.0644,6.0893,0.1443
8.3719,NMPC,-10.4825,-0.3936,6.0499,6.3768,0.4558,-10.4605,0.0617,6.0597,0.1374
8.3813,NMPC,-10.4222,-0.3893,6.0551,6.37,0.4489,-10.4005,0.0591,6.0299,0.1307
8.3916,NMPC,-10.3617,-0.3849,6.0611,6.364,0.4317,-10.2528,0.038,6.0299,0.1819
8.4014,NMPC,-10.3013,-0.3806,6.0668,6.3584,0.4153,-10.1946,0.0234,6.0597,0.2235
8.4113,NMPC,-10.2407,-0.3763,6.0708,6.3534,0.3979,-10.1364,0.0087,6.0893,0.2657
8.4213,NMPC,-10.1801,-0.372,6.0745,6.3487,0.3796,-10.0781,-0.0055,6.1188,0.2745
8.431,NMPC,-10.1195,-0.3678,6.0775,6.3445,0.3613,-10.0198,-0.0198,6.1482,0.2761
8.4416,NMPC,-10.0589,-0.3637,6.0798,6.3404,0.3436,-9.9907,-0.0269,6.1335,0.2749
8.451,NMPC,-9.9982,-0.3596,6.0837,6.3368,0.3252,-9.9324,-0.0411,6.1041,0.2771
8.4603,NMPC,-9.9375,-0.3557,6.0885,6.3333,0.3078,-9.8739,-0.0545,6.0745,0.2742
8.4694,NMPC,-9.8767,-0.3519,6.0941,6.3301,0.2905,-9.8154,-0.0678,6.0448,0.271
8.4787,NMPC,-9.8158,-0.3482,6.1005,6.327,0.2734,-9.7569,-0.0812,6.015,0.2679
8.488,NMPC,-9.7549,-0.3446,6.1083,6.3242,0.2569,-9.7276,-0.0874,6.0,0.263
8.4975,NMPC,-9.6939,-0.3411,6.1156,6.3214,0.2485,-9.6679,-0.0931,6.0299,0.2272
8.5071,NMPC,-9.6327,-0.3378,6.1237,6.3189,0.2399,-9.6081,-0.0989,6.0597,0.1918
8.5222,NMPC,-9.5716,-0.3346,6.1323,6.3163,0.2311,-9.5484,-0.1046,6.0893,0.1562
8.5315,NMPC,-9.5103,-0.3316,6.1416,6.314,0.2224,-9.4887,-0.1102,6.1188,0.1406
8.5411,NMPC,-9.4489,-0.3286,6.1514,6.3117,0.2139,-9.4289,-0.1156,6.1482,0.1347
8.551,NMPC,-9.3874,-0.3258,6.1607,6.3098,0.2055,-9.3692,-0.1211,6.1188,0.1294
8.5603,NMPC,-9.3258,-0.323,6.1706,6.3091,0.197,-9.3094,-0.1266,6.0893,0.126
8.5698,NMPC,-9.2641,-0.3203,6.181,6.3088,0.1882,-9.2497,-0.1326,6.0597,0.1258
8.5798,NMPC,-9.2023,-0.3176,6.1919,6.3094,0.1793,-9.19,-0.1386,6.0299,0.1263
8.5896,NMPC,-9.1403,-0.315,6.2032,6.3103,0.1705,-9.1303,-0.1446,6.0,0.1272
8.5997,NMPC,-9.0783,-0.3124,6.2154,6.3117,0.1666,-9.0704,-0.1459,6.0299,0.1105
8.6094,NMPC,-9.0161,-0.3098,6.2276,6.3133,0.1632,-9.0104,-0.1467,6.0597,0.0922
8.6189,NMPC,-8.9539,-0.3073,6.2397,6.3153,0.1597,-8.9504,-0.1475,6.0893,0.0743
8.6288,NMPC,-8.8915,-0.3047,6.2519,6.3173,0.1557,-8.8904,-0.1489,6.1188,0.0666
8.6382,NMPC,-8.8289,-0.3021,6.264,6.3197,0.1511,-8.8304,-0.1508,6.1482,0.0689
8.6481,NMPC,-8.7663,-0.2995,6.2761,6.3216,0.1465,-8.7705,-0.1528,6.1774,0.0709
8.6576,NMPC,-8.7035,-0.297,6.2881,6.3227,0.142,-8.7105,-0.1547,6.2064,0.0719
8.6666,NMPC,-8.6406,-0.2945,6.3006,6.3233,0.1375,-8.6505,-0.1567,6.2354,0.0725
8.6761,NMPC,-8.5776,-0.2921,6.313,6.3232,0.133,-8.5606,-0.1596,6.2785,0.0724
8.6853,NMPC,-8.5145,-0.2897,6.3254,6.3228,0.1285,-8.5006,-0.1615,6.3071,0.0721
8.6941,NMPC,-8.4512,-0.2873,6.3377,6.3219,0.1241,-8.4406,-0.1635,6.3356,0.0711
8.7029,NMPC,-8.4512,-0.2873,6.3377,6.3219,0.1241,-8.4406,-0.1635,6.3356,0.0711
8.7126,NMPC,-8.3878,-0.2849,6.3499,6.3208,0.1196,-8.3807,-0.1654,6.364,0.0701
8.7217,NMPC,-8.3243,-0.2826,6.3634,6.3194,0.1152,-8.3207,-0.1674,6.3922,0.0686
8.7308,NMPC,-8.2606,-0.2803,6.3776,6.3178,0.1109,-8.2607,-0.1693,6.4203,0.0671
8.7402,NMPC,-8.1968,-0.278,6.3916,6.316,0.1066,-8.2008,-0.1713,6.4483,0.0652
8.7497,NMPC,-8.1329,-0.2758,6.4054,6.3142,0.1023,-8.1408,-0.1732,6.4761,0.0634
8.7601,NMPC,-8.0688,-0.2736,6.4185,6.3121,0.098,-8.0508,-0.1761,6.5177,0.0613
8.7692,NMPC,-8.0046,-0.2715,6.4315,6.3101,0.0939,-7.9909,-0.1781,6.5452,0.0593
8.7831,NMPC,-7.9402,-0.2695,6.444,6.3079,0.0897,-7.9309,-0.18,6.5727,0.0571
8.7928,NMPC,-7.8757,-0.2675,6.4554,6.3058,0.0857,-7.8709,-0.182,6.6,0.055
8.802,NMPC,-7.8112,-0.2657,6.4654,6.3035,0.0817,-7.811,-0.1839,6.6272,0.0527
8.812,NMPC,-7.7465,-0.2638,6.4738,6.3013,0.0778,-7.751,-0.1858,6.6543,0.0506
8.8215,NMPC,-7.6817,-0.2621,6.481,6.299,0.074,-7.691,-0.1878,6.6813,0.0482
8.8308,NMPC,-7.6169,-0.2605,6.4869,6.2968,0.0703,-7.6011,-0.1907,6.7216,0.046
8.8408,NMPC,-7.552,-0.259,6.4914,6.2944,0.0666,-7.5411,-0.1927,6.7483,0.0436
8.8505,NMPC,-7.4871,-0.2575,6.4949,6.2921,0.0631,-7.4811,-0.1946,6.775,0.0414
8.8601,NMPC,-7.4222,-0.2562,6.4971,6.2897,0.0597,-7.4212,-0.1965,6.8015,0.0389
8.8694,NMPC,-7.3572,-0.255,6.4982,6.2874,0.0564,-7.3612,-0.1985,6.8279,0.0366
8.8792,NMPC,-7.2922,-0.2539,6.4983,6.2849,0.0532,-7.3012,-0.2004,6.8542,0.0342
8.889,NMPC,-7.2273,-0.2529,6.4953,6.2826,0.0501,-7.2113,-0.2033,6.8935,0.0318
8.8983,NMPC,-7.1624,-0.2521,6.4896,6.28,0.0471,-7.1513,-0.2053,6.9195,0.0293
8.9078,NMPC,-7.0975,-0.2514,6.4827,6.2776,0.0443,-7.0913,-0.2072,6.9455,0.0269
8.9174,NMPC,-7.0327,-0.2508,6.4746,6.275,0.0416,-7.0314,-0.2092,6.9325,0.0242
8.9271,NMPC,-6.968,-0.2503,6.4657,6.2725,0.039,-6.9714,-0.2111,6.9065,0.0217
8.9389,NMPC,-6.9034,-0.2499,6.4559,6.2698,0.0366,-6.9114,-0.2131,6.8804,0.019
8.9532,NMPC,-6.8389,-0.2497,6.4466,6.2672,0.0343,-6.8515,-0.215,6.8542,0.0164
8.9949,NMPC,-6.5819,-0.2499,6.3998,6.2602,0.0262,-6.5816,-0.2238,6.735,0.0094
9.0042,NMPC,-6.518,-0.2501,6.3877,6.2603,0.0243,-6.5216,-0.2257,6.7082,0.0095
9.0175,NMPC,-6.3904,-0.2507,6.37,6.2617,0.0207,-6.4017,-0.2296,6.6543,0.011
9.0266,NMPC,-6.3268,-0.2511,6.3636,6.263,0.019,-6.3117,-0.2325,6.6136,0.0122
9.0359,NMPC,-6.2632,-0.2515,6.3546,6.2647,0.0174,-6.2518,-0.2345,6.5863,0.0139
9.0456,NMPC,-6.1997,-0.2519,6.3371,6.2664,0.0157,-6.1918,-0.2364,6.559,0.0157
9.0549,NMPC,-6.1364,-0.2523,6.3202,6.2686,0.0141,-6.1318,-0.2383,6.5315,0.0178
9.0639,NMPC,-6.1364,-0.2523,6.3202,6.2686,0.0141,-6.1318,-0.2383,6.5315,0.0178
9.0734,NMPC,-6.0104,-0.2531,6.2852,6.2732,0.0108,-6.0119,-0.2422,6.4761,0.0224
9.0829,NMPC,-6.0104,-0.2531,6.2852,6.2732,0.0108,-6.0119,-0.2422,6.4761,0.0224
9.0925,NMPC,-5.9476,-0.2535,6.2685,6.2755,0.0092,-5.9519,-0.2442,6.4483,0.0248
9.1018,NMPC,-5.8849,-0.2538,6.2586,6.2782,0.0075,-5.892,-0.2461,6.4203,0.0274
9.1115,NMPC,-5.8224,-0.2542,6.2542,6.2807,0.0058,-5.832,-0.2481,6.3922,0.0299
9.1212,NMPC,-5.7599,-0.2544,6.2506,6.2834,0.004,-5.772,-0.25,6.364,0.0327
9.1308,NMPC,-5.6974,-0.2546,6.2505,6.286,0.0022,-5.7121,-0.252,6.3356,0.0353
9.1404,NMPC,-5.6349,-0.2547,6.2505,6.2888,0.0002,-5.6221,-0.2549,6.2929,0.038
9.1499,NMPC,-5.5723,-0.2547,6.2514,6.2913,0.0017,-5.5621,-0.2568,6.2642,0.0406
9.16,NMPC,-5.5098,-0.2547,6.2532,6.2941,0.0038,-5.5022,-0.2588,6.2354,0.0433
9.1693,NMPC,-5.4473,-0.2546,6.2558,6.2966,0.006,-5.4422,-0.2607,6.2064,0.0458
9.1793,NMPC,-5.3847,-0.2543,6.2593,6.2992,0.0083,-5.3822,-0.2627,6.1774,0.0485
9.189,NMPC,-5.3221,-0.254,6.2635,6.3017,0.0106,-5.3223,-0.2646,6.1482,0.0509
9.1987,NMPC,-5.2594,-0.2535,6.2696,6.3043,0.0131,-5.2623,-0.2665,6.1188,0.0535
9.2084,NMPC,-5.1967,-0.253,6.2763,6.3066,0.0157,-5.2023,-0.2685,6.0893,0.0559
9.2184,NMPC,-5.1339,-0.2523,6.2836,6.3091,0.0184,-5.1424,-0.2704,6.0597,0.0584
9.2282,NMPC,-5.071,-0.2515,6.2916,6.3114,0.0212,-5.0824,-0.2724,6.0299,0.0606
9.2374,NMPC,-5.0081,-0.2506,6.3001,6.3138,0.0216,-4.9925,-0.2722,6.015,0.0306
9.247,NMPC,-4.945,-0.2496,6.3092,6.316,0.0194,-4.9326,-0.2689,6.0448,0.0328
9.2565,NMPC,-4.8819,-0.2484,6.3188,6.3183,0.0173,-4.8727,-0.2657,6.0745,0.0351
9.2658,NMPC,-4.8187,-0.2471,6.3289,6.3204,0.0153,-4.8127,-0.2624,6.1041,0.0372
9.2751,NMPC,-4.7554,-0.2457,6.3394,6.3227,0.0135,-4.7528,-0.2591,6.1335,0.0395
9.2842,NMPC,-4.7554,-0.2457,6.3394,6.3227,0.0135,-4.7528,-0.2591,6.1335,0.0395
9.2937,NMPC,-4.6284,-0.2425,6.3648,6.3268,0.0101,-4.633,-0.2526,6.1919,0.0437
9.3031,NMPC,-4.6284,-0.2425,6.3648,6.3268,0.0101,-4.633,-0.2526,6.1919,0.0437
9.3133,NMPC,-4.5647,-0.2407,6.3795,6.3288,0.0087,-4.5731,-0.2493,6.2209,0.0456
9.3227,NMPC,-4.5008,-0.2387,6.3944,6.3308,0.0073,-4.5132,-0.2461,6.2498,0.0477
9.332,NMPC,-4.4369,-0.2367,6.4095,6.3327,0.0045,-4.4233,-0.2412,6.2929,0.0495
9.3417,NMPC,-4.3727,-0.2345,6.4239,6.3347,0.0034,-4.3634,-0.2379,6.3214,0.0515
9.3515,NMPC,-4.3084,-0.2322,6.4395,6.3362,0.0025,-4.3035,-0.2346,6.3498,0.0531
9.3614,NMPC,-4.244,-0.2298,6.4543,6.3368,0.0016,-4.2436,-0.2314,6.3781,0.0536
9.3707,NMPC,-4.1794,-0.2274,6.47,6.3368,0.0007,-4.1837,-0.2281,6.4062,0.0536
9.3805,NMPC,-4.1147,-0.225,6.4858,6.3361,0.0001,-4.1238,-0.2248,6.4343,0.0529
9.3899,NMPC,-4.0498,-0.2224,6.5029,6.3351,0.0009,-4.0639,-0.2216,6.4622,0.0519
9.3993,NMPC,-3.9848,-0.2199,6.52,6.3335,0.0032,-3.974,-0.2167,6.5038,0.0503
9.4086,NMPC,-3.9195,-0.2173,6.5373,6.3318,0.0039,-3.9141,-0.2134,6.5315,0.0486
9.418,NMPC,-3.8541,-0.2148,6.5556,6.3297,0.0046,-3.8542,-0.2101,6.559,0.0465
9.4274,NMPC,-3.7885,-0.2122,6.5739,6.3276,0.0053,-3.7943,-0.2069,6.5863,0.0444
9.4365,NMPC,-3.7227,-0.2096,6.5923,6.3252,0.006,-3.7343,-0.2036,6.6136,0.042
9.4459,NMPC,-3.6568,-0.2071,6.6106,6.3229,0.0084,-3.6445,-0.1987,6.6543,0.0397
9.4552,NMPC,-3.5906,-0.2045,6.63,6.3204,0.0091,-3.5846,-0.1954,6.6813,0.0372
9.4641,NMPC,-3.5906,-0.2045,6.63,6.3204,0.0091,-3.5846,-0.1954,6.6813,0.0372
9.4739,NMPC,-3.4577,-0.1996,6.6698,6.3154,0.0107,-3.4647,-0.1889,6.735,0.0322
9.4834,NMPC,-3.4577,-0.1996,6.6698,6.3154,0.0107,-3.4647,-0.1889,6.735,0.0322
9.4928,NMPC,-3.3909,-0.1972,6.6905,6.3133,0.0116,-3.4048,-0.1856,6.7617,0.0301
9.5021,NMPC,-3.324,-0.1948,6.713,6.3121,0.014,-3.315,-0.1807,6.8015,0.0289
9.5159,NMPC,-3.1894,-0.1899,6.7566,6.3117,0.0157,-3.1951,-0.1742,6.8542,0.0285
9.5252,NMPC,-3.1217,-0.1874,6.7785,6.3121,0.0165,-3.1352,-0.1709,6.8804,0.029
9.535,NMPC,-3.0539,-0.185,6.7993,6.3132,0.0189,-3.0454,-0.166,6.9195,0.03
9.5443,NMPC,-3.0539,-0.185,6.7993,6.3132,0.0189,-3.0454,-0.166,6.9195,0.03
9.553,NMPC,-2.9176,-0.18,6.8429,6.3161,0.0205,-2.9255,-0.1595,6.9714,0.0329
9.5612,NMPC,-2.9176,-0.18,6.8429,6.3161,0.0205,-2.9255,-0.1595,6.9714,0.0329
9.5702,NMPC,-2.849,-0.1775,6.8666,6.3178,0.0229,-2.8357,-0.1546,7.01,0.0346
9.5793,NMPC,-2.7803,-0.175,6.89,6.3198,0.0236,-2.7758,-0.1513,7.0356,0.0367
9.5891,NMPC,-2.7113,-0.1724,6.9141,6.3219,0.0243,-2.7159,-0.1481,7.0612,0.0387
9.5983,NMPC,-2.6421,-0.1697,6.937,6.3241,0.0249,-2.6559,-0.1448,7.0866,0.0409
9.6076,NMPC,-2.5727,-0.167,6.961,6.3263,0.0271,-2.5661,-0.1399,7.1246,0.0431
9.6174,NMPC,-2.503,-0.1642,6.984,6.3286,0.0276,-2.5062,-0.1366,7.1498,0.0455
9.6267,NMPC,-2.4331,-0.1614,7.0069,6.3309,0.028,-2.4463,-0.1334,7.175,0.0477
9.636,NMPC,-2.363,-0.1584,7.0299,6.3332,0.0299,-2.3564,-0.1285,7.2125,0.05
9.6455,NMPC,-2.2927,-0.1554,7.0488,6.3355,0.0302,-2.2965,-0.1252,7.2374,0.0523
9.655,NMPC,-2.2222,-0.1522,7.0676,6.3378,0.0303,-2.2366,-0.1219,7.2622,0.0546
9.664,NMPC,-2.2222,-0.1522,7.0676,6.3378,0.0303,-2.2366,-0.1219,7.2622,0.0546
9.6733,NMPC,-2.0806,-0.1457,7.1081,6.3424,0.0319,-2.0868,-0.1138,7.3239,0.0592
9.683,NMPC,-2.0806,-0.1457,7.1081,6.3424,0.0319,-2.0868,-0.1138,7.3239,0.0592
9.6925,NMPC,-2.0095,-0.1423,7.1297,6.3442,0.0334,-1.9969,-0.1089,7.3607,0.061
9.7019,NMPC,-1.9381,-0.1388,7.151,6.3451,0.0332,-1.937,-0.1056,7.3851,0.0619
9.7114,NMPC,-1.8666,-0.1353,7.1729,6.3454,0.033,-1.8771,-0.1023,7.4095,0.0622
9.726,NMPC,-1.7949,-0.1318,7.1938,6.345,0.0343,-1.7872,-0.0974,7.4458,0.0618
9.736,NMPC,-1.6507,-0.1246,7.2373,6.3428,0.0337,-1.6674,-0.0909,7.494,0.0596
9.7459,NMPC,-1.5783,-0.1209,7.2599,6.3413,0.0349,-1.5775,-0.086,7.5299,0.0581
9.7561,NMPC,-1.5057,-0.1173,7.282,6.3393,0.0346,-1.5176,-0.0827,7.5538,0.0561
9.7661,NMPC,-1.4329,-0.1137,7.3038,6.3372,0.0358,-1.4278,-0.0778,7.5895,0.0541
9.7761,NMPC,-1.3598,-0.11,7.3262,6.3349,0.0354,-1.3679,-0.0746,7.6131,0.0517
9.7864,NMPC,-1.2865,-0.1064,7.3499,6.3326,0.0367,-1.278,-0.0697,7.6485,0.0494
9.7966,NMPC,-1.213,-0.1028,7.374,6.33,0.0364,-1.2181,-0.0664,7.672,0.0469
9.8065,NMPC,-1.1392,-0.0993,7.3982,6.3276,0.0377,-1.1282,-0.0615,7.7071,0.0444
9.8168,NMPC,-1.0653,-0.0958,7.4046,6.325,0.0375,-1.0683,-0.0582,7.7305,0.0418
9.8273,NMPC,-0.9913,-0.0923,7.4115,6.3224,0.039,-0.9784,-0.0533,7.7653,0.0392
9.8377,NMPC,-0.9172,-0.089,7.4197,6.3197,0.0389,-0.9185,-0.0501,7.7885,0.0365
9.8494,NMPC,-0.843,-0.0857,7.4291,6.3171,0.0389,-0.8586,-0.0468,7.8115,0.0339
9.8606,NMPC,-0.7688,-0.0825,7.4398,6.3144,0.0406,-0.7687,-0.0419,7.846,0.0312
9.9,NMPC,-0.4705,-0.0707,7.4835,6.3039,0.0452,-0.4692,-0.0256,7.9599,0.0207
9.9174,NMPC,-0.3957,-0.0681,7.4955,6.3015,0.0458,-0.4093,-0.0223,7.9825,0.0183
9.9306,NMPC,-0.2456,-0.0632,7.518,6.2965,0.049,-0.2595,-0.0141,8.0387,0.0134
9.9411,NMPC,-0.1704,-0.0609,7.53,6.2941,0.0516,-0.1696,-0.0092,8.0722,0.0109
9.9566,NMPC,-0.0951,-0.0587,7.5414,6.2918,0.0528,-0.1097,-0.006,8.0944,0.0086
9.9695,NMPC,0.056,-0.0549,7.571,6.2873,0.0549,0.06,0.0,7.4867,0.0042
9.9888,NMPC,0.1317,-0.0531,7.5854,6.2859,0.0531,0.12,0.0,7.5107,0.0027
10.0014,NMPC,0.2837,-0.0497,7.6179,6.2856,0.0497,0.27,0.0,7.5704,0.0024
10.0158,NMPC,0.4364,-0.0465,7.6486,6.2876,0.0465,0.45,0.0,7.6414,0.0044
10.0267,NMPC,0.5129,-0.045,7.6642,6.2893,0.045,0.51,0.0,7.6649,0.0062
10.0369,NMPC,0.5896,-0.0435,7.679,6.2913,0.0435,0.6,0.0,7.7,0.0081
10.0474,NMPC,0.6665,-0.042,7.6938,6.2936,0.042,0.66,0.0,7.7234,0.0104
10.0583,NMPC,0.7435,-0.0406,7.7091,6.296,0.0406,0.75,0.0,7.7583,0.0128
10.0689,NMPC,0.8206,-0.0391,7.7256,6.2987,0.0391,0.81,0.0,7.7814,0.0155
10.0794,NMPC,0.8979,-0.0376,7.7423,6.3013,0.0376,0.9,0.0,7.8161,0.0182
10.0907,NMPC,0.9754,-0.036,7.7582,6.3042,0.036,0.99,0.0,7.8505,0.0211
10.1007,NMPC,1.0531,-0.0344,7.7743,6.307,0.0344,1.05,0.0,7.8734,0.0238
10.1111,NMPC,1.1309,-0.0328,7.7898,6.31,0.0328,1.14,0.0,7.9076,0.0268
10.122,NMPC,1.2088,-0.0311,7.8055,6.3125,0.0311,1.2,0.0,7.9304,0.0293
10.132,NMPC,1.287,-0.0294,7.821,6.314,0.0294,1.29,0.0,7.9643,0.0308
10.1419,NMPC,1.3652,-0.0277,7.8368,6.3149,0.0277,1.38,0.0,7.9982,0.0317
10.1523,NMPC,1.4437,-0.0259,7.8527,6.315,0.0259,1.44,0.0,8.0206,0.0318
10.1617,NMPC,1.5222,-0.0242,7.8681,6.3147,0.0242,1.53,0.0,8.0542,0.0315
10.1716,NMPC,1.601,-0.0224,7.8835,6.3138,0.0224,1.59,0.0,8.0766,0.0306
10.1818,NMPC,1.6799,-0.0206,7.8973,6.3127,0.0206,1.68,0.0,8.1099,0.0295
10.1914,NMPC,1.7589,-0.0189,7.9095,6.311,0.0189,1.77,0.0,8.1431,0.0278
10.2007,NMPC,1.838,-0.0171,7.9203,6.3092,0.0171,1.83,0.0,8.1652,0.026
10.2105,NMPC,1.9172,-0.0154,7.9296,6.307,0.0154,1.92,0.0,8.1982,0.0239
10.2204,NMPC,1.9966,-0.0137,7.9375,6.3048,0.0137,2.01,0.0,8.2311,0.0217
10.2299,NMPC,2.0759,-0.012,7.9444,6.3023,0.012,2.07,0.0,8.2529,0.0191
10.2392,NMPC,2.1554,-0.0104,7.9501,6.2999,0.0104,2.16,0.0,8.2856,0.0167
10.249,NMPC,2.2349,-0.0088,7.9546,6.2971,0.0088,2.22,0.0,8.3073,0.0139
10.2589,NMPC,2.3145,-0.0073,7.9578,6.2945,0.0073,2.31,0.0,8.3397,0.0113
10.2684,NMPC,2.394,-0.0059,7.9598,6.2916,0.0059,2.4,0.0,8.372,0.0084
10.2778,NMPC,2.4736,-0.0046,7.9608,6.2888,0.0046,2.46,0.0,8.3935,0.0056
10.2883,NMPC,2.5532,-0.0033,7.9601,6.2858,0.0033,2.55,0.0,8.4256,0.0026
10.298,NMPC,2.6328,-0.0022,7.9561,6.2829,0.0022,2.64,0.0,8.4576,-0.0002
10.3071,NMPC,2.7123,-0.0012,7.9483,6.2798,0.0012,2.7,0.0,8.4534,-0.0033
10.317,NMPC,2.7917,-0.0003,7.9379,6.2769,0.0003,2.79,0.0,8.4214,-0.0063
10.3264,NMPC,2.871,0.0004,7.9254,6.2736,0.0004,2.88,0.0,8.3893,-0.0096
10.3364,NMPC,2.9502,0.0011,7.9105,6.2705,0.0011,2.94,0.0,8.3678,-0.0127
10.3454,NMPC,3.0292,0.0015,7.8944,6.2671,0.0015,3.03,0.0,8.3355,-0.0161
10.3551,NMPC,3.1081,0.0019,7.8866,6.2642,0.0019,3.12,0.0,8.303,-0.019
10.3638,NMPC,3.1081,0.0019,7.8866,6.2642,0.0019,3.12,0.0,8.303,-0.019
10.3726,NMPC,3.187,0.0022,7.8742,6.2624,0.0022,3.18,0.0,8.2813,-0.0208
10.3815,NMPC,3.2656,0.0023,7.858,6.2611,0.0023,3.27,0.0,8.2486,-0.022
10.391,NMPC,3.3441,0.0025,7.8409,6.2607,0.0025,3.33,0.0,8.2268,-0.0224
10.3998,NMPC,3.4224,0.0025,7.8208,6.2607,0.0025,3.42,0.0,8.1939,-0.0225
10.4087,NMPC,3.5005,0.0025,7.7984,6.2614,0.0025,3.51,0.0,8.1609,-0.0218
10.4187,NMPC,3.5784,0.0024,7.7803,6.2622,0.0024,3.57,0.0,8.1388,-0.021
10.4276,NMPC,3.6561,0.0022,7.7614,6.2636,0.0022,3.66,0.0,8.1056,-0.0195
10.4364,NMPC,3.7336,0.002,7.74,6.2652,0.002,3.72,0.0,8.0833,-0.018
10.4452,NMPC,3.8109,0.0018,7.7185,6.2672,0.0018,3.81,0.0,8.0498,-0.016
10.4549,NMPC,3.888,0.0015,7.6948,6.2693,0.0015,3.9,0.0,8.0162,-0.0139
10.4635,NMPC,3.888,0.0015,7.6948,6.2693,0.0015,3.9,0.0,8.0162,-0.0139
10.4724,NMPC,3.9648,0.0013,7.6693,6.2717,0.0013,3.96,0.0,7.9937,-0.0115
10.4813,NMPC,4.0414,0.001,7.6445,6.2742,0.001,4.05,0.0,7.9599,-0.009
10.4909,NMPC,4.1177,0.0008,7.6138,6.277,0.0008,4.11,0.0,7.9373,-0.0062
10.4999,NMPC,4.1936,0.0005,7.5826,6.2797,0.0005,4.2,0.0,7.9032,-0.0035
10.5121,NMPC,4.2693,0.0004,7.551,6.2828,0.0004,4.26,0.0,7.8804,-0.0003
10.5239,NMPC,4.3447,0.0002,7.5254,6.2859,0.0002,4.35,0.0,7.846,0.0027
10.533,NMPC,4.4947,0.0002,7.4736,6.2925,0.0002,4.5,0.0,7.7885,0.0093
10.5417,NMPC,4.4947,0.0002,7.4736,6.2925,0.0002,4.5,0.0,7.7885,0.0093
10.5743,NMPC,4.7915,0.0012,7.3655,6.3063,0.0012,4.8,0.0,7.672,0.0231
10.5832,NMPC,4.7915,0.0012,7.3655,6.3063,0.0012,4.8,0.0,7.672,0.0231
10.5926,NMPC,4.865,0.0016,7.3318,6.3084,0.0016,4.86,0.0,7.6485,0.0252
10.6017,NMPC,4.9382,0.0021,7.3046,6.31,0.0021,4.95,0.0,7.6131,0.0268
10.6108,NMPC,5.0111,0.0026,7.2825,6.3107,0.0026,5.01,0.0,7.5895,0.0275
10.6202,NMPC,5.0838,0.0032,7.2646,6.3109,0.0032,5.07,0.0,7.5657,0.0277
10.6294,NMPC,5.1563,0.0038,7.228,6.3105,0.0038,5.16,0.0,7.5299,0.0273
10.6382,NMPC,5.2284,0.0045,7.1983,6.3099,0.0045,5.22,0.0,7.506,0.0267
10.6474,NMPC,5.3003,0.0052,7.1698,6.3087,0.0052,5.31,0.0,7.4699,0.0256
10.6572,NMPC,5.3718,0.006,7.14,6.3074,0.006,5.37,0.0,7.4458,0.0243
10.6662,NMPC,5.4431,0.0068,7.1114,6.3057,0.0068,5.43,0.0,7.4216,0.0225
10.6755,NMPC,5.514,0.0076,7.0837,6.3039,0.0076,5.52,0.0,7.3851,0.0207
10.6848,NMPC,5.514,0.0076,7.0837,6.3039,0.0076,5.52,0.0,7.3851,0.0207
10.6951,NMPC,5.6551,0.0091,7.0262,6.2994,0.0091,5.67,0.0,7.3239,0.0162
10.7042,NMPC,5.6551,0.0091,7.0262,6.2994,0.0091,5.67,0.0,7.3239,0.0162
10.7133,NMPC,5.7949,0.0106,6.9595,6.2942,0.0106,5.79,0.0,7.2746,0.0111
10.7233,NMPC,5.7949,0.0106,6.9595,6.2942,0.0106,5.79,0.0,7.2746,0.0111
10.733,NMPC,5.8644,0.0113,6.9263,6.2913,0.0113,5.85,0.0,7.2498,0.0082
10.7424,NMPC,5.9335,0.0119,6.8995,6.2885,0.0119,5.94,0.0,7.2125,0.0053
10.7529,NMPC,6.0023,0.0125,6.8661,6.2854,0.0125,6.0,0.0,7.1875,0.0022
10.7631,NMPC,6.0708,0.013,6.839,6.2824,0.013,6.06,0.0,7.1624,-0.0008
10.7727,NMPC,6.1391,0.0134,6.8078,6.279,0.0134,6.15,0.0,7.1246,-0.0041
10.7831,NMPC,6.207,0.0137,6.7824,6.2758,0.0137,6.21,0.0,7.0993,-0.0073
10.7945,NMPC,6.2747,0.0139,6.7572,6.2724,0.0139,6.27,0.0,7.0739,-0.0108
10.804,NMPC,6.3422,0.0141,6.7297,6.2691,0.0141,6.33,0.0,7.0484,-0.0141
10.8138,NMPC,6.4762,0.0139,6.676,6.2625,0.0139,6.48,0.0,6.9843,-0.0207
10.8238,NMPC,6.4762,0.0139,6.676,6.2625,0.0139,6.48,0.0,6.9843,-0.0207
10.8335,NMPC,6.6092,0.0136,6.6191,6.2592,0.0136,6.6,0.0,6.9325,-0.024
10.8429,NMPC,6.6092,0.0136,6.6191,6.2592,0.0136,6.6,0.0,6.9325,-0.024
10.8526,NMPC,6.6752,0.0133,6.5914,6.2586,0.0133,6.69,0.0,6.8935,-0.0245
10.8628,NMPC,6.741,0.013,6.5642,6.2585,0.013,6.75,0.0,6.8673,-0.0247
10.8725,NMPC,6.8065,0.0127,6.5315,6.2593,0.0127,6.81,0.0,6.8411,-0.0238
10.8825,NMPC,6.8717,0.0124,6.505,6.2618,0.0124,6.87,0.0,6.8147,-0.0214
10.8928,NMPC,6.9365,0.0121,6.4722,6.2651,0.0121,6.93,0.0,6.7882,-0.0181
10.9025,NMPC,7.0011,0.012,6.4456,6.2697,0.012,6.99,0.0,6.7617,-0.0135
10.9121,NMPC,7.0655,0.0118,6.4193,6.2748,0.0118,7.08,0.0,6.7216,-0.0083
10.9219,NMPC,7.1295,0.0118,6.3942,6.2809,0.0118,7.14,0.0,6.6948,-0.0023
10.9323,NMPC,7.1933,0.0119,6.3683,6.2874,0.0119,7.2,0.0,6.6678,0.0042
10.942,NMPC,7.2569,0.0122,6.3404,6.2949,0.0122,7.26,0.0,6.6408,0.0117
10.9515,NMPC,7.3201,0.0127,6.3134,6.304,0.0127,7.32,0.0,6.6136,0.0208
10.9618,NMPC,7.3831,0.0135,6.2871,6.3141,0.0135,7.38,0.0,6.5863,0.031
10.9714,NMPC,7.4459,0.0146,6.2604,6.3254,0.0146,7.44,0.0,6.559,0.0423
10.9809,NMPC,7.5083,0.016,6.234,6.3374,0.016,7.5,0.0,6.5315,0.0542
10.9913,NMPC,7.5705,0.0179,6.2066,6.3506,0.0179,7.56,0.0,6.5038,0.0674
11.001,NMPC,7.6324,0.0202,6.1801,6.3656,0.0202,7.62,0.0,6.4761,0.0824
11.0137,NMPC,7.7553,0.0263,6.1264,6.3991,0.0263,7.77,0.0,6.4062,0.1159
11.0231,NMPC,7.7553,0.0263,6.1264,6.3991,0.0263,7.77,0.0,6.4062,0.1159
11.0332,NMPC,7.8163,0.0302,6.1038,6.4172,0.0302,7.83,0.0,6.3781,0.134
11.0428,NMPC,7.8771,0.0348,6.0887,6.4363,0.0348,7.89,0.0,6.3498,0.1531
11.0529,NMPC,7.9377,0.0402,6.0716,6.4569,0.0402,7.95,0.0,6.3214,0.1737
11.0627,NMPC,7.998,0.0463,6.0543,6.4783,0.0463,8.01,0.0,6.2929,0.1952
11.0724,NMPC,8.0581,0.0533,6.0439,6.501,0.0533,8.07,0.0,6.2642,0.2179
11.082,NMPC,8.118,0.0612,6.0355,6.5252,0.0612,8.13,0.0,6.2354,0.242
11.0923,NMPC,8.1776,0.0701,6.0258,6.5501,0.0701,8.19,0.0,6.2064,0.267
11.1023,NMPC,8.237,0.0801,6.0195,6.5764,0.0801,8.25,0.0,6.1774,0.2932
11.112,NMPC,8.2961,0.0912,6.0161,6.604,0.0912,8.31,0.0,6.1482,0.3209
11.1217,NMPC,8.355,0.1035,6.0125,6.6325,0.1035,8.37,0.0,6.1188,0.3493
11.132,NMPC,8.4136,0.117,6.0093,6.6622,0.117,8.4,0.0,6.1041,0.379
11.1417,NMPC,8.4718,0.1319,6.0099,6.6933,0.1316,8.46,0.0002,6.0745,0.4089
11.1516,NMPC,8.5297,0.1481,6.0109,6.7252,0.1472,8.52,0.0009,6.0448,0.4372
11.1615,NMPC,8.5871,0.1657,6.0113,6.7579,0.1642,8.58,0.0015,6.015,0.4664
11.1712,NMPC,8.6442,0.1848,6.0127,6.7909,0.1708,8.698,0.0171,6.015,0.4431
11.1808,NMPC,8.7007,0.2053,6.0148,6.8245,0.1778,8.7559,0.0329,6.0299,0.4207
11.1907,NMPC,8.7567,0.2273,6.0161,6.8581,0.1858,8.8137,0.0487,6.0,0.3984
11.2009,NMPC,8.812,0.2508,6.0174,6.8921,0.1833,8.8963,0.0836,6.015,0.3481
11.2108,NMPC,8.8668,0.2759,6.0195,6.926,0.1833,8.9501,0.1103,6.0299,0.3256
11.2209,NMPC,8.9208,0.3024,6.0223,6.9603,0.1844,9.0038,0.1369,6.0,0.3036
11.2309,NMPC,8.974,0.3306,6.0259,6.9956,0.1739,9.0776,0.1879,6.0189,0.2543
11.2406,NMPC,9.0264,0.3605,6.0307,7.0312,0.1672,9.1253,0.2243,6.0299,0.2335
11.2503,NMPC,9.0779,0.3919,6.0356,7.0672,0.1579,9.1952,0.2807,6.0,0.185
11.2601,NMPC,9.1285,0.4249,6.0409,7.1032,0.1437,9.235,0.3256,6.0299,0.1648
11.27,NMPC,9.178,0.4596,6.0471,7.1395,0.1307,9.2748,0.3705,6.0299,0.1447
11.2795,NMPC,9.2264,0.4958,6.0542,7.1756,0.1145,9.3318,0.4398,6.0,0.0962
11.2898,NMPC,9.2738,0.5336,6.0631,7.2117,0.0945,9.3624,0.4914,6.0299,0.0759
11.2995,NMPC,9.3199,0.573,6.0727,7.2469,0.0759,9.3929,0.5431,6.015,0.0548
11.3088,NMPC,9.3649,0.6139,6.0839,7.2808,0.059,9.4234,0.5947,6.0,0.0323
11.3184,NMPC,9.4087,0.6562,6.0956,7.3136,0.0336,9.4447,0.6507,6.015,0.0088
11.3287,NMPC,9.4512,0.7,6.1078,7.3454,0.0086,9.4648,0.7073,6.0299,-0.0158
11.3387,NMPC,9.4924,0.7452,6.1214,7.3764,0.0113,9.4748,0.7355,6.015,-0.0129
11.3485,NMPC,9.5322,0.7917,6.1354,7.4061,0.0344,9.4949,0.7921,6.0,-0.0396
11.3587,NMPC,9.5708,0.8396,6.1497,7.4342,0.0666,9.5041,0.8513,6.015,-0.0679
11.3686,NMPC,9.608,0.8886,6.1649,7.4611,0.0972,9.5131,0.9107,6.0448,-0.0973
11.3784,NMPC,9.6438,0.9389,6.1805,7.4865,0.1258,9.522,0.97,6.015,-0.1283
11.388,NMPC,9.6784,0.9902,6.1963,7.51,0.151,9.526,0.9997,6.0,-0.1317
11.3976,NMPC,9.7116,1.0426,6.2113,7.5324,0.1845,9.5273,1.0597,6.0299,-0.1467
11.4068,NMPC,9.7435,1.096,6.2266,7.5535,0.2119,9.528,1.0897,6.0448,-0.1443
11.416,NMPC,9.774,1.1503,6.2422,7.574,0.2429,9.5294,1.1497,6.0745,-0.1612
11.4259,NMPC,9.8033,1.2056,6.2591,7.5934,0.2713,9.5339,1.2395,6.1188,-0.1736
11.4354,NMPC,9.8313,1.2616,6.2762,7.6112,0.2943,9.5391,1.2993,6.1482,-0.1558
11.4446,NMPC,9.8313,1.2616,6.2762,7.6112,0.2943,9.5391,1.2993,6.1482,-0.1558
11.4539,NMPC,9.8836,1.3761,6.3087,7.6437,0.3365,9.5496,1.4188,6.2064,-0.1232
11.4627,NMPC,9.8836,1.3761,6.3087,7.6437,0.3365,9.5496,1.4188,6.2064,-0.1232
11.4719,NMPC,9.908,1.4344,6.3248,7.6579,0.3557,9.5548,1.4786,6.2354,-0.1091
11.481,NMPC,9.9312,1.4933,6.3414,7.6711,0.3738,9.56,1.5384,6.2642,-0.0959
11.4906,NMPC,9.9534,1.5528,6.3579,7.6833,0.3907,9.5652,1.5981,6.2929,-0.0837
11.5004,NMPC,9.9745,1.6128,6.3736,7.695,0.4064,9.5704,1.6579,6.3214,-0.072
11.5127,NMPC,9.9945,1.6734,6.3905,7.7061,0.4211,9.5757,1.7177,6.3498,-0.0609
11.5218,NMPC,10.0135,1.7345,6.4066,7.717,0.4347,9.5809,1.7775,6.3781,-0.0499
11.5316,NMPC,10.0315,1.7961,6.4225,7.7276,0.4473,9.5861,1.8372,6.4062,-0.0393
11.5407,NMPC,10.0485,1.8581,6.4382,7.7383,0.4588,9.5913,1.897,6.4343,-0.0286
11.5498,NMPC,10.0645,1.9205,6.4537,7.7486,0.4694,9.5965,1.9568,6.4622,-0.0184
11.5591,NMPC,10.0797,1.9833,6.469,7.7579,0.4791,9.6017,2.0165,6.49,-0.009
11.5683,NMPC,10.0941,2.0465,6.4845,7.7669,0.4878,9.607,2.0763,6.5177,-0.0001
11.5771,NMPC,10.1076,2.11,6.4999,7.7752,0.4958,9.6148,2.166,6.559,0.0082
11.5861,NMPC,10.1203,2.1738,6.5149,7.7834,0.5029,9.62,2.2257,6.5863,0.0165
11.5955,NMPC,10.1322,2.2379,6.5298,7.7913,0.5092,9.6252,2.2855,6.6136,0.0243
11.604,NMPC,10.1322,2.2379,6.5298,7.7913,0.5092,9.6252,2.2855,6.6136,0.0243
11.6132,NMPC,10.1538,2.3671,6.5604,7.8068,0.5195,9.6357,2.4051,6.6678,0.0399
11.622,NMPC,10.1538,2.3671,6.5604,7.8068,0.5195,9.6357,2.4051,6.6678,0.0399
11.6314,NMPC,10.1635,2.432,6.5761,7.8146,0.5234,9.6409,2.4648,6.6948,0.0477
11.6405,NMPC,10.1725,2.4972,6.5902,7.822,0.5267,9.6487,2.5545,6.735,0.055
11.6496,NMPC,10.1808,2.5627,6.603,7.8285,0.5294,9.6539,2.6143,6.7617,0.0615
11.6589,NMPC,10.1886,2.6283,6.6152,7.8347,0.5314,9.6591,2.674,6.7882,0.0677
11.6686,NMPC,10.1958,2.6941,6.6249,7.8403,0.5328,9.6644,2.7338,6.8147,0.0733
11.6782,NMPC,10.2023,2.7601,6.6342,7.8459,0.5336,9.6696,2.7936,6.8411,0.0789
11.6873,NMPC,10.2084,2.8262,6.642,7.8512,0.5339,9.6774,2.8832,6.8804,0.0842
11.6972,NMPC,10.2138,2.8924,6.6484,7.8566,0.5336,9.6826,2.943,6.9065,0.0896
11.7066,NMPC,10.2187,2.9587,6.6537,7.8618,0.5327,9.6878,3.0028,6.9325,0.0949
11.7163,NMPC,10.2231,3.0252,6.6576,7.8674,0.5313,9.6931,3.0626,6.9584,0.1004
11.726,NMPC,10.227,3.0916,6.6603,7.8728,0.5294,9.7009,3.1522,6.9971,0.1058
11.7356,NMPC,10.2303,3.1582,6.6609,7.8786,0.5269,9.7061,3.212,7.0228,0.1116
11.7443,NMPC,10.2303,3.1582,6.6609,7.8786,0.5269,9.7061,3.212,7.0228,0.1116
11.7536,NMPC,10.2356,3.2912,6.6529,7.8906,0.5206,9.7166,3.3315,7.0739,0.1237
11.7631,NMPC,10.2356,3.2912,6.6529,7.8906,0.5206,9.7166,3.3315,7.0739,0.1237
11.772,NMPC,10.2375,3.3577,6.6437,7.8967,0.5167,9.7218,3.3913,7.0993,0.1298
11.7812,NMPC,10.239,3.424,6.6321,7.9021,0.5125,9.7296,3.481,7.0993,0.1351
11.7905,NMPC,10.2402,3.4903,6.6182,7.9072,0.5078,9.7348,3.5407,7.0739,0.1402
11.8008,NMPC,10.2409,3.5564,6.607,7.9117,0.5028,9.74,3.6005,7.0484,0.1448
11.8103,NMPC,10.2412,3.6224,6.5912,7.9162,0.4974,9.7453,3.6603,7.0228,0.1492
11.8203,NMPC,10.2412,3.6882,6.5785,7.9203,0.4916,9.7505,3.7201,6.9971,0.1533
11.8302,NMPC,10.2408,3.7539,6.5655,7.9243,0.4855,9.7583,3.8097,6.9584,0.1574
11.8402,NMPC,10.24,3.8195,6.5534,7.928,0.4791,9.7635,3.8695,6.9325,0.161
11.8505,NMPC,10.2389,3.885,6.5408,7.9317,0.4722,9.7687,3.9293,6.9065,0.1647
11.8607,NMPC,10.2375,3.9503,6.5279,7.9351,0.4651,9.774,3.989,6.8804,0.1681
11.8706,NMPC,10.2357,4.0155,6.5134,7.9385,0.4577,9.7792,4.0488,6.8542,0.1716
11.8803,NMPC,10.2336,4.0805,6.4989,7.9418,0.4499,9.7844,4.1086,6.8279,0.1748
11.8899,NMPC,10.2311,4.1454,6.4855,7.9451,0.4418,9.7922,4.1982,6.7882,0.1782
11.9001,NMPC,10.2284,4.2101,6.4718,7.9483,0.4335,9.7974,4.258,6.7617,0.1813
11.9102,NMPC,10.2254,4.2747,6.4579,7.9515,0.4249,9.8027,4.3178,6.735,0.1845
11.92,NMPC,10.2221,4.3391,6.4438,7.9545,0.416,9.8079,4.3776,6.7082,0.1876
11.9301,NMPC,10.2185,4.4034,6.4269,7.9578,0.4068,9.8131,4.4373,6.6813,0.1908
11.9397,NMPC,10.2146,4.4675,6.4103,7.9608,0.3974,9.8183,4.4971,6.6543,0.1938
11.9493,NMPC,10.2105,4.5313,6.3933,7.964,0.3877,9.8235,4.5569,6.6272,0.1971
11.9588,NMPC,10.2061,4.595,6.3748,7.9671,0.3778,9.8287,4.6167,6.6,0.2002
11.9686,NMPC,10.2015,4.6585,6.355,7.9704,0.3677,9.834,4.6764,6.5727,0.2034
11.9781,NMPC,10.1966,4.7218,6.3342,7.9736,0.3573,9.8418,4.7661,6.5315,0.2066
11.9878,NMPC,10.1915,4.7848,6.3125,7.977,0.3467,9.847,4.8259,6.5038,0.21
11.9975,NMPC,10.1861,4.8476,6.2902,7.9802,0.336,9.8522,4.8856,6.4761,0.2132
12.0068,NMPC,10.1806,4.9101,6.2673,7.9837,0.325,9.8575,4.9454,6.4483,0.2167
12.0197,NMPC,10.1748,4.9724,6.2422,7.987,0.3138,9.8627,5.0052,6.4203,0.2201
12.0291,NMPC,10.1688,5.0344,6.2219,7.9906,0.3024,9.8679,5.0649,6.3922,0.2236
12.0423,NMPC,10.1625,5.0963,6.2107,7.9939,0.2908,9.8731,5.1247,6.364,0.2269
12.0521,NMPC,10.1561,5.158,6.2033,7.9972,0.279,9.8783,5.1845,6.3356,0.2303
12.0614,NMPC,10.1494,5.2197,6.1972,8.0002,0.267,9.8835,5.2443,6.3071,0.2333
12.0711,NMPC,10.1425,5.2812,6.1923,8.0032,0.2559,9.8876,5.3041,6.2785,0.2309
12.0808,NMPC,10.1353,5.3427,6.19,8.0059,0.2458,9.8883,5.3341,6.2642,0.225
12.0905,NMPC,10.128,5.4042,6.188,8.0087,0.2382,9.8905,5.4241,6.2209,0.2022
12.1002,NMPC,10.1204,5.4656,6.1885,8.0111,0.229,9.8919,5.4841,6.1919,0.1876
12.1098,NMPC,10.1126,5.527,6.1897,8.0136,0.2194,9.8936,5.544,6.1628,0.1885
12.1195,NMPC,10.1046,5.5884,6.1914,8.0159,0.2097,9.8953,5.604,6.1335,0.1907
12.1292,NMPC,10.0964,5.6497,6.1937,8.0182,0.1998,9.897,5.664,6.1041,0.1929
12.139,NMPC,10.088,5.7111,6.1958,8.0203,0.1907,9.8976,5.724,6.0745,0.1894
12.1482,NMPC,10.0794,5.7725,6.1995,8.0225,0.1824,9.8972,5.784,6.0448,0.1803
12.1578,NMPC,10.0707,5.8339,6.2036,8.0244,0.174,9.8967,5.844,6.015,0.1709
12.1677,NMPC,10.0617,5.8953,6.2067,8.0265,0.1661,9.8954,5.9039,6.0,0.1603
12.1777,NMPC,10.0525,5.9567,6.209,8.0284,0.1624,9.8906,5.9335,6.015,0.1484
12.187,NMPC,10.0432,6.0181,6.21,8.0305,0.1633,9.8811,5.9927,6.0448,0.1227
12.1969,NMPC,10.0337,6.0795,6.2101,8.0324,0.164,9.8715,6.052,6.0745,0.0968
12.2066,NMPC,10.024,6.1408,6.2077,8.0349,0.1638,9.8625,6.1113,6.1041,0.0763
12.216,NMPC,10.0141,6.202,6.2017,8.0385,0.1603,9.8562,6.1709,6.1335,0.0798
12.2257,NMPC,10.004,6.2632,6.1927,8.0426,0.1566,9.8468,6.2605,6.1774,0.084
12.2353,NMPC,9.9936,6.3241,6.179,8.0481,0.1526,9.8405,6.3201,6.2064,0.0894
12.2448,NMPC,9.9936,6.3241,6.179,8.0481,0.1526,9.8405,6.3201,6.2064,0.0894
12.2795,NMPC,9.9488,6.5659,6.1112,8.0835,0.1334,9.8154,6.5588,6.3214,0.1248
12.2888,NMPC,9.9367,6.6257,6.0938,8.0951,0.1276,9.8091,6.6185,6.3498,0.1365
12.2987,NMPC,9.9242,6.6852,6.0797,8.1084,0.1214,9.8029,6.6782,6.3781,0.1498
12.3089,NMPC,9.9112,6.7446,6.0683,8.1227,0.1147,9.7966,6.7378,6.3781,0.1641
12.3185,NMPC,9.8977,6.8037,6.0591,8.1381,0.1074,9.7903,6.7975,6.3498,0.1795
12.3293,NMPC,9.8836,6.8626,6.0516,8.1539,0.0995,9.7841,6.8572,6.3214,0.1953
12.3391,NMPC,9.8689,6.9212,6.0447,8.1708,0.0911,9.7778,6.9168,6.2929,0.2121
12.3489,NMPC,9.8535,6.9797,6.0432,8.1889,0.0819,9.7715,6.9765,6.2642,0.2303
12.3584,NMPC,9.8374,7.0379,6.0401,8.2077,0.0719,9.7652,7.0362,6.2354,0.2491
12.3682,NMPC,9.8205,7.0959,6.0335,8.2279,0.0612,9.759,7.0959,6.2064,0.2692
12.3777,NMPC,9.8027,7.1535,6.0292,8.2497,0.0496,9.7527,7.1555,6.1774,0.291
12.3876,NMPC,9.7841,7.2109,6.0269,8.2725,0.037,9.7464,7.2152,6.1482,0.3138
12.3976,NMPC,9.7646,7.2678,6.0213,8.2963,0.0236,9.7402,7.2749,6.1188,0.3377
12.4073,NMPC,9.7441,7.3244,6.017,8.3209,0.0091,9.7339,7.3345,6.0893,0.3622
12.4173,NMPC,9.7226,7.3806,6.0172,8.3464,0.0064,9.7276,7.3942,6.0597,0.3877
12.4273,NMPC,9.7001,7.4364,6.0173,8.3731,0.023,9.7245,7.424,6.0448,0.4145
12.4373,NMPC,9.6764,7.4917,6.0174,8.4006,0.0408,9.7182,7.4837,6.015,0.4419
12.4477,NMPC,9.6515,7.5465,6.0188,8.4292,0.0541,9.7027,7.5722,6.015,0.4442
12.4578,NMPC,9.6254,7.6008,6.0205,8.4592,0.067,9.6884,7.6304,6.0299,0.4394
12.4677,NMPC,9.5981,7.6544,6.0225,8.4901,0.0827,9.6813,7.6596,6.015,0.4529
12.4775,NMPC,9.5694,7.7074,6.0245,8.5219,0.0921,9.655,7.7452,6.0,0.4248
12.4873,NMPC,9.5395,7.7597,6.0269,8.5542,0.0952,9.6272,7.7984,6.0299,0.4007
12.4968,NMPC,9.5083,7.8113,6.0292,8.587,0.0996,9.5995,7.8516,6.015,0.3772
12.5057,NMPC,9.4757,7.862,6.0316,8.6201,0.0988,9.5536,7.9286,6.0,0.3257
12.5189,NMPC,9.4418,7.9119,6.0352,8.6535,0.0957,9.5162,7.9755,6.0299,0.3028
12.5296,NMPC,9.4065,7.9609,6.0386,8.6868,0.0939,9.4788,8.0224,6.015,0.2797
12.5413,NMPC,9.3698,8.0089,6.0453,8.7201,0.0863,9.4183,8.0885,6.0,0.2285
12.5528,NMPC,9.3319,8.056,6.0523,8.753,0.0821,9.3955,8.108,6.015,0.2333
12.5628,NMPC,9.2925,8.102,6.0586,8.7859,0.0727,9.3498,8.1469,6.0299,0.2097
12.5736,NMPC,9.2518,8.1469,6.0647,8.8184,0.0611,9.2805,8.2041,6.0,0.1577
12.5837,NMPC,9.2098,8.1907,6.0699,8.8509,0.0446,9.2282,8.2336,6.0299,0.1339
12.5943,NMPC,9.122,8.2746,6.0785,8.914,0.0158,9.1237,8.2925,6.0,0.0843
12.6038,NMPC,9.122,8.2746,6.0785,8.914,0.0158,9.1237,8.2925,6.0,0.0843
12.614,NMPC,9.0294,8.3536,6.0868,8.9744,0.0263,9.0112,8.3334,6.0448,0.0319
12.6235,NMPC,9.0294,8.3536,6.0868,8.9744,0.0263,9.0112,8.3334,6.0448,0.0319
12.6335,NMPC,8.9814,8.3911,6.0933,9.0038,0.0465,8.9542,8.3524,6.015,0.005
12.643,NMPC,8.9324,8.4272,6.1005,9.032,0.0628,8.9258,8.3618,6.0,0.005
12.6526,NMPC,8.8823,8.4621,6.11,9.0586,0.0893,8.8669,8.3728,6.015,-0.0194
12.6626,NMPC,8.8311,8.4957,6.1191,9.0841,0.1159,8.8076,8.3817,6.0448,-0.0437
12.6726,NMPC,8.7791,8.5279,6.1297,9.1083,0.1406,8.7483,8.3907,6.0745,-0.0692
12.6821,NMPC,8.726,8.5587,6.1398,9.1317,0.1618,8.6892,8.4011,6.1041,-0.0762
12.6917,NMPC,8.6722,8.5883,6.1504,9.1539,0.1791,8.6306,8.414,6.1335,-0.054
12.7018,NMPC,8.6175,8.6165,6.1605,9.1746,0.1949,8.572,8.427,6.1188,-0.0334
12.7115,NMPC,8.562,8.6435,6.1711,9.1942,0.2093,8.5134,8.4399,6.0893,-0.0137
12.7212,NMPC,8.5058,8.6691,6.1823,9.2128,0.2243,8.4544,8.4507,6.0597,-0.0061
12.7314,NMPC,8.4489,8.6935,6.1939,9.2308,0.238,8.3954,8.4614,6.0299,0.0005
12.7412,NMPC,8.3914,8.7166,6.206,9.2476,0.2504,8.3364,8.4722,6.0,0.006
12.751,NMPC,8.3333,8.7386,6.2195,9.263,0.2623,8.3068,8.4769,6.0,0.0142
12.7605,NMPC,8.2746,8.7594,6.2334,9.2773,0.2789,8.2768,8.4766,6.0,0.0105
12.7701,NMPC,8.2154,8.7791,6.2477,9.2906,0.3005,8.2168,8.4761,6.0299,-0.0122
12.7802,NMPC,8.1557,8.7976,6.2623,9.3033,0.3207,8.1568,8.4757,6.0597,-0.0355
12.7903,NMPC,8.0955,8.8151,6.2771,9.315,0.3388,8.0668,8.4774,6.1041,-0.0545
12.8001,NMPC,8.0348,8.8316,6.2923,9.3253,0.3519,8.0069,8.4807,6.1335,-0.0442
12.8095,NMPC,7.9738,8.8472,6.3067,9.3348,0.3641,7.947,8.484,6.1628,-0.0347
12.819,NMPC,7.9124,8.8618,6.3211,9.3435,0.3753,7.8871,8.4874,6.1919,-0.026
12.8289,NMPC,7.8506,8.8755,6.3358,9.3517,0.3855,7.8272,8.4907,6.2209,-0.0177
12.8384,NMPC,7.7884,8.8883,6.3507,9.3595,0.3949,7.7673,8.494,6.2498,-0.01
12.8477,NMPC,7.726,8.9003,6.367,9.367,0.4034,7.7074,8.4973,6.2785,-0.0024
12.8569,NMPC,7.6632,8.9115,6.3834,9.3742,0.4111,7.6475,8.5006,6.3071,0.0048
12.867,NMPC,7.6002,8.9219,6.401,9.3814,0.418,7.5876,8.5039,6.3356,0.0119
12.8765,NMPC,7.5368,8.9315,6.4188,9.3883,0.4241,7.5277,8.5073,6.364,0.0188
12.8861,NMPC,7.4731,8.9404,6.4366,9.3953,0.4294,7.4378,8.5122,6.4062,0.0259
12.8961,NMPC,7.4092,8.9486,6.4546,9.4019,0.4341,7.3779,8.5156,6.4343,0.0324
12.9058,NMPC,7.345,8.9562,6.4741,9.4075,0.4381,7.318,8.5189,6.4622,0.0381
12.9154,NMPC,7.2805,8.9632,6.4931,9.4127,0.4416,7.2581,8.5222,6.49,0.0433
12.9245,NMPC,7.2805,8.9632,6.4931,9.4127,0.4416,7.2581,8.5222,6.49,0.0433
12.9342,NMPC,7.1509,8.9755,6.5309,9.4217,0.4466,7.1383,8.5288,6.5452,0.0522
12.9432,NMPC,7.1509,8.9755,6.5309,9.4217,0.4466,7.1383,8.5288,6.5452,0.0522
12.9525,NMPC,7.0857,8.9808,6.5504,9.4257,0.4484,7.0484,8.5338,6.5863,0.0562
12.9619,NMPC,7.0203,8.9856,6.5695,9.4296,0.4495,6.9885,8.5371,6.6136,0.0602
12.9715,NMPC,6.9546,8.9899,6.5882,9.4334,0.4502,6.9286,8.5405,6.6408,0.0639
12.9811,NMPC,6.8888,8.9938,6.6059,9.4372,0.4504,6.8687,8.5438,6.6678,0.0678
12.9906,NMPC,6.8227,8.9971,6.6243,9.441,0.4501,6.8088,8.5471,6.6948,0.0715
13.0002,NMPC,6.7564,9.0001,6.6417,9.4449,0.4494,6.7189,8.5521,6.735,0.0755
13.0134,NMPC,6.69,9.0026,6.6596,9.4488,0.4482,6.659,8.5554,6.7617,0.0794
13.0228,NMPC,6.6233,9.0046,6.6771,9.453,0.4466,6.5991,8.5587,6.7882,0.0835
13.0323,NMPC,6.5565,9.0063,6.6942,9.4571,0.4446,6.5392,8.562,6.8147,0.0876
13.0417,NMPC,6.4895,9.0076,6.7117,9.4614,0.4421,6.4793,8.5653,6.8411,0.092
13.0513,NMPC,6.4223,9.0085,6.7289,9.4655,0.4393,6.3894,8.5703,6.8804,0.096
13.0608,NMPC,6.3549,9.0091,6.7464,9.4687,0.4362,6.3295,8.5736,6.9065,0.0992
13.0705,NMPC,6.2874,9.0094,6.7634,9.4715,0.4327,6.2696,8.577,6.9325,0.102
13.0802,NMPC,6.2196,9.0094,6.7805,9.4736,0.429,6.2097,8.5803,6.9584,0.1042
13.0892,NMPC,6.1518,9.0091,6.7972,9.4756,0.4249,6.1198,8.5853,6.9971,0.1062
13.0983,NMPC,6.0837,9.0085,6.8135,9.4772,0.4206,6.0599,8.5886,7.0228,0.1077
13.1076,NMPC,6.0155,9.0077,6.8291,9.4787,0.416,6.0,8.5919,7.0484,0.1092
13.1168,NMPC,5.9471,9.0066,6.843,9.4799,0.4112,5.9102,8.5969,7.0866,0.1104
13.1262,NMPC,5.8787,9.0053,6.8554,9.4812,0.406,5.8502,8.6002,7.112,0.1117
13.1362,NMPC,5.8101,9.0037,6.8662,9.4823,0.4007,5.7903,8.6035,7.1372,0.1128
13.146,NMPC,5.7414,9.002,6.8756,9.4836,0.3951,5.7304,8.6068,7.1624,0.1141
13.1553,NMPC,5.6726,9.0,6.8836,9.4847,0.3894,5.6406,8.6118,7.2,0.1153
13.1907,NMPC,5.4659,8.9929,6.9018,9.489,0.3709,5.4309,8.6234,7.287,0.1195
13.2003,NMPC,5.397,8.9902,6.9062,9.4904,0.3643,5.371,8.6267,7.3116,0.121
13.2098,NMPC,5.3279,8.9873,6.9104,9.4921,0.3576,5.3111,8.6301,7.3362,0.1227
13.219,NMPC,5.2589,8.9842,6.9143,9.4937,0.3507,5.2512,8.6334,7.3607,0.1243
13.2285,NMPC,5.1898,8.981,6.9181,9.4956,0.3437,5.1613,8.6384,7.3973,0.1261
13.2381,NMPC,5.1207,8.9776,6.9214,9.4973,0.3365,5.1014,8.6417,7.4069,0.1279
13.2472,NMPC,5.0515,8.974,6.9232,9.4993,0.3291,5.0415,8.645,7.3825,0.1299
13.2562,NMPC,4.9824,8.9703,6.9243,9.5012,0.3216,4.9516,8.65,7.3458,0.1317
13.2654,NMPC,4.9133,8.9664,6.9247,9.5033,0.3139,4.8917,8.6533,7.3213,0.1339
13.2749,NMPC,4.8442,8.9624,6.9219,9.5054,0.306,4.8318,8.6566,7.2967,0.1359
13.2836,NMPC,4.8442,8.9624,6.9219,9.5054,0.306,4.8318,8.6566,7.2967,0.1359
13.2926,NMPC,4.7751,8.9582,6.9157,9.5076,0.298,4.7719,8.6599,7.272,0.1382
13.3023,NMPC,4.7061,8.9539,6.9018,9.5095,0.2899,4.682,8.6649,7.2347,0.1401
13.312,NMPC,4.6373,8.9496,6.8865,9.5105,0.2818,4.6221,8.6682,7.2098,0.141
13.3214,NMPC,4.5687,8.9452,6.8696,9.5109,0.2736,4.5622,8.6715,7.1848,0.1415
13.3305,NMPC,4.5002,8.9408,6.8514,9.5106,0.2654,4.4724,8.6765,7.1471,0.1412
13.3399,NMPC,4.4319,8.9362,6.8366,9.5101,0.2571,4.4124,8.6798,7.1219,0.1406
13.3491,NMPC,4.3638,8.9317,6.82,9.5089,0.2488,4.3525,8.6832,7.0966,0.1395
13.3585,NMPC,4.2959,8.9271,6.8021,9.5076,0.2404,4.2926,8.6865,7.0712,0.1382
13.3679,NMPC,4.2281,8.9225,6.7855,9.5059,0.2321,4.2028,8.6915,7.0329,0.1364
13.3772,NMPC,4.1604,8.9178,6.7732,9.504,0.2237,4.1429,8.6948,7.0072,0.1346
13.3862,NMPC,4.0929,8.9132,6.7676,9.5018,0.2154,4.083,8.6981,6.9815,0.1323
13.3957,NMPC,4.0254,8.9086,6.7643,9.4996,0.207,4.023,8.7014,6.9557,0.1301
13.4047,NMPC,4.0254,8.9086,6.7643,9.4996,0.207,4.023,8.7014,6.9557,0.1301
13.4147,NMPC,3.8905,8.8994,6.7594,9.4946,0.1903,3.8733,8.7097,6.8907,0.1251
13.424,NMPC,3.8905,8.8994,6.7594,9.4946,0.1903,3.8733,8.7097,6.8907,0.1251
13.4342,NMPC,3.7556,8.8903,6.7618,9.4892,0.1738,3.7535,8.7163,6.8382,0.1197
13.4435,NMPC,3.7556,8.8903,6.7618,9.4892,0.1738,3.7535,8.7163,6.8382,0.1197
13.4533,NMPC,3.6881,8.8858,6.7635,9.4864,0.1656,3.6936,8.7197,6.8119,0.1169
13.4632,NMPC,3.6206,8.8814,6.765,9.484,0.1574,3.6037,8.7246,6.7721,0.1146
13.474,NMPC,3.5531,8.8769,6.7673,9.4827,0.1492,3.5438,8.728,6.7455,0.1132
13.4841,NMPC,3.4855,8.8725,6.7695,9.4819,0.1411,3.4839,8.7313,6.7187,0.1125
13.4944,NMPC,3.3505,8.8636,6.7689,9.4823,0.1247,3.3341,8.7396,6.6514,0.1128
13.5049,NMPC,3.3505,8.8636,6.7689,9.4823,0.1247,3.3341,8.7396,6.6514,0.1128
13.5181,NMPC,3.2155,8.8547,6.7566,9.4844,0.1142,3.2142,8.7405,6.6784,0.0875
13.5286,NMPC,3.1481,8.8503,6.746,9.486,0.1104,3.1542,8.7398,6.7053,0.0696
13.5384,NMPC,3.0809,8.8458,6.733,9.4878,0.1069,3.0942,8.739,6.7321,0.0517
13.5486,NMPC,3.0138,8.8413,6.7138,9.4899,0.1062,3.0043,8.7349,6.7721,0.0451
13.5596,NMPC,2.9469,8.8368,6.6983,9.492,0.1046,2.9443,8.7321,6.7986,0.0414
13.5702,NMPC,2.8801,8.8323,6.6857,9.4945,0.103,2.8844,8.7294,6.8251,0.0385
13.58,NMPC,2.8135,8.8277,6.6663,9.4969,0.1005,2.8244,8.7275,6.8514,0.041
13.5898,NMPC,2.7471,8.8231,6.6456,9.4996,0.098,2.7645,8.7257,6.8776,0.0437
13.5997,NMPC,2.6809,8.8185,6.6251,9.5023,0.0954,2.6745,8.7229,6.9168,0.0464
13.6099,NMPC,2.6149,8.8137,6.6067,9.5052,0.0927,2.6145,8.721,6.9427,0.0493
13.6194,NMPC,2.5491,8.809,6.5889,9.5077,0.09,2.5546,8.7191,6.9686,0.0517
13.6287,NMPC,2.4835,8.8042,6.5717,9.5091,0.0872,2.4946,8.7173,6.9455,0.0531
13.6388,NMPC,2.418,8.7994,6.5521,9.5099,0.0845,2.4346,8.7154,6.9195,0.054
13.6485,NMPC,2.3528,8.7947,6.5332,9.51,0.0818,2.3447,8.7126,6.8804,0.0541
13.658,NMPC,2.2877,8.7899,6.5161,9.5097,0.079,2.2847,8.7107,6.8542,0.0538
13.6677,NMPC,2.2228,8.7851,6.4993,9.5088,0.0763,2.2247,8.7089,6.8279,0.0529
13.6774,NMPC,2.1581,8.7803,6.4817,9.5077,0.0735,2.1647,8.707,6.8015,0.0518
13.687,NMPC,2.0935,8.7756,6.4645,9.5062,0.0708,2.1048,8.7051,6.775,0.0502
13.6971,NMPC,2.0291,8.7708,6.4476,9.5045,0.068,2.0448,8.7033,6.7483,0.0486
13.7076,NMPC,1.9649,8.7661,6.432,9.5024,0.0653,1.9548,8.7005,6.7082,0.0465
13.7176,NMPC,1.9009,8.7614,6.4138,9.5004,0.0626,1.8949,8.6986,6.6813,0.0444
13.7277,NMPC,1.837,8.7568,6.3962,9.498,0.0599,1.8349,8.6967,6.6543,0.042
13.7378,NMPC,1.7733,8.7521,6.3759,9.4956,0.0573,1.7749,8.6949,6.6272,0.0397
13.7476,NMPC,1.7098,8.7476,6.3555,9.493,0.0547,1.715,8.693,6.6,0.037
13.7571,NMPC,1.6465,8.7431,6.339,9.4904,0.0522,1.655,8.6912,6.5727,0.0345
13.7668,NMPC,1.5833,8.7388,6.3238,9.4876,0.0498,1.595,8.6893,6.5452,0.0317
13.7767,NMPC,1.5203,8.7344,6.3084,9.4849,0.0475,1.535,8.6874,6.5177,0.029
13.7861,NMPC,1.4574,8.7302,6.2929,9.482,0.0452,1.4451,8.6846,6.4761,0.0261
13.796,NMPC,1.3947,8.7261,6.2773,9.4792,0.043,1.3851,8.6828,6.4483,0.0233
13.8061,NMPC,1.3322,8.7221,6.259,9.4763,0.041,1.3251,8.6809,6.4203,0.0203
13.8416,NMPC,1.145,8.7108,6.2492,9.4678,0.0355,1.1452,8.6753,6.3356,0.0119
13.8544,NMPC,1.0826,8.7072,6.2505,9.465,0.0339,1.0853,8.6734,6.3071,0.0091
13.8644,NMPC,1.0202,8.7038,6.2517,9.4624,0.0324,1.0253,8.6716,6.2785,0.0065
13.8747,NMPC,0.8953,8.6973,6.254,9.4573,0.0298,0.9054,8.6678,6.2209,0.0014
13.8843,NMPC,0.8953,8.6973,6.254,9.4573,0.0298,0.9054,8.6678,6.2209,0.0014
13.8944,NMPC,0.7703,8.6914,6.2606,9.4524,0.0277,0.7854,8.6641,6.1628,-0.0036
13.9039,NMPC,0.7703,8.6914,6.2606,9.4524,0.0277,0.7854,8.6641,6.1628,-0.0036
13.9137,NMPC,0.6451,8.686,6.2721,9.4476,0.0262,0.6355,8.6594,6.0893,-0.0083
13.923,NMPC,0.6451,8.686,6.2721,9.4476,0.0262,0.6355,8.6594,6.0893,-0.0083
13.9331,NMPC,0.5824,8.6835,6.2799,9.4453,0.0257,0.5755,8.6576,6.0597,-0.0107
13.9433,NMPC,0.5196,8.6811,6.2872,9.4431,0.0253,0.5155,8.6557,6.0299,-0.0128
13.9535,NMPC,0.4567,8.6789,6.2961,9.4409,0.025,0.4556,8.6538,6.0,-0.0151
13.9637,NMPC,0.3937,8.6768,6.3046,9.4388,0.02,0.3957,8.6568,6.0299,0.001
13.974,NMPC,0.3306,8.6748,6.3156,9.4366,0.0146,0.3358,8.6602,6.0597,0.0187
13.9839,NMPC,0.2675,8.673,6.3261,9.4347,0.0091,0.2759,8.6636,6.0893,0.0366
13.9937,NMPC,0.1408,8.6697,6.3485,9.4307,0.0005,0.126,8.6697,6.1628,0.0425
14.0037,NMPC,0.1408,8.6697,6.3485,9.4307,0.0005,0.126,8.6697,6.1628,0.0425
14.0175,NMPC,0.0136,8.667,6.3734,9.4268,0.0069,0.0061,8.6741,6.2209,0.0386
14.0269,NMPC,-0.0502,8.6658,6.3869,9.4248,0.0104,-0.0539,8.6763,6.2498,0.0366
14.0372,NMPC,-0.1141,8.6648,6.4007,9.4233,0.0138,-0.1139,8.6785,6.2785,0.0351
14.0474,NMPC,-0.1782,8.6637,6.4167,9.4228,0.0172,-0.1738,8.6807,6.3071,0.0345
14.0576,NMPC,-0.2425,8.6628,6.432,9.4228,0.0205,-0.2338,8.6829,6.3356,0.0346
14.0678,NMPC,-0.3068,8.6618,6.4465,9.4235,0.0238,-0.2937,8.6851,6.364,0.0353
14.0778,NMPC,-0.3714,8.6609,6.4638,9.4246,0.0261,-0.3837,8.6875,6.4062,0.0313
14.0879,NMPC,-0.4361,8.6601,6.4802,9.4261,0.0275,-0.4437,8.6877,6.4343,0.023
14.0979,NMPC,-0.501,8.6593,6.4967,9.4279,0.0288,-0.5037,8.688,6.4622,0.0148
14.1081,NMPC,-0.566,8.6584,6.5134,9.43,0.0297,-0.5637,8.6881,6.49,0.0072
14.1179,NMPC,-0.6312,8.6576,6.5302,9.4321,0.028,-0.6236,8.6857,6.5177,0.0022
14.1278,NMPC,-0.6966,8.6567,6.5471,9.4345,0.0264,-0.6836,8.6832,6.5452,-0.0026
14.1378,NMPC,-0.7622,8.6559,6.5661,9.4368,0.0242,-0.7735,8.6798,6.5863,-0.0097
14.1477,NMPC,-0.8279,8.6549,6.5851,9.4394,0.0237,-0.8335,8.6785,6.6136,-0.0072
14.1573,NMPC,-0.8939,8.654,6.6041,9.4418,0.0232,-0.8935,8.6772,6.6408,-0.0047
14.1671,NMPC,-0.96,8.653,6.6231,9.4444,0.0228,-0.9535,8.6759,6.6678,-0.0021
14.1775,NMPC,-1.0263,8.6519,6.6426,9.4468,0.0224,-1.0135,8.6746,6.6948,0.0003
14.1876,NMPC,-1.0928,8.6507,6.6621,9.4494,0.0221,-1.1034,8.6726,6.735,0.0028
14.1977,NMPC,-1.1595,8.6495,6.6826,9.4517,0.0219,-1.1634,8.6713,6.7617,0.0052
14.2084,NMPC,-1.2265,8.6482,6.7047,9.4542,0.0218,-1.2234,8.67,6.7882,0.0077
14.2187,NMPC,-1.2936,8.6468,6.7259,9.4562,0.0217,-1.2834,8.6687,6.8147,0.0096
14.2294,NMPC,-1.361,8.6454,6.7468,9.4571,0.0216,-1.3734,8.6668,6.8542,0.0106
14.2408,NMPC,-1.4285,8.644,6.7676,9.4576,0.0216,-1.4334,8.6655,6.8804,0.011
14.2515,NMPC,-1.4963,8.6425,6.7893,9.4572,0.0216,-1.4934,8.6642,6.9065,0.0107
14.2615,NMPC,-1.5643,8.641,6.8114,9.4566,0.0216,-1.5533,8.6629,6.9325,0.01
14.2714,NMPC,-1.6325,8.6395,6.8333,9.4553,0.0216,-1.6433,8.6609,6.9714,0.0088
14.2821,NMPC,-1.7009,8.638,6.8549,9.4539,0.0217,-1.7033,8.6596,6.9971,0.0074
14.2922,NMPC,-1.7695,8.6365,6.8774,9.4521,0.0217,-1.7633,8.6583,7.0228,0.0055
14.3016,NMPC,-1.8384,8.635,6.9005,9.4502,0.0217,-1.8533,8.6563,7.0612,0.0036
14.3143,NMPC,-1.9075,8.6335,6.9234,9.448,0.0217,-1.9133,8.655,7.0866,0.0014
14.3236,NMPC,-1.9769,8.632,6.9461,9.4458,0.0216,-1.9732,8.6537,7.112,-0.0008
14.3332,NMPC,-2.1162,8.6292,6.9923,9.4411,0.0214,-2.1232,8.6505,7.175,-0.0055
14.3426,NMPC,-2.1162,8.6292,6.9923,9.4411,0.0214,-2.1232,8.6505,7.175,-0.0055
14.3521,NMPC,-2.1862,8.6279,7.0154,9.4386,0.0212,-2.1832,8.6492,7.2,-0.0079
14.3617,NMPC,-2.2565,8.6266,7.0385,9.4363,0.021,-2.2432,8.6479,7.225,-0.0103
14.372,NMPC,-2.327,8.6254,7.0615,9.4338,0.0206,-2.3332,8.6459,7.2622,-0.0127
14.3823,NMPC,-2.3977,8.6243,7.0846,9.4315,0.0202,-2.3931,8.6446,7.287,-0.015
14.392,NMPC,-2.4687,8.6233,7.1087,9.4291,0.0197,-2.4831,8.6426,7.3239,-0.0175
14.4012,NMPC,-2.5399,8.6223,7.1317,9.4269,0.0191,-2.5431,8.6413,7.3485,-0.0197
14.4109,NMPC,-2.6113,8.6215,7.1547,9.4245,0.0184,-2.6031,8.64,7.3729,-0.022
14.4201,NMPC,-2.6829,8.6207,7.1777,9.4227,0.0176,-2.6931,8.6381,7.4095,-0.0239
14.4293,NMPC,-2.7548,8.6199,7.2007,9.4218,0.0168,-2.7531,8.6368,7.4337,-0.0247
14.4384,NMPC,-2.8269,8.6192,7.2237,9.4215,0.016,-2.813,8.6355,7.4579,-0.025
14.4475,NMPC,-2.8993,8.6185,7.2468,9.422,0.0151,-2.903,8.6335,7.494,-0.0246
14.4566,NMPC,-2.9719,8.6178,7.2699,9.4228,0.0142,-2.963,8.6322,7.518,-0.0238
14.4655,NMPC,-3.0447,8.6171,7.2929,9.4242,0.0133,-3.053,8.6302,7.5538,-0.0224
14.4752,NMPC,-3.1177,8.6165,7.316,9.4257,0.0123,-3.113,8.6289,7.5776,-0.0208
14.4843,NMPC,-3.1177,8.6165,7.316,9.4257,0.0123,-3.113,8.6289,7.5776,-0.0208
14.4936,NMPC,-3.2645,8.6152,7.3621,9.4298,0.0105,-3.2629,8.6257,7.6368,-0.0168
14.5036,NMPC,-3.2645,8.6152,7.3621,9.4298,0.0105,-3.2629,8.6257,7.6368,-0.0168
14.5179,NMPC,-3.4122,8.6138,7.4103,9.4344,0.0086,-3.4129,8.6224,7.6955,-0.0121
14.528,NMPC,-3.4864,8.613,7.4343,9.437,0.0078,-3.4729,8.6211,7.7188,-0.0096
14.5382,NMPC,-3.5609,8.6122,7.4572,9.4394,0.007,-3.5629,8.6192,7.7537,-0.0071
14.5496,NMPC,-3.6356,8.6113,7.4812,9.4421,0.0062,-3.6228,8.6179,7.7769,-0.0045
14.5601,NMPC,-3.7105,8.6104,7.5041,9.4445,0.0055,-3.7128,8.6159,7.8115,-0.002
14.5711,NMPC,-3.7856,8.6094,7.5259,9.4471,0.0049,-3.7728,8.6146,7.8345,0.0006
14.5822,NMPC,-3.861,8.6083,7.5489,9.4496,0.0044,-3.8628,8.6126,7.8689,0.003
14.5918,NMPC,-3.9366,8.6071,7.572,9.4521,0.004,-3.9228,8.6113,7.8918,0.0056
14.6028,NMPC,-4.0124,8.6058,7.5951,9.4545,0.0036,-4.0128,8.6094,7.9259,0.0079
14.6139,NMPC,-4.0885,8.6043,7.6182,9.4569,0.0034,-4.1027,8.6074,7.9599,0.0104
14.625,NMPC,-4.1648,8.6028,7.6413,9.4591,0.0032,-4.1627,8.6061,7.9825,0.0126
14.6357,NMPC,-4.318,8.5994,7.6874,9.4633,0.0033,-4.3127,8.6029,8.0387,0.0168
14.6469,NMPC,-4.395,8.5977,7.7104,9.4642,0.0034,-4.4027,8.6009,8.0722,0.0176
14.6576,NMPC,-4.4722,8.5958,7.7335,9.4644,0.0036,-4.4626,8.5996,8.0944,0.0179
14.6681,NMPC,-4.5496,8.5939,7.7565,9.4639,0.0038,-4.5526,8.5976,8.1277,0.0173
14.6794,NMPC,-4.6273,8.592,7.7796,9.463,0.004,-4.6126,8.5963,8.1498,0.0165
14.69,NMPC,-4.7052,8.59,7.8037,9.4615,0.0043,-4.7026,8.5944,8.1829,0.015
14.7004,NMPC,-4.7833,8.588,7.8267,9.4598,0.0046,-4.7926,8.5924,8.2158,0.0133
14.7118,NMPC,-4.8616,8.586,7.8497,9.4577,0.0049,-4.8526,8.5911,8.2377,0.0111
14.7225,NMPC,-4.9402,8.584,7.8725,9.4555,0.0052,-4.9425,8.5892,8.2704,0.0089
14.733,NMPC,-5.019,8.582,7.8951,9.4529,0.0055,-5.0325,8.5872,8.303,0.0064
14.7445,NMPC,-5.0981,8.58,7.9159,9.4504,0.0057,-5.0925,8.5859,8.3247,0.0039
14.7549,NMPC,-5.2567,8.5762,7.9527,9.445,0.0061,-5.2425,8.5826,8.3785,-0.0015
14.7653,NMPC,-5.2567,8.5762,7.9527,9.445,0.0061,-5.2425,8.5826,8.3785,-0.0015
14.7764,NMPC,-5.416,8.5725,7.9824,9.4395,0.0063,-5.4224,8.5787,8.4427,-0.0071
14.787,NMPC,-5.4959,8.5708,7.9955,9.4366,0.0063,-5.4824,8.5774,8.464,-0.01
14.7973,NMPC,-5.5759,8.5692,8.0069,9.4338,0.0062,-5.5724,8.5755,8.4959,-0.0127
14.808,NMPC,-5.656,8.5677,8.016,9.431,0.0059,-5.6624,8.5735,8.5276,-0.0156
14.8181,NMPC,-5.7362,8.5663,8.0247,9.4284,0.0056,-5.7224,8.5722,8.5487,-0.0181
14.8282,NMPC,-5.8165,8.5649,8.0311,9.4264,0.0053,-5.8123,8.5702,8.5802,-0.0201
14.8385,NMPC,-5.8968,8.5635,8.0372,9.4254,0.0049,-5.9023,8.5683,8.6116,-0.0211
14.8486,NMPC,-5.9772,8.5622,8.042,9.425,0.0044,-5.9623,8.567,8.6325,-0.0216
14.8586,NMPC,-6.0576,8.561,8.0456,9.4253,0.0039,-6.0523,8.565,8.6637,-0.0213
14.8684,NMPC,-6.1381,8.5597,8.048,9.426,0.0034,-6.1423,8.5631,8.6637,-0.0206
14.8786,NMPC,-6.2185,8.5585,8.0493,9.4272,0.0029,-6.2322,8.5611,8.6325,-0.0193
14.8889,NMPC,-6.299,8.5574,8.0499,9.4287,0.0023,-6.2922,8.5598,8.6116,-0.0178
14.8991,NMPC,-6.3795,8.5562,8.0484,9.4307,0.0017,-6.3822,8.5578,8.5802,-0.0158
14.9091,NMPC,-6.46,8.5551,8.0454,9.4328,0.0011,-6.4722,8.5559,8.5487,-0.0138
14.919,NMPC,-6.5404,8.5539,8.0463,9.4352,0.0005,-6.5322,8.5546,8.5276,-0.0113
14.9285,NMPC,-6.6209,8.5527,8.0471,9.4377,0.0001,-6.6221,8.5526,8.4959,-0.0089
14.9381,NMPC,-6.7013,8.5515,8.0443,9.4405,0.0006,-6.7121,8.5507,8.464,-0.0061
14.9478,NMPC,-6.7817,8.5502,8.0381,9.4432,0.0011,-6.7721,8.5494,8.4427,-0.0033
14.9577,NMPC,-6.862,8.5489,8.0271,9.4463,0.0015,-6.8621,8.5474,8.4107,-0.0003
14.9683,NMPC,-6.9422,8.5476,8.0122,9.4492,0.0019,-6.9521,8.5454,8.3785,0.0027
14.9783,NMPC,-7.0223,8.5461,7.9961,9.4525,0.0022,-7.012,8.5441,8.357,0.0059
14.988,NMPC,-7.1021,8.5446,7.977,9.4557,0.0024,-7.102,8.5422,8.3247,0.0091
15.0,NMPC,-7.1818,8.5429,7.9555,9.4591,0.0025,-7.192,8.5402,8.2922,0.0126
15.0135,NMPC,-7.2612,8.5412,7.9341,9.4625,0.0024,-7.252,8.5389,8.2704,0.0159
15.0233,NMPC,-7.3404,8.5393,7.9106,9.4662,0.0023,-7.342,8.537,8.2377,0.0196
15.033,NMPC,-7.4193,8.5374,7.8855,9.4694,0.0021,-7.4319,8.535,8.2049,0.0228
15.0435,NMPC,-7.498,8.5354,7.8611,9.4715,0.0018,-7.4919,8.5337,8.1829,0.0249
15.0553,NMPC,-7.6547,8.5312,7.8079,9.4738,0.0011,-7.6419,8.5304,8.1277,0.0272
15.0647,NMPC,-7.6547,8.5312,7.8079,9.4738,0.0011,-7.6419,8.5304,8.1277,0.0272
15.0747,NMPC,-7.8103,8.5268,7.7544,9.4738,0.0001,-7.8219,8.5265,8.061,0.0272
15.0841,NMPC,-7.8103,8.5268,7.7544,9.4738,0.0001,-7.8219,8.5265,8.061,0.0272
15.0936,NMPC,-7.9647,8.5222,7.6987,9.472,0.0012,-7.9718,8.5233,8.005,0.0255
15.1028,NMPC,-7.9647,8.5222,7.6987,9.472,0.0012,-7.9718,8.5233,8.005,0.0255
15.1126,NMPC,-8.0415,8.5199,7.6662,9.4708,0.0019,-8.0318,8.522,7.9825,0.0242
15.1223,NMPC,-8.118,8.5175,7.6399,9.469,0.0026,-8.1218,8.52,7.9486,0.0224
15.1317,NMPC,-8.1942,8.5151,7.6059,9.4672,0.0033,-8.1818,8.5187,7.9259,0.0206
15.1415,NMPC,-8.2701,8.5127,7.5783,9.4649,0.004,-8.2717,8.5167,7.8918,0.0184
15.1515,NMPC,-8.3456,8.5104,7.5453,9.4627,0.0048,-8.3317,8.5154,7.8689,0.0161
15.1614,NMPC,-8.4209,8.508,7.5186,9.46,0.0055,-8.4217,8.5135,7.8345,0.0135
15.171,NMPC,-8.496,8.5057,7.4928,9.4574,0.0062,-8.4817,8.5122,7.8115,0.0109
15.1818,NMPC,-8.5707,8.5034,7.4653,9.4545,0.0069,-8.5717,8.5102,7.7769,0.0079
15.1917,NMPC,-8.6452,8.5011,7.4388,9.4516,0.0075,-8.6317,8.5089,7.7537,0.005
15.2014,NMPC,-8.7194,8.499,7.4108,9.4484,0.008,-8.7216,8.507,7.7188,0.0018
15.2113,NMPC,-8.7934,8.4969,7.3839,9.4452,0.0085,-8.7816,8.5057,7.6955,-0.0013
15.2214,NMPC,-8.867,8.4949,7.3555,9.4418,0.0089,-8.8716,8.5037,7.6603,-0.0047
15.2308,NMPC,-8.9404,8.493,7.3281,9.4385,0.0092,-8.9316,8.5024,7.6368,-0.0081
15.2413,NMPC,-9.0135,8.4912,7.2993,9.4349,0.0094,-9.0216,8.5004,7.6013,-0.0117
15.2511,NMPC,-9.0864,8.4895,7.2716,9.4314,0.0095,-9.0816,8.4991,7.5776,-0.0152
15.2609,NMPC,-9.1589,8.488,7.2426,9.4276,0.0095,-9.1715,8.4972,7.5419,-0.019
15.2708,NMPC,-9.2312,8.4866,7.2146,9.4239,0.0093,-9.2315,8.4959,7.518,-0.0226
15.281,NMPC,-9.3032,8.4853,7.1852,9.42,0.009,-9.2915,8.4946,7.494,-0.0265
15.2908,NMPC,-9.3749,8.4842,7.157,9.4166,0.0086,-9.3815,8.4926,7.4579,-0.0299
15.3006,NMPC,-9.4463,8.4831,7.1274,9.4143,0.0081,-9.4415,8.4913,7.4337,-0.0322
15.3106,NMPC,-9.5174,8.4822,7.0989,9.4126,0.0075,-9.5315,8.4893,7.3973,-0.0339
15.3212,NMPC,-9.5883,8.4813,7.069,9.4117,0.0069,-9.5914,8.488,7.3729,-0.0348
15.3305,NMPC,-9.6588,8.4805,7.0403,9.4113,0.0061,-9.6514,8.4867,7.3485,-0.0353
15.3403,NMPC,-9.7291,8.4797,7.0125,9.4115,0.0053,-9.7414,8.4848,7.3116,-0.0351
15.3501,NMPC,-9.799,8.4791,6.9831,9.4119,0.0044,-9.8014,8.4835,7.287,-0.0346
15.3595,NMPC,-9.8687,8.4785,6.9547,9.4129,0.0035,-9.8614,8.4822,7.2622,-0.0336
15.3691,NMPC,-9.9381,8.478,6.9247,9.4141,0.0025,-9.9514,8.4802,7.225,-0.0325
15.3797,NMPC,-10.0072,8.4775,6.8959,9.4157,0.0015,-10.0113,8.4789,7.2,-0.0309
15.3893,NMPC,-10.076,8.4771,6.8678,9.4173,0.0004,-10.0713,8.4776,7.175,-0.0292
15.3987,NMPC,-10.1446,8.4767,6.8381,9.4194,0.0007,-10.1313,8.4763,7.1498,-0.0272
15.4082,NMPC,-10.2128,8.4763,6.8094,9.4214,0.0018,-10.2213,8.4743,7.112,-0.0251
15.4188,NMPC,-10.2808,8.4759,6.7814,9.4239,0.0029,-10.2813,8.473,7.0866,-0.0227
15.4294,NMPC,-10.3484,8.4755,6.7516,9.4263,0.004,-10.3413,8.4717,7.0612,-0.0203
15.4392,NMPC,-10.4158,8.4751,6.7228,9.429,0.005,-10.4012,8.4704,7.0356,-0.0176
15.4497,NMPC,-10.4829,8.4747,6.6947,9.4316,0.006,-10.4912,8.4685,6.9971,-0.0149
15.4595,NMPC,-10.5497,8.4742,6.6671,9.4346,0.007,-10.5512,8.4672,6.9714,-0.012
15.4694,NMPC,-10.6162,8.4737,6.6376,9.4374,0.0079,-10.6112,8.4659,6.9455,-0.0092
15.4796,NMPC,-10.6824,8.4731,6.6089,9.4405,0.0088,-10.6712,8.4646,6.9195,-0.006
15.4894,NMPC,-10.7484,8.4724,6.5808,9.4435,0.0095,-10.7612,8.4626,6.8804,-0.003
15.4991,NMPC,-10.814,8.4717,6.5532,9.4468,0.0102,-10.8211,8.4613,6.8542,0.0003
15.514,NMPC,-10.8794,8.4708,6.5248,9.45,0.0108,-10.8811,8.46,6.8279,0.0034
15.5243,NMPC,-10.9445,8.4698,6.4957,9.4537,0.0112,-10.9411,8.4587,6.8015,0.0072
15.534,NMPC,-11.0738,8.4673,6.4391,9.4643,0.0115,-11.0611,8.4561,6.7483,0.0178
15.5435,NMPC,-11.0738,8.4673,6.4391,9.4643,0.0115,-11.0611,8.4561,6.7483,0.0178
15.5542,NMPC,-11.202,8.4639,6.3861,9.4778,0.0109,-11.2111,8.4528,6.6813,0.0313
15.5645,NMPC,-11.202,8.4639,6.3861,9.4778,0.0109,-11.2111,8.4528,6.6813,0.0313
15.5744,NMPC,-11.3291,8.4595,6.3298,9.4934,0.0093,-11.331,8.4502,6.6272,0.0469
15.5848,NMPC,-11.3291,8.4595,6.3298,9.4934,0.0093,-11.331,8.4502,6.6272,0.0469
15.5951,NMPC,-11.455,8.4539,6.2733,9.5127,0.0064,-11.451,8.4476,6.5727,0.0661
15.6045,NMPC,-11.455,8.4539,6.2733,9.5127,0.0064,-11.451,8.4476,6.5727,0.0661
15.6154,NMPC,-11.5797,8.4467,6.2174,9.5363,0.0019,-11.571,8.445,6.5177,0.0897
15.6257,NMPC,-11.5797,8.4467,6.2174,9.5363,0.0019,-11.571,8.445,6.5177,0.0897
15.6603,NMPC,-11.8252,8.4264,6.107,9.596,0.013,-11.8109,8.4398,6.4062,0.1495
15.6703,NMPC,-11.8858,8.4198,6.0877,9.6139,0.0183,-11.9009,8.4378,6.364,0.1673
15.6797,NMPC,-11.9462,8.4126,6.072,9.6321,0.0242,-11.9609,8.4365,6.3356,0.1856
15.6896,NMPC,-12.0063,8.4047,6.0594,9.6508,0.0309,-12.0209,8.4352,6.3071,0.2043
15.6994,NMPC,-12.0662,8.396,6.0491,9.6695,0.0382,-12.0808,8.4339,6.2785,0.223
15.7091,NMPC,-12.126,8.3865,6.0408,9.6884,0.0464,-12.1408,8.4326,6.2498,0.2418
15.7201,NMPC,-12.1854,8.3763,6.028,9.7071,0.0553,-12.2008,8.4313,6.2209,0.2606
15.7304,NMPC,-12.2446,8.3652,6.0147,9.7266,0.0651,-12.2608,8.43,6.1919,0.28
15.7406,NMPC,-12.3035,8.3532,6.0038,9.7474,0.0759,-12.2908,8.4293,6.1774,0.3009
15.7513,NMPC,-12.362,8.3401,5.9974,9.7703,0.0877,-12.3508,8.428,6.1482,0.3237
15.7618,NMPC,-12.4203,8.3258,5.9899,9.7953,0.1007,-12.4108,8.4267,6.1188,0.3488
15.7718,NMPC,-12.4781,8.3105,5.9871,9.8216,0.1147,-12.4708,8.4254,6.0893,0.3751
15.7825,NMPC,-12.5357,8.2939,5.9877,9.8494,0.13,-12.5307,8.4241,6.0597,0.4028
15.793,NMPC,-12.5928,8.2761,5.988,9.8789,0.1466,-12.5907,8.4228,6.0299,0.4322
15.8034,NMPC,-12.6496,8.257,5.9866,9.9094,0.1645,-12.6507,8.4215,6.0,0.4627
15.8135,NMPC,-12.7058,8.2365,5.9848,9.9413,0.1725,-12.739,8.4071,6.015,0.4471
15.824,NMPC,-12.7616,8.2147,5.9858,9.9737,0.1807,-12.7972,8.3924,6.0299,0.4284
15.834,NMPC,-12.8713,8.1667,5.9885,10.0419,0.1835,-12.9652,8.3306,6.0299,0.3352
15.8438,NMPC,-12.8713,8.1667,5.9885,10.0419,0.1835,-12.9652,8.3306,6.0299,0.3352
15.8541,NMPC,-12.9782,8.1128,5.9935,10.1139,0.1817,-13.0964,8.2588,6.0,0.2662
15.8649,NMPC,-12.9782,8.1128,5.9935,10.1139,0.1817,-13.0964,8.2588,6.0,0.2662
15.8746,NMPC,-13.082,8.0526,6.0008,10.188,0.1714,-13.1922,8.1866,6.015,0.2276
15.8844,NMPC,-13.082,8.0526,6.0008,10.188,0.1714,-13.1922,8.1866,6.015,0.2276
15.8942,NMPC,-13.1819,7.986,6.0096,10.2656,0.1479,-13.2987,8.0819,6.0448,0.1644
15.9037,NMPC,-13.1819,7.986,6.0096,10.2656,0.1479,-13.2987,8.0819,6.0448,0.1644
15.9136,NMPC,-13.2774,7.9129,6.0184,10.3457,0.119,-13.3917,7.9649,6.015,0.1036
15.9239,NMPC,-13.2774,7.9129,6.0184,10.3457,0.119,-13.3917,7.9649,6.015,0.1036
15.9333,NMPC,-13.3679,7.8335,6.0301,10.4265,0.0886,-13.438,7.8878,6.0299,0.0998
15.9422,NMPC,-13.3679,7.8335,6.0301,10.4265,0.0886,-13.438,7.8878,6.0299,0.0998
15.9527,NMPC,-13.4112,7.7915,6.0377,10.4657,0.0672,-13.4804,7.8087,6.0,0.0545
15.9629,NMPC,-13.4531,7.7479,6.0449,10.5042,0.0434,-13.5009,7.7523,6.0299,0.0366
15.9728,NMPC,-13.4936,7.7029,6.0537,10.5418,0.0255,-13.5111,7.7241,6.0299,0.046
15.9831,NMPC,-13.5325,7.6565,6.062,10.5788,0.004,-13.5315,7.6677,6.0,0.0267
15.9933,NMPC,-13.5698,7.6087,6.0707,10.6148,0.0208,-13.5468,7.61,6.0,0.0063
16.0036,NMPC,-13.6056,7.5597,6.0788,10.6493,0.0497,-13.5561,7.5507,6.0299,-0.0155
16.0179,NMPC,-13.6724,7.4578,6.0973,10.715,0.1015,-13.5741,7.4321,6.0,-0.0625
16.0284,NMPC,-13.7033,7.4053,6.1061,10.7454,0.1286,-13.573,7.4021,6.0,-0.0603
16.0382,NMPC,-13.7326,7.3516,6.1154,10.7746,0.1553,-13.5719,7.3721,6.015,-0.0593
16.0482,NMPC,-13.7603,7.2971,6.125,10.8023,0.1879,-13.5697,7.3122,6.0299,-0.088
16.0588,NMPC,-13.7864,7.2416,6.135,10.828,0.218,-13.5675,7.2522,6.0,-0.1185
16.0687,NMPC,-13.8108,7.1853,6.1444,10.8526,0.2446,-13.5653,7.2224,6.0,-0.1197
16.0789,NMPC,-13.8337,7.1282,6.1521,10.8757,0.279,-13.5553,7.1632,6.0299,-0.1354
16.0893,NMPC,-13.855,7.0705,6.1585,10.8971,0.3068,-13.5502,7.1336,6.0448,-0.1333
16.0994,NMPC,-13.8748,7.0121,6.1638,10.9177,0.3384,-13.5401,7.0745,6.0745,-0.1515
16.11,NMPC,-13.8932,6.9532,6.1681,10.937,0.3667,-13.5278,6.9854,6.1188,-0.1622
16.1208,NMPC,-13.9101,6.8939,6.1716,10.9548,0.3896,-13.5216,6.9257,6.1482,-0.1444
16.1313,NMPC,-13.9255,6.8342,6.174,10.9717,0.4112,-13.5154,6.866,6.1774,-0.1274
16.1413,NMPC,-13.9396,6.774,6.1759,10.9875,0.4314,-13.5092,6.8063,6.2064,-0.1117
16.1518,NMPC,-13.9525,6.7136,6.1768,11.0017,0.4504,-13.503,6.7467,6.2354,-0.0975
16.162,NMPC,-13.9641,6.653,6.177,11.015,0.4682,-13.4968,6.687,6.2642,-0.0842
16.1715,NMPC,-13.9744,6.5921,6.1736,11.0274,0.4848,-13.4906,6.6273,6.2929,-0.0717
16.1819,NMPC,-13.9835,6.5311,6.1663,11.0398,0.5002,-13.4875,6.5975,6.3071,-0.0593
16.1923,NMPC,-13.9916,6.47,6.1558,11.0516,0.5145,-13.4813,6.5378,6.3356,-0.0475
16.2025,NMPC,-13.9985,6.4089,6.1459,11.0625,0.5278,-13.4751,6.4781,6.364,-0.0366
16.2123,NMPC,-14.0044,6.3477,6.1363,11.0729,0.54,-13.4689,6.4184,6.3922,-0.0263
16.2224,NMPC,-14.0094,6.2866,6.1238,11.0822,0.5512,-13.4596,6.3289,6.3812,-0.0169
16.2329,NMPC,-14.0135,6.2256,6.1106,11.0902,0.5616,-13.4534,6.2692,6.3529,-0.0089
16.2431,NMPC,-14.0167,6.1646,6.0985,11.0973,0.5682,-13.4477,6.1795,6.3103,0.015
16.2533,NMPC,-14.0192,6.1037,6.0904,11.1034,0.5734,-13.4455,6.1195,6.2817,0.0397
16.2635,NMPC,-14.0208,6.0429,6.0824,11.1087,0.5776,-13.4433,6.0595,6.253,0.0638
16.2736,NMPC,-14.0217,5.9821,6.0776,11.1128,0.5808,-13.4412,5.9996,6.2241,0.078
16.2832,NMPC,-14.022,5.9213,6.0779,11.115,0.5831,-13.4392,5.9396,6.1951,0.0814
16.2928,NMPC,-14.0217,5.8606,6.0787,11.116,0.5848,-13.4373,5.8796,6.166,0.0835
16.3032,NMPC,-14.0209,5.7998,6.0811,11.1157,0.586,-13.4353,5.8197,6.1367,0.0842
16.3129,NMPC,-14.0196,5.7389,6.084,11.1145,0.5868,-13.4331,5.7597,6.1073,0.0831
16.3231,NMPC,-14.0179,5.6781,6.0873,11.1122,0.5873,-13.431,5.6998,6.0778,0.0807
16.333,NMPC,-14.0158,5.6173,6.0912,11.1082,0.5849,-13.43,5.5799,6.0481,0.0923
16.343,NMPC,-14.0135,5.5564,6.0958,11.1032,0.5807,-13.433,5.5199,6.0448,0.1111
16.3528,NMPC,-14.011,5.4954,6.1006,11.0972,0.566,-13.4573,5.3425,6.0299,0.2003
16.363,NMPC,-14.0082,5.4345,6.1057,11.0907,0.5514,-13.4727,5.2845,6.0597,0.2367
16.3726,NMPC,-14.0054,5.3735,6.1105,11.0835,0.5356,-13.488,5.2265,6.0893,0.2723
16.382,NMPC,-14.0024,5.3124,6.1142,11.076,0.5208,-13.4943,5.1972,6.1041,0.2717
16.3916,NMPC,-13.9994,5.2513,6.1171,11.0681,0.5062,-13.5,5.1678,6.1188,0.2638
16.401,NMPC,-13.9965,5.1902,6.1193,11.0602,0.4917,-13.5114,5.1089,6.1482,0.2559
16.4104,NMPC,-13.9935,5.1291,6.1212,11.0521,0.4772,-13.5228,5.0499,6.1774,0.2478
16.4203,NMPC,-13.9907,5.0679,6.1224,11.044,0.4627,-13.5342,4.991,6.2064,0.2397
16.4298,NMPC,-13.9879,5.0068,6.1229,11.0357,0.4484,-13.5456,4.9321,6.2354,0.2315
16.4395,NMPC,-13.9853,4.9456,6.1215,11.0277,0.4342,-13.557,4.8732,6.2642,0.2234
16.4491,NMPC,-13.9829,4.8844,6.1169,11.0194,0.4202,-13.5685,4.8143,6.2929,0.2151
16.4585,NMPC,-13.9807,4.8234,6.1108,11.0113,0.4064,-13.5799,4.7554,6.3214,0.207
16.4679,NMPC,-13.9787,4.7623,6.1033,11.0031,0.3929,-13.5913,4.6965,6.3498,0.1988
16.4775,NMPC,-13.9769,4.7013,6.0981,10.9953,0.3796,-13.6027,4.6376,6.3781,0.191
16.4871,NMPC,-13.9754,4.6404,6.0979,10.9887,0.3664,-13.6141,4.5787,6.364,0.1844
16.4969,NMPC,-13.974,4.5794,6.0951,10.9827,0.3535,-13.6255,4.5198,6.3356,0.1784
16.5063,NMPC,-13.9728,4.5185,6.0919,10.9775,0.3407,-13.6369,4.4609,6.3071,0.1732
16.5194,NMPC,-13.9719,4.4576,6.0922,10.9727,0.3283,-13.6483,4.402,6.2785,0.1684
16.5299,NMPC,-13.9712,4.3967,6.0926,10.9686,0.316,-13.6597,4.3431,6.2498,0.1643
16.5395,NMPC,-13.9708,4.3357,6.0931,10.9647,0.304,-13.6711,4.2842,6.2209,0.1604
16.5492,NMPC,-13.9705,4.2748,6.0945,10.9614,0.2922,-13.6825,4.2253,6.1919,0.1571
16.5592,NMPC,-13.9706,4.2139,6.0952,10.9582,0.2806,-13.694,4.1664,6.1628,0.1539
16.5939,NMPC,-13.9727,3.97,6.0975,10.9494,0.2363,-13.7396,3.9307,6.0448,0.1452
16.6029,NMPC,-13.9727,3.97,6.0975,10.9494,0.2363,-13.7396,3.9307,6.0448,0.1452
16.6126,NMPC,-13.9736,3.9091,6.0954,10.9491,0.2256,-13.751,3.8718,6.015,0.1448
16.6224,NMPC,-13.9746,3.8481,6.0937,10.9495,0.2079,-13.7757,3.7855,6.0299,0.1788
16.632,NMPC,-13.9757,3.7872,6.0923,10.9503,0.1901,-13.7946,3.7285,6.0299,0.213
16.6416,NMPC,-13.9769,3.7263,6.0927,10.9517,0.1723,-13.8135,3.6716,6.0,0.2478
16.6511,NMPC,-13.9782,3.6654,6.0953,10.9532,0.1459,-13.8501,3.5896,6.0299,0.2933
16.6607,NMPC,-13.9796,3.6044,6.0978,10.9552,0.1236,-13.8633,3.5626,6.0448,0.3092
16.67,NMPC,-13.981,3.5434,6.1008,10.9573,0.0977,-13.8897,3.5087,6.015,0.3391
16.6799,NMPC,-13.9825,3.4824,6.105,10.9597,0.074,-13.9141,3.4541,6.0,0.3573
16.6898,NMPC,-13.984,3.4214,6.1095,10.9621,0.0592,-13.9301,3.3962,6.0299,0.3262
16.6998,NMPC,-13.9854,3.3603,6.1143,10.9647,0.0442,-13.9461,3.3384,6.0299,0.2954
16.7095,NMPC,-13.9869,3.2991,6.1203,10.9673,0.029,-13.9621,3.2806,6.0,0.2645
16.7194,NMPC,-13.9884,3.2379,6.1257,10.97,0.0182,-13.9659,3.2511,6.0,0.2437
16.7293,NMPC,-13.9898,3.1766,6.1314,10.9726,0.0238,-13.9685,3.1611,6.0448,0.1617
16.7394,NMPC,-13.9912,3.1153,6.1375,10.9753,0.0226,-13.9702,3.1011,6.015,0.1081
16.7494,NMPC,-13.9925,3.0539,6.1443,10.9779,0.0242,-13.9692,3.0412,6.015,0.0627
16.7595,NMPC,-13.9938,2.9924,6.1515,10.9806,0.0302,-13.964,2.9814,6.0448,0.0308
16.7696,NMPC,-13.995,2.9309,6.1589,10.9831,0.0363,-13.9588,2.9217,6.0745,-0.0013
16.7798,NMPC,-13.9961,2.8693,6.1654,10.9861,0.0423,-13.9536,2.8619,6.1041,-0.033
16.7907,NMPC,-13.997,2.8076,6.1713,10.99,0.0448,-13.952,2.8019,6.1335,-0.03
16.8014,NMPC,-13.9978,2.7459,6.1759,10.9944,0.0471,-13.9505,2.7419,6.1628,-0.0256
16.8118,NMPC,-13.9983,2.6841,6.1793,10.9996,0.0492,-13.9491,2.682,6.1919,-0.0204
16.822,NMPC,-13.9987,2.6223,6.1821,11.005,0.0511,-13.9476,2.622,6.2209,-0.015
16.8328,NMPC,-13.9989,2.5605,6.1837,11.011,0.0528,-13.9461,2.562,6.2498,-0.009
16.8435,NMPC,-13.9989,2.4986,6.1843,11.0171,0.0543,-13.9447,2.502,6.2785,-0.0029
16.8544,NMPC,-13.998,2.375,6.1796,11.0321,0.0564,-13.9418,2.382,6.3356,0.0122
16.8645,NMPC,-13.998,2.375,6.1796,11.0321,0.0564,-13.9418,2.382,6.3356,0.0122
16.8746,NMPC,-13.9958,2.2516,6.1625,11.0511,0.0572,-13.9388,2.2621,6.3922,0.0311
16.8845,NMPC,-13.9958,2.2516,6.1625,11.0511,0.0572,-13.9388,2.2621,6.3922,0.0311
16.8952,NMPC,-13.992,2.1286,6.1377,11.0733,0.0564,-13.9359,2.1421,6.4483,0.0533
16.9051,NMPC,-13.992,2.1286,6.1377,11.0733,0.0564,-13.9359,2.1421,6.4483,0.0533
16.9155,NMPC,-13.9863,2.0063,6.105,11.1011,0.0537,-13.933,2.0222,6.4622,0.0811
16.9252,NMPC,-13.9863,2.0063,6.105,11.1011,0.0537,-13.933,2.0222,6.4622,0.0811
16.9368,NMPC,-13.9783,1.8849,6.0703,11.1332,0.0487,-13.9293,1.8722,6.3922,0.1133
16.9473,NMPC,-13.9734,1.8244,6.0609,11.1508,0.0453,-13.9278,1.8122,6.364,0.1308
16.9575,NMPC,-13.9678,1.7641,6.0533,11.1696,0.0411,-13.9264,1.7522,6.3356,0.1496
16.9686,NMPC,-13.9613,1.704,6.0431,11.1893,0.0361,-13.9249,1.6922,6.3071,0.1694
16.9793,NMPC,-13.9541,1.644,6.0348,11.21,0.0304,-13.9234,1.6323,6.2785,0.1901
16.9898,NMPC,-13.9461,1.5842,6.0313,11.2311,0.0238,-13.922,1.5723,6.2498,0.2111
17.0003,NMPC,-13.9372,1.5246,6.0284,11.2529,0.0164,-13.9205,1.5123,6.2209,0.2329
17.0143,NMPC,-13.9162,1.4059,6.0261,11.3013,0.0017,-13.9176,1.3923,6.1628,0.2813
17.0242,NMPC,-13.9162,1.4059,6.0261,11.3013,0.0017,-13.9176,1.3923,6.1628,0.2813
17.035,NMPC,-13.8907,1.2881,6.027,11.3547,0.0243,-13.9154,1.3024,6.1188,0.3347
17.0442,NMPC,-13.8907,1.2881,6.027,11.3547,0.0243,-13.9154,1.3024,6.1188,0.3347
17.0543,NMPC,-13.8605,1.1714,6.0292,11.4114,0.0517,-13.9125,1.1824,6.0597,0.3914
17.0643,NMPC,-13.8605,1.1714,6.0292,11.4114,0.0517,-13.9125,1.1824,6.0597,0.3914
17.0747,NMPC,-13.825,1.0561,6.0299,11.473,0.0843,-13.9095,1.0624,6.0,0.453
17.0839,NMPC,-13.825,1.0561,6.0299,11.473,0.0843,-13.9095,1.0624,6.0,0.453
17.0949,NMPC,-13.7841,0.9427,6.0312,11.5379,0.1015,-13.883,0.9151,6.0299,0.4257
17.1046,NMPC,-13.7841,0.9427,6.0312,11.5379,0.1015,-13.883,0.9151,6.0299,0.4257
17.115,NMPC,-13.7374,0.8315,6.0294,11.6051,0.1104,-13.8368,0.7734,6.0299,0.3688
17.1245,NMPC,-13.7374,0.8315,6.0294,11.6051,0.1104,-13.8368,0.7734,6.0299,0.3688
17.1346,NMPC,-13.6849,0.723,6.0297,11.6737,0.1161,-13.787,0.6642,6.0,0.3246
17.1446,NMPC,-13.6849,0.723,6.0297,11.6737,0.1161,-13.787,0.6642,6.0,0.3246
17.1545,NMPC,-13.6262,0.6176,6.0335,11.7443,0.1061,-13.7189,0.5656,6.0299,0.2825
17.1638,NMPC,-13.6262,0.6176,6.0335,11.7443,0.1061,-13.7189,0.5656,6.0299,0.2825
17.174,NMPC,-13.5612,0.5158,6.0436,11.8168,0.0885,-13.6236,0.4506,6.015,0.2142
17.183,NMPC,-13.5612,0.5158,6.0436,11.8168,0.0885,-13.6236,0.4506,6.015,0.2142
17.1929,NMPC,-13.5264,0.4664,6.0506,11.853,0.0775,-13.5801,0.4093,6.0299,0.1939
17.2031,NMPC,-13.49,0.418,6.0573,11.8886,0.0679,-13.5365,0.3681,6.0,0.1732
17.2135,NMPC,-13.452,0.3708,6.0659,11.9236,0.0542,-13.4893,0.3314,6.0,0.1519
17.2239,NMPC,-13.4126,0.3246,6.0741,11.9575,0.0363,-13.4387,0.2993,6.0299,0.1294
17.2342,NMPC,-13.3293,0.2359,6.0931,12.023,0.0044,-13.3369,0.236,6.0,0.0822
17.2698,NMPC,-13.1941,0.1125,6.1127,12.1161,0.0628,-13.1693,0.1703,6.0,0.0063
17.2797,NMPC,-13.1466,0.0741,6.1167,12.1457,0.0818,-13.1407,0.1614,6.0,0.0077
17.2894,NMPC,-13.0978,0.0371,6.1205,12.1747,0.1116,-13.0817,0.1506,6.0299,-0.0197
17.2994,NMPC,-13.048,0.0015,6.1242,12.2034,0.1393,-13.0227,0.1398,6.0597,-0.0473
17.3092,NMPC,-12.9971,-0.0326,6.1276,12.2318,0.1647,-12.9637,0.129,6.0893,-0.0753
17.3191,NMPC,-12.9452,-0.0652,6.1294,12.2601,0.1873,-12.934,0.1249,6.1041,-0.0669
17.3294,NMPC,-12.8924,-0.0962,6.124,12.2884,0.2139,-12.8743,0.1187,6.1335,-0.0651
17.3395,NMPC,-12.8388,-0.1258,6.1177,12.3162,0.2388,-12.8146,0.1126,6.1628,-0.0637
17.3496,NMPC,-12.7845,-0.1538,6.1148,12.344,0.2617,-12.7549,0.1065,6.1919,-0.0623
17.3599,NMPC,-12.7293,-0.1803,6.1152,12.371,0.2797,-12.6956,0.0976,6.2209,-0.0389
17.3696,NMPC,-12.6735,-0.2052,6.1167,12.3976,0.2956,-12.6363,0.0882,6.2498,-0.0124
17.3792,NMPC,-12.617,-0.2286,6.1181,12.423,0.3099,-12.5771,0.0789,6.2785,0.0131
17.3895,NMPC,-12.5598,-0.2505,6.12,12.447,0.3226,-12.5178,0.0695,6.2642,0.037
17.4001,NMPC,-12.5021,-0.2708,6.1221,12.47,0.3338,-12.4585,0.0602,6.2354,0.06
17.4102,NMPC,-12.4439,-0.2897,6.1247,12.4919,0.3434,-12.3993,0.0509,6.2064,0.0819
17.4194,NMPC,-12.3851,-0.3071,6.1279,12.5132,0.3514,-12.34,0.0415,6.1774,0.1032
17.4296,NMPC,-12.3259,-0.3231,6.1318,12.5332,0.358,-12.2807,0.0322,6.1482,0.1232
17.4395,NMPC,-12.2664,-0.3377,6.1364,12.5516,0.3631,-12.2215,0.0228,6.1188,0.1417
17.4493,NMPC,-12.2064,-0.3509,6.1413,12.569,0.3668,-12.1622,0.0135,6.0893,0.159
17.4592,NMPC,-12.1461,-0.3628,6.1452,12.585,0.3694,-12.1029,0.0043,6.0597,0.174
17.4691,NMPC,-12.0856,-0.3734,6.148,12.5993,0.3707,-12.0436,-0.0048,6.0299,0.1872
17.4789,NMPC,-12.0248,-0.3829,6.1495,12.6126,0.3707,-11.9547,-0.0186,6.0,0.1988
17.4886,NMPC,-11.9639,-0.3911,6.1498,12.6246,0.3696,-11.9547,-0.0186,6.0,0.2108
17.4986,NMPC,-11.9029,-0.3983,6.1463,12.635,0.3757,-11.9248,-0.0166,6.0,0.1971
17.5117,NMPC,-11.8417,-0.4044,6.1388,12.6448,0.3905,-11.8651,-0.0111,6.0299,0.1527
17.522,NMPC,-11.7806,-0.4096,6.1293,12.6539,0.4033,-11.8053,-0.0056,6.0597,0.1075
17.532,NMPC,-11.7195,-0.4137,6.1191,12.6627,0.4142,-11.7456,-0.0001,6.0893,0.0637
17.5419,NMPC,-11.6584,-0.4169,6.1092,12.6708,0.4222,-11.7158,0.0033,6.1041,0.0647
17.5515,NMPC,-11.5975,-0.4193,6.0968,12.6777,0.432,-11.6561,0.0101,6.1335,0.0575
17.5615,NMPC,-11.5366,-0.4209,6.0849,12.6839,0.4409,-11.5965,0.0169,6.1628,0.0497
17.5712,NMPC,-11.4758,-0.4218,6.0774,12.6891,0.4487,-11.507,0.0259,6.2064,0.0426
17.5807,NMPC,-11.415,-0.4219,6.0743,12.6937,0.4537,-11.4472,0.0307,6.2354,0.0472
17.5904,NMPC,-11.3543,-0.4213,6.0737,12.697,0.458,-11.3874,0.0355,6.2642,0.0505
17.6012,NMPC,-11.2936,-0.4202,6.0719,12.6986,0.4618,-11.3276,0.0403,6.2785,0.0521
17.6112,NMPC,-11.2329,-0.4186,6.0658,12.6992,0.465,-11.2678,0.0451,6.2498,0.0528
17.6211,NMPC,-11.1723,-0.4165,6.0563,12.6989,0.4678,-11.208,0.0499,6.2209,0.0524
17.6316,NMPC,-11.1119,-0.4139,6.0468,12.6982,0.47,-11.1482,0.0547,6.1919,0.0517
17.6418,NMPC,-11.0515,-0.411,6.0405,12.6967,0.4719,-11.0883,0.0595,6.1628,0.0502
17.6522,NMPC,-10.9912,-0.4076,6.0394,12.6949,0.4734,-11.0285,0.0643,6.1335,0.0484
17.6629,NMPC,-10.9309,-0.404,6.0402,12.6921,0.4746,-10.9687,0.0691,6.1041,0.0457
17.6735,NMPC,-10.8706,-0.4002,6.042,12.688,0.4754,-10.9089,0.0736,6.0745,0.0432
17.6834,NMPC,-10.8103,-0.3962,6.0446,12.6831,0.4753,-10.849,0.0776,6.0448,0.0429
17.6962,NMPC,-10.75,-0.3921,6.0465,12.6772,0.4752,-10.7892,0.0815,6.015,0.0416
17.7059,NMPC,-10.6293,-0.3836,6.0483,12.664,0.4546,-10.5801,0.0704,6.0597,0.1112
17.7158,NMPC,-10.569,-0.3793,6.0479,12.6569,0.4454,-10.5204,0.0644,6.0893,0.1344
17.7262,NMPC,-10.5087,-0.375,6.0451,12.6494,0.4385,-10.4904,0.063,6.0745,0.1268
17.736,NMPC,-10.4484,-0.3708,6.0456,12.6418,0.4316,-10.4305,0.0604,6.0448,0.1193
17.7459,NMPC,-10.3881,-0.3668,6.0472,12.634,0.4249,-10.3705,0.0578,6.015,0.1115
17.7565,NMPC,-10.3277,-0.3627,6.0531,12.6266,0.4033,-10.2237,0.0307,6.0448,0.1849
17.7676,NMPC,-10.2673,-0.3588,6.0582,12.6203,0.3867,-10.1655,0.0161,6.0745,0.2257
17.7784,NMPC,-10.2068,-0.355,6.0621,12.6144,0.3693,-10.1073,0.0016,6.1041,0.2542
17.7893,NMPC,-10.1463,-0.3512,6.0653,12.6094,0.3515,-10.049,-0.0127,6.1335,0.2549
17.7996,NMPC,-10.0857,-0.3476,6.0676,12.6047,0.3344,-10.0198,-0.0198,6.1482,0.2531
17.8096,NMPC,-10.0251,-0.3442,6.0725,12.6006,0.3166,-9.9615,-0.034,6.1188,0.2548
17.8194,NMPC,-9.9644,-0.3409,6.0772,12.5967,0.2994,-9.9032,-0.0478,6.0893,0.2544
17.8298,NMPC,-9.9037,-0.3378,6.0827,12.5933,0.2828,-9.8447,-0.0612,6.0597,0.251
17.8396,NMPC,-9.8429,-0.3348,6.089,12.59,0.2664,-9.7862,-0.0745,6.0299,0.2477
17.8494,NMPC,-9.7821,-0.332,6.096,12.5875,0.2506,-9.7276,-0.0874,6.0,0.2431
17.8597,NMPC,-9.7211,-0.3292,6.1027,12.5861,0.2387,-9.6977,-0.0902,6.015,0.2253
17.8697,NMPC,-9.6601,-0.3265,6.11,12.5855,0.2309,-9.638,-0.096,6.0448,0.1917
17.8799,NMPC,-9.5991,-0.324,6.1187,12.5857,0.2229,-9.5783,-0.1017,6.0745,0.1589
17.8898,NMPC,-9.5379,-0.3214,6.128,12.5863,0.2148,-9.5186,-0.1075,6.1041,0.1314
17.8998,NMPC,-9.4766,-0.319,6.1379,12.5876,0.2068,-9.4588,-0.1129,6.1335,0.1292
17.91,NMPC,-9.4152,-0.3166,6.1483,12.5891,0.1989,-9.399,-0.1183,6.1335,0.1272
17.9203,NMPC,-9.3537,-0.3142,6.1581,12.591,0.1909,-9.3393,-0.1238,6.1041,0.1256
17.9315,NMPC,-9.2921,-0.3119,6.1685,12.593,0.1826,-9.2796,-0.1296,6.0745,0.1268
17.9418,NMPC,-9.2304,-0.3096,6.1795,12.5954,0.1741,-9.2199,-0.1356,6.0448,0.1291
17.9521,NMPC,-9.1686,-0.3073,6.1909,12.5977,0.1657,-9.1602,-0.1416,6.015,0.1314
17.9629,NMPC,-9.1067,-0.3049,6.2024,12.6002,0.1594,-9.1004,-0.1455,6.015,0.1257
17.973,NMPC,-9.0447,-0.3026,6.214,12.6027,0.1562,-9.0404,-0.1463,6.0448,0.1083
17.9831,NMPC,-8.9825,-0.3002,6.2264,12.6053,0.153,-8.9804,-0.1471,6.0745,0.0911
17.9931,NMPC,-8.9202,-0.2977,6.2388,12.6076,0.1497,-8.9204,-0.1479,6.1041,0.0737
18.003,NMPC,-8.8578,-0.2953,6.2511,12.6094,0.1453,-8.8604,-0.1499,6.1335,0.0755
18.0165,NMPC,-8.7327,-0.2905,6.2758,12.6107,0.1364,-8.7405,-0.1538,6.1919,0.0767
18.0267,NMPC,-8.6699,-0.288,6.288,12.6103,0.1319,-8.6805,-0.1557,6.2209,0.0764
18.0363,NMPC,-8.607,-0.2856,6.3007,12.6097,0.1275,-8.5906,-0.1586,6.2642,0.0758
18.046,NMPC,-8.544,-0.2832,6.3133,12.6086,0.123,-8.5306,-0.1606,6.2929,0.0747
18.0557,NMPC,-8.4808,-0.2808,6.3259,12.6073,0.1186,-8.4706,-0.1625,6.3214,0.0734
18.0654,NMPC,-8.4808,-0.2808,6.3259,12.6073,0.1186,-8.4706,-0.1625,6.3214,0.0734
18.0755,NMPC,-8.3541,-0.2761,6.3517,12.604,0.1098,-8.3507,-0.1664,6.3781,0.07
18.0849,NMPC,-8.3541,-0.2761,6.3517,12.604,0.1098,-8.3507,-0.1664,6.3781,0.07
18.0943,NMPC,-8.2269,-0.2715,6.3804,12.6,0.1011,-8.2307,-0.1703,6.4343,0.066
18.1087,NMPC,-8.2269,-0.2715,6.3804,12.6,0.1011,-8.2307,-0.1703,6.4343,0.066
18.1186,NMPC,-8.0991,-0.2671,6.4078,12.5956,0.0925,-8.1108,-0.1742,6.49,0.0617
18.1288,NMPC,-8.035,-0.265,6.4215,12.5933,0.0884,-8.0208,-0.1771,6.5315,0.0594
18.1385,NMPC,-7.9707,-0.263,6.4345,12.5911,0.0842,-7.9609,-0.179,6.559,0.0572
18.1479,NMPC,-7.9063,-0.261,6.4458,12.5888,0.0802,-7.9009,-0.181,6.5863,0.0548
18.1576,NMPC,-7.8419,-0.2591,6.4566,12.5866,0.0762,-7.8409,-0.1829,6.6136,0.0526
18.1681,NMPC,-7.7773,-0.2573,6.4669,12.5842,0.0723,-7.781,-0.1849,6.6408,0.0502
18.1779,NMPC,-7.7126,-0.2556,6.4748,12.582,0.0684,-7.721,-0.1868,6.6678,0.048
18.1876,NMPC,-7.6478,-0.2539,6.4814,12.5795,0.0647,-7.6311,-0.1897,6.7082,0.0456
18.1947,NMPC,-7.583,-0.2524,6.4867,12.5773,0.0611,-7.5711,-0.1917,6.735,0.0433
